dataset,classes_subset,seed,cache_n,sample_index,test_index,real_label,task_model_prediction
AG,"[0, 1, 2, 3]",0,40,0,1599,0,0
AG,"[0, 1, 2, 3]",0,40,1,4205,2,3
AG,"[0, 1, 2, 3]",0,40,2,6897,1,2
AG,"[0, 1, 2, 3]",0,40,3,2134,0,0
AG,"[0, 1, 2, 3]",0,40,4,1866,0,3
AG,"[0, 1, 2, 3]",0,40,5,6041,0,0
AG,"[0, 1, 2, 3]",0,40,6,2267,1,3
AG,"[0, 1, 2, 3]",0,40,7,1073,3,2
AG,"[0, 1, 2, 3]",0,40,8,2471,1,1
AG,"[0, 1, 2, 3]",0,40,9,626,0,1
AG,"[0, 1, 2, 3]",0,40,10,4138,2,3
AG,"[0, 1, 2, 3]",0,40,11,2545,2,2
AG,"[0, 1, 2, 3]",0,40,12,3403,2,2
AG,"[0, 1, 2, 3]",0,40,13,1479,0,0
AG,"[0, 1, 2, 3]",0,40,14,220,1,1
AG,"[0, 1, 2, 3]",0,40,15,2738,0,1
AG,"[0, 1, 2, 3]",0,40,16,6440,3,3
AG,"[0, 1, 2, 3]",0,40,17,0,2,2
AG,"[0, 1, 2, 3]",0,40,18,5357,3,0
AG,"[0, 1, 2, 3]",0,40,19,1730,2,2
AG,"[0, 1, 2, 3]",1,40,0,3833,0,0
AG,"[0, 1, 2, 3]",1,40,1,896,0,1
AG,"[0, 1, 2, 3]",1,40,2,582,2,3
AG,"[0, 1, 2, 3]",1,40,3,3505,0,0
AG,"[0, 1, 2, 3]",1,40,4,412,0,0
AG,"[0, 1, 2, 3]",1,40,5,7475,1,1
AG,"[0, 1, 2, 3]",1,40,6,70,3,3
AG,"[0, 1, 2, 3]",1,40,7,6210,0,2
AG,"[0, 1, 2, 3]",1,40,8,912,3,1
AG,"[0, 1, 2, 3]",1,40,9,3899,0,1
AG,"[0, 1, 2, 3]",1,40,10,1813,0,0
AG,"[0, 1, 2, 3]",1,40,11,3837,1,1
AG,"[0, 1, 2, 3]",1,40,12,232,2,2
AG,"[0, 1, 2, 3]",1,40,13,5996,2,2
AG,"[0, 1, 2, 3]",1,40,14,6842,3,0
AG,"[0, 1, 2, 3]",1,40,15,4832,2,2
AG,"[0, 1, 2, 3]",1,40,16,4232,3,3
AG,"[0, 1, 2, 3]",1,40,17,3685,0,2
AG,"[0, 1, 2, 3]",1,40,18,5367,3,2
AG,"[0, 1, 2, 3]",1,40,19,3805,0,1
AG,"[0, 1, 2, 3]",2,40,0,6758,3,3
AG,"[0, 1, 2, 3]",2,40,1,1976,0,1
AG,"[0, 1, 2, 3]",2,40,2,1884,3,2
AG,"[0, 1, 2, 3]",2,40,3,7329,2,3
AG,"[0, 1, 2, 3]",2,40,4,2387,3,3
AG,"[0, 1, 2, 3]",2,40,5,5897,0,0
AG,"[0, 1, 2, 3]",2,40,6,1290,0,0
AG,"[0, 1, 2, 3]",2,40,7,1902,1,0
AG,"[0, 1, 2, 3]",2,40,8,425,0,0
AG,"[0, 1, 2, 3]",2,40,9,1891,0,2
AG,"[0, 1, 2, 3]",2,40,10,6827,2,2
AG,"[0, 1, 2, 3]",2,40,11,7130,2,2
AG,"[0, 1, 2, 3]",2,40,12,2417,3,3
AG,"[0, 1, 2, 3]",2,40,13,1525,0,0
AG,"[0, 1, 2, 3]",2,40,14,2423,3,0
AG,"[0, 1, 2, 3]",2,40,15,6505,1,1
AG,"[0, 1, 2, 3]",2,40,16,5020,2,3
AG,"[0, 1, 2, 3]",2,40,17,1426,3,3
AG,"[0, 1, 2, 3]",2,40,18,3081,0,2
AG,"[0, 1, 2, 3]",2,40,19,2591,0,1
AG,"[0, 1, 2, 3]",3,40,0,2356,2,2
AG,"[0, 1, 2, 3]",3,40,1,7409,3,3
AG,"[0, 1, 2, 3]",3,40,2,4691,2,3
AG,"[0, 1, 2, 3]",3,40,3,6185,2,1
AG,"[0, 1, 2, 3]",3,40,4,2053,0,2
AG,"[0, 1, 2, 3]",3,40,5,3627,0,3
AG,"[0, 1, 2, 3]",3,40,6,4369,3,0
AG,"[0, 1, 2, 3]",3,40,7,5152,3,0
AG,"[0, 1, 2, 3]",3,40,8,665,1,1
AG,"[0, 1, 2, 3]",3,40,9,3193,2,3
AG,"[0, 1, 2, 3]",3,40,10,6398,2,0
AG,"[0, 1, 2, 3]",3,40,11,2577,3,2
AG,"[0, 1, 2, 3]",3,40,12,1926,2,1
AG,"[0, 1, 2, 3]",3,40,13,5941,0,1
AG,"[0, 1, 2, 3]",3,40,14,6241,2,2
AG,"[0, 1, 2, 3]",3,40,15,835,2,3
AG,"[0, 1, 2, 3]",3,40,16,1453,0,0
AG,"[0, 1, 2, 3]",3,40,17,7435,1,1
AG,"[0, 1, 2, 3]",3,40,18,2942,1,1
AG,"[0, 1, 2, 3]",3,40,19,3728,2,3
AG,"[0, 1, 2, 3]",4,40,0,3597,1,1
AG,"[0, 1, 2, 3]",4,40,1,54,2,2
AG,"[0, 1, 2, 3]",4,40,2,317,2,3
AG,"[0, 1, 2, 3]",4,40,3,4625,1,3
AG,"[0, 1, 2, 3]",4,40,4,20,3,3
AG,"[0, 1, 2, 3]",4,40,5,51,1,1
AG,"[0, 1, 2, 3]",4,40,6,687,2,0
AG,"[0, 1, 2, 3]",4,40,7,6920,2,3
AG,"[0, 1, 2, 3]",4,40,8,5708,2,2
AG,"[0, 1, 2, 3]",4,40,9,1617,0,1
AG,"[0, 1, 2, 3]",4,40,10,2794,1,0
AG,"[0, 1, 2, 3]",4,40,11,178,3,3
AG,"[0, 1, 2, 3]",4,40,12,5941,0,1
AG,"[0, 1, 2, 3]",4,40,13,3616,2,0
AG,"[0, 1, 2, 3]",4,40,14,4029,0,1
AG,"[0, 1, 2, 3]",4,40,15,3144,2,3
AG,"[0, 1, 2, 3]",4,40,16,3876,0,0
AG,"[0, 1, 2, 3]",4,40,17,3172,0,3
AG,"[0, 1, 2, 3]",4,40,18,2710,3,2
AG,"[0, 1, 2, 3]",4,40,19,5019,2,2
AG,"[0, 1, 2, 3]",5,40,0,2489,2,0
AG,"[0, 1, 2, 3]",5,40,1,6493,2,3
AG,"[0, 1, 2, 3]",5,40,2,3054,0,0
AG,"[0, 1, 2, 3]",5,40,3,659,3,0
AG,"[0, 1, 2, 3]",5,40,4,5232,2,2
AG,"[0, 1, 2, 3]",5,40,5,7318,2,2
AG,"[0, 1, 2, 3]",5,40,6,6825,1,1
AG,"[0, 1, 2, 3]",5,40,7,6591,2,2
AG,"[0, 1, 2, 3]",5,40,8,6643,0,0
AG,"[0, 1, 2, 3]",5,40,9,2581,2,0
AG,"[0, 1, 2, 3]",5,40,10,7077,0,1
AG,"[0, 1, 2, 3]",5,40,11,7228,2,0
AG,"[0, 1, 2, 3]",5,40,12,2262,3,3
AG,"[0, 1, 2, 3]",5,40,13,1315,3,3
AG,"[0, 1, 2, 3]",5,40,14,835,2,3
AG,"[0, 1, 2, 3]",5,40,15,4733,1,1
AG,"[0, 1, 2, 3]",5,40,16,5902,3,2
AG,"[0, 1, 2, 3]",5,40,17,3805,0,1
AG,"[0, 1, 2, 3]",5,40,18,3457,1,1
AG,"[0, 1, 2, 3]",5,40,19,346,3,2
AG,"[0, 1, 2, 3]",6,40,0,2758,0,1
AG,"[0, 1, 2, 3]",6,40,1,1659,3,3
AG,"[0, 1, 2, 3]",6,40,2,2314,2,2
AG,"[0, 1, 2, 3]",6,40,3,6100,2,3
AG,"[0, 1, 2, 3]",6,40,4,4761,0,0
AG,"[0, 1, 2, 3]",6,40,5,5778,0,0
AG,"[0, 1, 2, 3]",6,40,6,984,1,1
AG,"[0, 1, 2, 3]",6,40,7,2492,1,1
AG,"[0, 1, 2, 3]",6,40,8,1252,2,3
AG,"[0, 1, 2, 3]",6,40,9,6298,1,1
AG,"[0, 1, 2, 3]",6,40,10,1745,0,3
AG,"[0, 1, 2, 3]",6,40,11,861,2,2
AG,"[0, 1, 2, 3]",6,40,12,3312,0,2
AG,"[0, 1, 2, 3]",6,40,13,1376,1,0
AG,"[0, 1, 2, 3]",6,40,14,6161,2,0
AG,"[0, 1, 2, 3]",6,40,15,5928,0,2
AG,"[0, 1, 2, 3]",6,40,16,4691,2,3
AG,"[0, 1, 2, 3]",6,40,17,6086,3,3
AG,"[0, 1, 2, 3]",6,40,18,5740,0,2
AG,"[0, 1, 2, 3]",6,40,19,4675,0,3
AG,"[0, 1, 2, 3]",7,40,0,6185,2,1
AG,"[0, 1, 2, 3]",7,40,1,4599,2,2
AG,"[0, 1, 2, 3]",7,40,2,2603,0,0
AG,"[0, 1, 2, 3]",7,40,3,5392,2,3
AG,"[0, 1, 2, 3]",7,40,4,6435,2,2
AG,"[0, 1, 2, 3]",7,40,5,1547,1,1
AG,"[0, 1, 2, 3]",7,40,6,4430,0,2
AG,"[0, 1, 2, 3]",7,40,7,2639,1,1
AG,"[0, 1, 2, 3]",7,40,8,4485,0,0
AG,"[0, 1, 2, 3]",7,40,9,5797,0,3
AG,"[0, 1, 2, 3]",7,40,10,4540,1,0
AG,"[0, 1, 2, 3]",7,40,11,4877,3,2
AG,"[0, 1, 2, 3]",7,40,12,8,3,0
AG,"[0, 1, 2, 3]",7,40,13,6813,3,3
AG,"[0, 1, 2, 3]",7,40,14,6590,1,1
AG,"[0, 1, 2, 3]",7,40,15,5627,3,2
AG,"[0, 1, 2, 3]",7,40,16,5431,2,3
AG,"[0, 1, 2, 3]",7,40,17,1015,3,3
AG,"[0, 1, 2, 3]",7,40,18,3063,0,1
AG,"[0, 1, 2, 3]",7,40,19,5687,3,3
AG,"[0, 1, 2, 3]",8,40,0,6682,0,3
AG,"[0, 1, 2, 3]",8,40,1,6118,1,1
AG,"[0, 1, 2, 3]",8,40,2,4359,2,3
AG,"[0, 1, 2, 3]",8,40,3,1450,2,2
AG,"[0, 1, 2, 3]",8,40,4,5697,3,3
AG,"[0, 1, 2, 3]",8,40,5,6320,3,2
AG,"[0, 1, 2, 3]",8,40,6,7204,2,2
AG,"[0, 1, 2, 3]",8,40,7,1426,3,3
AG,"[0, 1, 2, 3]",8,40,8,584,0,1
AG,"[0, 1, 2, 3]",8,40,9,4803,3,3
AG,"[0, 1, 2, 3]",8,40,10,342,0,0
AG,"[0, 1, 2, 3]",8,40,11,4782,2,1
AG,"[0, 1, 2, 3]",8,40,12,1691,0,2
AG,"[0, 1, 2, 3]",8,40,13,5532,2,3
AG,"[0, 1, 2, 3]",8,40,14,2258,2,3
AG,"[0, 1, 2, 3]",8,40,15,751,2,0
AG,"[0, 1, 2, 3]",8,40,16,7176,0,0
AG,"[0, 1, 2, 3]",8,40,17,5014,0,0
AG,"[0, 1, 2, 3]",8,40,18,3563,0,1
AG,"[0, 1, 2, 3]",8,40,19,7566,3,2
AG,"[0, 1, 2, 3]",9,40,0,2126,3,0
AG,"[0, 1, 2, 3]",9,40,1,6765,3,3
AG,"[0, 1, 2, 3]",9,40,2,110,2,3
AG,"[0, 1, 2, 3]",9,40,3,589,2,2
AG,"[0, 1, 2, 3]",9,40,4,4862,2,3
AG,"[0, 1, 2, 3]",9,40,5,1065,0,2
AG,"[0, 1, 2, 3]",9,40,6,4275,2,0
AG,"[0, 1, 2, 3]",9,40,7,6570,1,1
AG,"[0, 1, 2, 3]",9,40,8,5852,3,3
AG,"[0, 1, 2, 3]",9,40,9,3468,1,1
AG,"[0, 1, 2, 3]",9,40,10,7494,3,3
AG,"[0, 1, 2, 3]",9,40,11,2277,1,1
AG,"[0, 1, 2, 3]",9,40,12,4156,0,0
AG,"[0, 1, 2, 3]",9,40,13,5573,2,2
AG,"[0, 1, 2, 3]",9,40,14,5654,1,1
AG,"[0, 1, 2, 3]",9,40,15,6089,0,1
AG,"[0, 1, 2, 3]",9,40,16,5472,2,2
AG,"[0, 1, 2, 3]",9,40,17,88,0,1
AG,"[0, 1, 2, 3]",9,40,18,5268,1,2
AG,"[0, 1, 2, 3]",9,40,19,1527,2,3
AG,"[0, 1, 2, 3]",10,40,0,6075,0,0
AG,"[0, 1, 2, 3]",10,40,1,5760,2,2
AG,"[0, 1, 2, 3]",10,40,2,6565,2,3
AG,"[0, 1, 2, 3]",10,40,3,2868,3,2
AG,"[0, 1, 2, 3]",10,40,4,2856,3,2
AG,"[0, 1, 2, 3]",10,40,5,3708,3,0
AG,"[0, 1, 2, 3]",10,40,6,313,2,0
AG,"[0, 1, 2, 3]",10,40,7,509,3,3
AG,"[0, 1, 2, 3]",10,40,8,3137,3,3
AG,"[0, 1, 2, 3]",10,40,9,2522,3,3
AG,"[0, 1, 2, 3]",10,40,10,6325,3,0
AG,"[0, 1, 2, 3]",10,40,11,2865,0,0
AG,"[0, 1, 2, 3]",10,40,12,3716,2,2
AG,"[0, 1, 2, 3]",10,40,13,2333,2,3
AG,"[0, 1, 2, 3]",10,40,14,348,0,1
AG,"[0, 1, 2, 3]",10,40,15,2661,1,1
AG,"[0, 1, 2, 3]",10,40,16,6011,3,2
AG,"[0, 1, 2, 3]",10,40,17,3222,3,3
AG,"[0, 1, 2, 3]",10,40,18,3920,0,0
AG,"[0, 1, 2, 3]",10,40,19,5751,2,2
AG,"[0, 1, 2, 3]",11,40,0,2680,2,2
AG,"[0, 1, 2, 3]",11,40,1,6398,2,0
AG,"[0, 1, 2, 3]",11,40,2,2361,0,1
AG,"[0, 1, 2, 3]",11,40,3,528,0,3
AG,"[0, 1, 2, 3]",11,40,4,4978,3,3
AG,"[0, 1, 2, 3]",11,40,5,6154,3,3
AG,"[0, 1, 2, 3]",11,40,6,5604,3,3
AG,"[0, 1, 2, 3]",11,40,7,5237,0,0
AG,"[0, 1, 2, 3]",11,40,8,318,1,1
AG,"[0, 1, 2, 3]",11,40,9,1177,2,3
AG,"[0, 1, 2, 3]",11,40,10,6875,1,1
AG,"[0, 1, 2, 3]",11,40,11,5094,3,3
AG,"[0, 1, 2, 3]",11,40,12,2339,0,0
AG,"[0, 1, 2, 3]",11,40,13,1087,3,2
AG,"[0, 1, 2, 3]",11,40,14,6133,0,1
AG,"[0, 1, 2, 3]",11,40,15,6510,2,1
AG,"[0, 1, 2, 3]",11,40,16,1987,0,2
AG,"[0, 1, 2, 3]",11,40,17,1295,2,2
AG,"[0, 1, 2, 3]",11,40,18,429,3,3
AG,"[0, 1, 2, 3]",11,40,19,3566,2,2
AG,"[0, 1, 2, 3]",12,40,0,7163,0,2
AG,"[0, 1, 2, 3]",12,40,1,6011,3,2
AG,"[0, 1, 2, 3]",12,40,2,4563,0,0
AG,"[0, 1, 2, 3]",12,40,3,6507,1,1
AG,"[0, 1, 2, 3]",12,40,4,382,3,3
AG,"[0, 1, 2, 3]",12,40,5,1286,2,2
AG,"[0, 1, 2, 3]",12,40,6,6592,2,3
AG,"[0, 1, 2, 3]",12,40,7,3708,3,0
AG,"[0, 1, 2, 3]",12,40,8,6510,2,1
AG,"[0, 1, 2, 3]",12,40,9,2446,3,0
AG,"[0, 1, 2, 3]",12,40,10,4870,3,3
AG,"[0, 1, 2, 3]",12,40,11,2265,1,1
AG,"[0, 1, 2, 3]",12,40,12,1064,0,0
AG,"[0, 1, 2, 3]",12,40,13,3746,0,1
AG,"[0, 1, 2, 3]",12,40,14,3077,2,1
AG,"[0, 1, 2, 3]",12,40,15,2253,2,3
AG,"[0, 1, 2, 3]",12,40,16,1411,2,2
AG,"[0, 1, 2, 3]",12,40,17,4261,0,0
AG,"[0, 1, 2, 3]",12,40,18,4734,0,1
AG,"[0, 1, 2, 3]",12,40,19,580,1,0
AG,"[0, 1, 2, 3]",13,40,0,4320,3,3
AG,"[0, 1, 2, 3]",13,40,1,7238,0,1
AG,"[0, 1, 2, 3]",13,40,2,2579,1,0
AG,"[0, 1, 2, 3]",13,40,3,1224,0,0
AG,"[0, 1, 2, 3]",13,40,4,5892,0,1
AG,"[0, 1, 2, 3]",13,40,5,5841,1,2
AG,"[0, 1, 2, 3]",13,40,6,2376,2,2
AG,"[0, 1, 2, 3]",13,40,7,5440,0,0
AG,"[0, 1, 2, 3]",13,40,8,706,3,3
AG,"[0, 1, 2, 3]",13,40,9,4567,0,2
AG,"[0, 1, 2, 3]",13,40,10,2548,0,3
AG,"[0, 1, 2, 3]",13,40,11,1376,1,0
AG,"[0, 1, 2, 3]",13,40,12,789,3,0
AG,"[0, 1, 2, 3]",13,40,13,79,0,1
AG,"[0, 1, 2, 3]",13,40,14,2267,1,3
AG,"[0, 1, 2, 3]",13,40,15,6042,2,2
AG,"[0, 1, 2, 3]",13,40,16,4999,2,3
AG,"[0, 1, 2, 3]",13,40,17,6863,1,1
AG,"[0, 1, 2, 3]",13,40,18,6343,0,0
AG,"[0, 1, 2, 3]",13,40,19,3148,1,1
AG,"[0, 1, 2, 3]",14,40,0,6733,0,0
AG,"[0, 1, 2, 3]",14,40,1,381,1,1
AG,"[0, 1, 2, 3]",14,40,2,727,0,2
AG,"[0, 1, 2, 3]",14,40,3,2591,0,1
AG,"[0, 1, 2, 3]",14,40,4,5594,1,1
AG,"[0, 1, 2, 3]",14,40,5,940,1,0
AG,"[0, 1, 2, 3]",14,40,6,2258,2,3
AG,"[0, 1, 2, 3]",14,40,7,2546,2,1
AG,"[0, 1, 2, 3]",14,40,8,5064,2,3
AG,"[0, 1, 2, 3]",14,40,9,1763,2,2
AG,"[0, 1, 2, 3]",14,40,10,488,2,0
AG,"[0, 1, 2, 3]",14,40,11,598,2,2
AG,"[0, 1, 2, 3]",14,40,12,4822,2,2
AG,"[0, 1, 2, 3]",14,40,13,1518,1,1
AG,"[0, 1, 2, 3]",14,40,14,738,3,2
AG,"[0, 1, 2, 3]",14,40,15,3718,0,1
AG,"[0, 1, 2, 3]",14,40,16,7115,2,3
AG,"[0, 1, 2, 3]",14,40,17,1043,3,0
AG,"[0, 1, 2, 3]",14,40,18,3617,2,3
AG,"[0, 1, 2, 3]",14,40,19,6140,3,0
AG,"[0, 1, 2, 3]",15,40,0,6509,0,0
AG,"[0, 1, 2, 3]",15,40,1,4142,1,1
AG,"[0, 1, 2, 3]",15,40,2,5139,3,3
AG,"[0, 1, 2, 3]",15,40,3,6347,2,3
AG,"[0, 1, 2, 3]",15,40,4,5900,2,0
AG,"[0, 1, 2, 3]",15,40,5,2400,0,3
AG,"[0, 1, 2, 3]",15,40,6,2815,2,2
AG,"[0, 1, 2, 3]",15,40,7,3466,2,2
AG,"[0, 1, 2, 3]",15,40,8,1716,0,0
AG,"[0, 1, 2, 3]",15,40,9,1874,3,3
AG,"[0, 1, 2, 3]",15,40,10,3121,2,2
AG,"[0, 1, 2, 3]",15,40,11,1781,3,0
AG,"[0, 1, 2, 3]",15,40,12,1250,1,1
AG,"[0, 1, 2, 3]",15,40,13,7008,2,0
AG,"[0, 1, 2, 3]",15,40,14,5902,3,2
AG,"[0, 1, 2, 3]",15,40,15,6062,3,3
AG,"[0, 1, 2, 3]",15,40,16,4600,3,3
AG,"[0, 1, 2, 3]",15,40,17,2181,3,3
AG,"[0, 1, 2, 3]",15,40,18,5892,0,1
AG,"[0, 1, 2, 3]",15,40,19,1558,1,1
AG,"[0, 1, 2, 3]",16,40,0,346,3,2
AG,"[0, 1, 2, 3]",16,40,1,4167,1,1
AG,"[0, 1, 2, 3]",16,40,2,5114,3,0
AG,"[0, 1, 2, 3]",16,40,3,3784,0,3
AG,"[0, 1, 2, 3]",16,40,4,5812,0,3
AG,"[0, 1, 2, 3]",16,40,5,1074,3,2
AG,"[0, 1, 2, 3]",16,40,6,4734,0,1
AG,"[0, 1, 2, 3]",16,40,7,2577,3,2
AG,"[0, 1, 2, 3]",16,40,8,1976,0,1
AG,"[0, 1, 2, 3]",16,40,9,4706,3,3
AG,"[0, 1, 2, 3]",16,40,10,5666,2,0
AG,"[0, 1, 2, 3]",16,40,11,3867,2,2
AG,"[0, 1, 2, 3]",16,40,12,1296,2,0
AG,"[0, 1, 2, 3]",16,40,13,305,1,0
AG,"[0, 1, 2, 3]",16,40,14,5135,3,3
AG,"[0, 1, 2, 3]",16,40,15,2659,2,2
AG,"[0, 1, 2, 3]",16,40,16,6760,3,2
AG,"[0, 1, 2, 3]",16,40,17,3047,1,1
AG,"[0, 1, 2, 3]",16,40,18,7066,1,1
AG,"[0, 1, 2, 3]",16,40,19,976,3,3
AG,"[0, 1, 2, 3]",17,40,0,6119,0,0
AG,"[0, 1, 2, 3]",17,40,1,520,2,2
AG,"[0, 1, 2, 3]",17,40,2,3688,0,1
AG,"[0, 1, 2, 3]",17,40,3,6419,1,1
AG,"[0, 1, 2, 3]",17,40,4,1712,1,2
AG,"[0, 1, 2, 3]",17,40,5,4810,2,2
AG,"[0, 1, 2, 3]",17,40,6,4762,3,3
AG,"[0, 1, 2, 3]",17,40,7,4912,1,0
AG,"[0, 1, 2, 3]",17,40,8,4908,2,2
AG,"[0, 1, 2, 3]",17,40,9,1381,1,1
AG,"[0, 1, 2, 3]",17,40,10,4650,0,2
AG,"[0, 1, 2, 3]",17,40,11,5024,1,3
AG,"[0, 1, 2, 3]",17,40,12,2253,2,3
AG,"[0, 1, 2, 3]",17,40,13,2977,0,0
AG,"[0, 1, 2, 3]",17,40,14,1386,0,0
AG,"[0, 1, 2, 3]",17,40,15,6738,0,0
AG,"[0, 1, 2, 3]",17,40,16,355,0,1
AG,"[0, 1, 2, 3]",17,40,17,3077,2,1
AG,"[0, 1, 2, 3]",17,40,18,139,0,0
AG,"[0, 1, 2, 3]",17,40,19,6267,2,1
AG,"[0, 1, 2, 3]",18,40,0,4346,3,3
AG,"[0, 1, 2, 3]",18,40,1,110,2,3
AG,"[0, 1, 2, 3]",18,40,2,1763,2,2
AG,"[0, 1, 2, 3]",18,40,3,4336,0,0
AG,"[0, 1, 2, 3]",18,40,4,2833,3,0
AG,"[0, 1, 2, 3]",18,40,5,1073,3,2
AG,"[0, 1, 2, 3]",18,40,6,1325,3,3
AG,"[0, 1, 2, 3]",18,40,7,576,1,1
AG,"[0, 1, 2, 3]",18,40,8,6043,2,3
AG,"[0, 1, 2, 3]",18,40,9,4137,0,1
AG,"[0, 1, 2, 3]",18,40,10,470,0,0
AG,"[0, 1, 2, 3]",18,40,11,474,1,0
AG,"[0, 1, 2, 3]",18,40,12,5775,2,2
AG,"[0, 1, 2, 3]",18,40,13,3373,1,1
AG,"[0, 1, 2, 3]",18,40,14,6851,0,0
AG,"[0, 1, 2, 3]",18,40,15,1466,0,1
AG,"[0, 1, 2, 3]",18,40,16,1775,2,0
AG,"[0, 1, 2, 3]",18,40,17,1098,3,1
AG,"[0, 1, 2, 3]",18,40,18,3023,2,2
AG,"[0, 1, 2, 3]",18,40,19,2427,2,0
AG,"[0, 1, 2, 3]",19,40,0,2621,3,3
AG,"[0, 1, 2, 3]",19,40,1,5379,0,2
AG,"[0, 1, 2, 3]",19,40,2,1377,3,1
AG,"[0, 1, 2, 3]",19,40,3,2723,1,1
AG,"[0, 1, 2, 3]",19,40,4,6194,1,1
AG,"[0, 1, 2, 3]",19,40,5,2656,0,1
AG,"[0, 1, 2, 3]",19,40,6,2233,2,3
AG,"[0, 1, 2, 3]",19,40,7,3422,2,0
AG,"[0, 1, 2, 3]",19,40,8,3332,2,3
AG,"[0, 1, 2, 3]",19,40,9,1035,3,2
AG,"[0, 1, 2, 3]",19,40,10,26,1,1
AG,"[0, 1, 2, 3]",19,40,11,7196,1,1
AG,"[0, 1, 2, 3]",19,40,12,3381,2,3
AG,"[0, 1, 2, 3]",19,40,13,2952,2,2
AG,"[0, 1, 2, 3]",19,40,14,3882,0,2
AG,"[0, 1, 2, 3]",19,40,15,4734,0,1
AG,"[0, 1, 2, 3]",19,40,16,3264,2,3
AG,"[0, 1, 2, 3]",19,40,17,738,3,2
AG,"[0, 1, 2, 3]",19,40,18,6430,0,0
AG,"[0, 1, 2, 3]",19,40,19,6139,3,3
AG,"[0, 1, 2, 3]",20,40,0,5633,0,0
AG,"[0, 1, 2, 3]",20,40,1,2165,3,3
AG,"[0, 1, 2, 3]",20,40,2,4734,0,1
AG,"[0, 1, 2, 3]",20,40,3,7078,1,1
AG,"[0, 1, 2, 3]",20,40,4,387,1,1
AG,"[0, 1, 2, 3]",20,40,5,1613,2,3
AG,"[0, 1, 2, 3]",20,40,6,1804,2,2
AG,"[0, 1, 2, 3]",20,40,7,4687,2,3
AG,"[0, 1, 2, 3]",20,40,8,6325,3,0
AG,"[0, 1, 2, 3]",20,40,9,6320,3,2
AG,"[0, 1, 2, 3]",20,40,10,6185,2,1
AG,"[0, 1, 2, 3]",20,40,11,3576,2,3
AG,"[0, 1, 2, 3]",20,40,12,2806,3,2
AG,"[0, 1, 2, 3]",20,40,13,4751,2,2
AG,"[0, 1, 2, 3]",20,40,14,138,1,1
AG,"[0, 1, 2, 3]",20,40,15,7566,3,2
AG,"[0, 1, 2, 3]",20,40,16,6188,1,1
AG,"[0, 1, 2, 3]",20,40,17,5935,0,3
AG,"[0, 1, 2, 3]",20,40,18,3606,0,0
AG,"[0, 1, 2, 3]",20,40,19,5668,1,1
AG,"[0, 1, 2, 3]",21,40,0,7525,1,1
AG,"[0, 1, 2, 3]",21,40,1,89,3,3
AG,"[0, 1, 2, 3]",21,40,2,5634,3,2
AG,"[0, 1, 2, 3]",21,40,3,369,0,1
AG,"[0, 1, 2, 3]",21,40,4,3790,0,2
AG,"[0, 1, 2, 3]",21,40,5,4588,3,3
AG,"[0, 1, 2, 3]",21,40,6,6267,2,1
AG,"[0, 1, 2, 3]",21,40,7,6905,2,3
AG,"[0, 1, 2, 3]",21,40,8,389,0,0
AG,"[0, 1, 2, 3]",21,40,9,892,2,3
AG,"[0, 1, 2, 3]",21,40,10,930,0,2
AG,"[0, 1, 2, 3]",21,40,11,747,0,1
AG,"[0, 1, 2, 3]",21,40,12,2828,2,3
AG,"[0, 1, 2, 3]",21,40,13,1902,1,0
AG,"[0, 1, 2, 3]",21,40,14,7344,0,2
AG,"[0, 1, 2, 3]",21,40,15,2967,2,2
AG,"[0, 1, 2, 3]",21,40,16,4776,3,3
AG,"[0, 1, 2, 3]",21,40,17,3282,3,0
AG,"[0, 1, 2, 3]",21,40,18,2941,3,3
AG,"[0, 1, 2, 3]",21,40,19,1069,1,1
AG,"[0, 1, 2, 3]",22,40,0,5309,2,2
AG,"[0, 1, 2, 3]",22,40,1,147,2,2
AG,"[0, 1, 2, 3]",22,40,2,3805,0,1
AG,"[0, 1, 2, 3]",22,40,3,796,2,3
AG,"[0, 1, 2, 3]",22,40,4,7038,3,3
AG,"[0, 1, 2, 3]",22,40,5,415,1,3
AG,"[0, 1, 2, 3]",22,40,6,6215,0,0
AG,"[0, 1, 2, 3]",22,40,7,5851,2,3
AG,"[0, 1, 2, 3]",22,40,8,659,3,0
AG,"[0, 1, 2, 3]",22,40,9,47,3,2
AG,"[0, 1, 2, 3]",22,40,10,5222,2,0
AG,"[0, 1, 2, 3]",22,40,11,5820,1,1
AG,"[0, 1, 2, 3]",22,40,12,2031,1,1
AG,"[0, 1, 2, 3]",22,40,13,6230,2,2
AG,"[0, 1, 2, 3]",22,40,14,7488,2,2
AG,"[0, 1, 2, 3]",22,40,15,2566,2,0
AG,"[0, 1, 2, 3]",22,40,16,1252,2,3
AG,"[0, 1, 2, 3]",22,40,17,5712,1,1
AG,"[0, 1, 2, 3]",22,40,18,3860,0,0
AG,"[0, 1, 2, 3]",22,40,19,4551,3,2
AG,"[0, 1, 2, 3]",23,40,0,5598,3,3
AG,"[0, 1, 2, 3]",23,40,1,4151,2,2
AG,"[0, 1, 2, 3]",23,40,2,2006,3,2
AG,"[0, 1, 2, 3]",23,40,3,369,0,1
AG,"[0, 1, 2, 3]",23,40,4,76,0,0
AG,"[0, 1, 2, 3]",23,40,5,5124,0,2
AG,"[0, 1, 2, 3]",23,40,6,1923,3,3
AG,"[0, 1, 2, 3]",23,40,7,5797,0,3
AG,"[0, 1, 2, 3]",23,40,8,4502,3,3
AG,"[0, 1, 2, 3]",23,40,9,3554,2,0
AG,"[0, 1, 2, 3]",23,40,10,855,1,3
AG,"[0, 1, 2, 3]",23,40,11,2550,2,2
AG,"[0, 1, 2, 3]",23,40,12,1127,3,3
AG,"[0, 1, 2, 3]",23,40,13,1733,1,1
AG,"[0, 1, 2, 3]",23,40,14,1631,2,3
AG,"[0, 1, 2, 3]",23,40,15,2431,2,2
AG,"[0, 1, 2, 3]",23,40,16,5732,0,0
AG,"[0, 1, 2, 3]",23,40,17,4979,2,2
AG,"[0, 1, 2, 3]",23,40,18,584,0,1
AG,"[0, 1, 2, 3]",23,40,19,4097,3,2
AG,"[0, 1, 2, 3]",24,40,0,7075,2,2
AG,"[0, 1, 2, 3]",24,40,1,1098,3,1
AG,"[0, 1, 2, 3]",24,40,2,1343,3,2
AG,"[0, 1, 2, 3]",24,40,3,1147,1,0
AG,"[0, 1, 2, 3]",24,40,4,276,3,3
AG,"[0, 1, 2, 3]",24,40,5,207,3,2
AG,"[0, 1, 2, 3]",24,40,6,1146,0,0
AG,"[0, 1, 2, 3]",24,40,7,4354,2,2
AG,"[0, 1, 2, 3]",24,40,8,3981,0,2
AG,"[0, 1, 2, 3]",24,40,9,4845,1,1
AG,"[0, 1, 2, 3]",24,40,10,2091,2,3
AG,"[0, 1, 2, 3]",24,40,11,5119,2,2
AG,"[0, 1, 2, 3]",24,40,12,1559,0,0
AG,"[0, 1, 2, 3]",24,40,13,6702,2,2
AG,"[0, 1, 2, 3]",24,40,14,485,2,0
AG,"[0, 1, 2, 3]",24,40,15,457,3,3
AG,"[0, 1, 2, 3]",24,40,16,6248,2,1
AG,"[0, 1, 2, 3]",24,40,17,456,2,0
AG,"[0, 1, 2, 3]",24,40,18,1533,0,1
AG,"[0, 1, 2, 3]",24,40,19,2279,2,2
AG,"[0, 1, 2, 3]",25,40,0,5519,2,2
AG,"[0, 1, 2, 3]",25,40,1,5357,3,0
AG,"[0, 1, 2, 3]",25,40,2,1927,2,3
AG,"[0, 1, 2, 3]",25,40,3,2357,1,1
AG,"[0, 1, 2, 3]",25,40,4,2591,0,1
AG,"[0, 1, 2, 3]",25,40,5,5764,1,1
AG,"[0, 1, 2, 3]",25,40,6,1326,3,2
AG,"[0, 1, 2, 3]",25,40,7,4302,0,1
AG,"[0, 1, 2, 3]",25,40,8,6093,0,1
AG,"[0, 1, 2, 3]",25,40,9,2263,2,2
AG,"[0, 1, 2, 3]",25,40,10,3882,0,2
AG,"[0, 1, 2, 3]",25,40,11,2582,3,3
AG,"[0, 1, 2, 3]",25,40,12,1887,0,0
AG,"[0, 1, 2, 3]",25,40,13,7106,2,2
AG,"[0, 1, 2, 3]",25,40,14,3070,2,0
AG,"[0, 1, 2, 3]",25,40,15,1017,0,3
AG,"[0, 1, 2, 3]",25,40,16,5881,1,1
AG,"[0, 1, 2, 3]",25,40,17,346,3,2
AG,"[0, 1, 2, 3]",25,40,18,6005,2,2
AG,"[0, 1, 2, 3]",25,40,19,7378,3,3
AG,"[0, 1, 2, 3]",26,40,0,6125,3,3
AG,"[0, 1, 2, 3]",26,40,1,180,2,2
AG,"[0, 1, 2, 3]",26,40,2,205,1,1
AG,"[0, 1, 2, 3]",26,40,3,5645,1,1
AG,"[0, 1, 2, 3]",26,40,4,528,0,3
AG,"[0, 1, 2, 3]",26,40,5,442,0,0
AG,"[0, 1, 2, 3]",26,40,6,3976,2,2
AG,"[0, 1, 2, 3]",26,40,7,5601,2,3
AG,"[0, 1, 2, 3]",26,40,8,95,1,1
AG,"[0, 1, 2, 3]",26,40,9,450,0,1
AG,"[0, 1, 2, 3]",26,40,10,4325,0,3
AG,"[0, 1, 2, 3]",26,40,11,4011,1,1
AG,"[0, 1, 2, 3]",26,40,12,1787,1,1
AG,"[0, 1, 2, 3]",26,40,13,3649,0,0
AG,"[0, 1, 2, 3]",26,40,14,6065,0,0
AG,"[0, 1, 2, 3]",26,40,15,2468,0,1
AG,"[0, 1, 2, 3]",26,40,16,7278,1,2
AG,"[0, 1, 2, 3]",26,40,17,1550,3,3
AG,"[0, 1, 2, 3]",26,40,18,6976,0,0
AG,"[0, 1, 2, 3]",26,40,19,642,3,0
AG,"[0, 1, 2, 3]",27,40,0,5813,2,3
AG,"[0, 1, 2, 3]",27,40,1,3463,1,1
AG,"[0, 1, 2, 3]",27,40,2,1774,3,0
AG,"[0, 1, 2, 3]",27,40,3,613,0,1
AG,"[0, 1, 2, 3]",27,40,4,5433,2,3
AG,"[0, 1, 2, 3]",27,40,5,5631,1,1
AG,"[0, 1, 2, 3]",27,40,6,7567,3,3
AG,"[0, 1, 2, 3]",27,40,7,1008,1,0
AG,"[0, 1, 2, 3]",27,40,8,2449,0,2
AG,"[0, 1, 2, 3]",27,40,9,4555,3,3
AG,"[0, 1, 2, 3]",27,40,10,692,1,1
AG,"[0, 1, 2, 3]",27,40,11,5630,0,0
AG,"[0, 1, 2, 3]",27,40,12,4503,3,3
AG,"[0, 1, 2, 3]",27,40,13,2011,0,0
AG,"[0, 1, 2, 3]",27,40,14,3970,2,3
AG,"[0, 1, 2, 3]",27,40,15,3583,2,2
AG,"[0, 1, 2, 3]",27,40,16,81,1,1
AG,"[0, 1, 2, 3]",27,40,17,1103,2,2
AG,"[0, 1, 2, 3]",27,40,18,543,3,3
AG,"[0, 1, 2, 3]",27,40,19,912,3,1
AG,"[0, 1, 2, 3]",28,40,0,4477,2,2
AG,"[0, 1, 2, 3]",28,40,1,1730,2,2
AG,"[0, 1, 2, 3]",28,40,2,7503,2,2
AG,"[0, 1, 2, 3]",28,40,3,3570,0,1
AG,"[0, 1, 2, 3]",28,40,4,1349,3,3
AG,"[0, 1, 2, 3]",28,40,5,6682,0,3
AG,"[0, 1, 2, 3]",28,40,6,1798,1,2
AG,"[0, 1, 2, 3]",28,40,7,4741,3,3
AG,"[0, 1, 2, 3]",28,40,8,4091,1,1
AG,"[0, 1, 2, 3]",28,40,9,3187,0,0
AG,"[0, 1, 2, 3]",28,40,10,2071,0,0
AG,"[0, 1, 2, 3]",28,40,11,3492,2,0
AG,"[0, 1, 2, 3]",28,40,12,7318,2,2
AG,"[0, 1, 2, 3]",28,40,13,2613,0,2
AG,"[0, 1, 2, 3]",28,40,14,355,0,1
AG,"[0, 1, 2, 3]",28,40,15,6763,3,3
AG,"[0, 1, 2, 3]",28,40,16,5634,3,2
AG,"[0, 1, 2, 3]",28,40,17,912,3,1
AG,"[0, 1, 2, 3]",28,40,18,3746,0,1
AG,"[0, 1, 2, 3]",28,40,19,1377,3,1
AG,"[0, 1, 2, 3]",29,40,0,6039,1,1
AG,"[0, 1, 2, 3]",29,40,1,7596,1,1
AG,"[0, 1, 2, 3]",29,40,2,305,1,0
AG,"[0, 1, 2, 3]",29,40,3,7286,2,2
AG,"[0, 1, 2, 3]",29,40,4,133,0,0
AG,"[0, 1, 2, 3]",29,40,5,4206,1,1
AG,"[0, 1, 2, 3]",29,40,6,600,2,0
AG,"[0, 1, 2, 3]",29,40,7,2167,0,0
AG,"[0, 1, 2, 3]",29,40,8,6088,3,2
AG,"[0, 1, 2, 3]",29,40,9,3688,0,1
AG,"[0, 1, 2, 3]",29,40,10,1926,2,1
AG,"[0, 1, 2, 3]",29,40,11,6027,2,2
AG,"[0, 1, 2, 3]",29,40,12,5973,0,3
AG,"[0, 1, 2, 3]",29,40,13,1703,3,3
AG,"[0, 1, 2, 3]",29,40,14,3935,1,1
AG,"[0, 1, 2, 3]",29,40,15,6897,1,2
AG,"[0, 1, 2, 3]",29,40,16,4888,3,0
AG,"[0, 1, 2, 3]",29,40,17,871,1,0
AG,"[0, 1, 2, 3]",29,40,18,6297,3,3
AG,"[0, 1, 2, 3]",29,40,19,2850,3,3
AG,"[0, 1, 2, 3]",30,40,0,2855,0,0
AG,"[0, 1, 2, 3]",30,40,1,1996,3,3
AG,"[0, 1, 2, 3]",30,40,2,368,0,0
AG,"[0, 1, 2, 3]",30,40,3,6145,0,1
AG,"[0, 1, 2, 3]",30,40,4,1048,1,1
AG,"[0, 1, 2, 3]",30,40,5,2427,2,0
AG,"[0, 1, 2, 3]",30,40,6,2388,1,1
AG,"[0, 1, 2, 3]",30,40,7,2717,1,1
AG,"[0, 1, 2, 3]",30,40,8,7165,1,1
AG,"[0, 1, 2, 3]",30,40,9,3156,2,3
AG,"[0, 1, 2, 3]",30,40,10,2710,3,2
AG,"[0, 1, 2, 3]",30,40,11,6897,1,2
AG,"[0, 1, 2, 3]",30,40,12,3354,2,3
AG,"[0, 1, 2, 3]",30,40,13,4302,0,1
AG,"[0, 1, 2, 3]",30,40,14,3863,0,3
AG,"[0, 1, 2, 3]",30,40,15,6293,2,2
AG,"[0, 1, 2, 3]",30,40,16,3030,1,1
AG,"[0, 1, 2, 3]",30,40,17,1377,3,1
AG,"[0, 1, 2, 3]",30,40,18,5067,2,0
AG,"[0, 1, 2, 3]",30,40,19,3775,3,2
AG,"[0, 1, 2, 3]",31,40,0,2591,0,1
AG,"[0, 1, 2, 3]",31,40,1,273,3,3
AG,"[0, 1, 2, 3]",31,40,2,3144,2,3
AG,"[0, 1, 2, 3]",31,40,3,2099,1,1
AG,"[0, 1, 2, 3]",31,40,4,4258,3,0
AG,"[0, 1, 2, 3]",31,40,5,6411,1,1
AG,"[0, 1, 2, 3]",31,40,6,6001,2,3
AG,"[0, 1, 2, 3]",31,40,7,5439,3,2
AG,"[0, 1, 2, 3]",31,40,8,2656,0,1
AG,"[0, 1, 2, 3]",31,40,9,5072,3,3
AG,"[0, 1, 2, 3]",31,40,10,4613,2,2
AG,"[0, 1, 2, 3]",31,40,11,4692,0,0
AG,"[0, 1, 2, 3]",31,40,12,4786,1,1
AG,"[0, 1, 2, 3]",31,40,13,4734,0,1
AG,"[0, 1, 2, 3]",31,40,14,5586,2,3
AG,"[0, 1, 2, 3]",31,40,15,7418,3,2
AG,"[0, 1, 2, 3]",31,40,16,2735,2,2
AG,"[0, 1, 2, 3]",31,40,17,5244,2,0
AG,"[0, 1, 2, 3]",31,40,18,1295,2,2
AG,"[0, 1, 2, 3]",31,40,19,1098,3,1
AG,"[0, 1, 2, 3]",32,40,0,2574,2,3
AG,"[0, 1, 2, 3]",32,40,1,3063,0,1
AG,"[0, 1, 2, 3]",32,40,2,5900,2,0
AG,"[0, 1, 2, 3]",32,40,3,1168,0,2
AG,"[0, 1, 2, 3]",32,40,4,4632,1,1
AG,"[0, 1, 2, 3]",32,40,5,7177,3,3
AG,"[0, 1, 2, 3]",32,40,6,5971,2,2
AG,"[0, 1, 2, 3]",32,40,7,952,1,3
AG,"[0, 1, 2, 3]",32,40,8,4888,3,0
AG,"[0, 1, 2, 3]",32,40,9,1,3,3
AG,"[0, 1, 2, 3]",32,40,10,56,0,2
AG,"[0, 1, 2, 3]",32,40,11,6248,2,1
AG,"[0, 1, 2, 3]",32,40,12,244,2,2
AG,"[0, 1, 2, 3]",32,40,13,4921,3,0
AG,"[0, 1, 2, 3]",32,40,14,2468,0,1
AG,"[0, 1, 2, 3]",32,40,15,1376,1,0
AG,"[0, 1, 2, 3]",32,40,16,6075,0,0
AG,"[0, 1, 2, 3]",32,40,17,6985,0,0
AG,"[0, 1, 2, 3]",32,40,18,2508,3,3
AG,"[0, 1, 2, 3]",32,40,19,5124,0,2
AG,"[0, 1, 2, 3]",33,40,0,7468,2,3
AG,"[0, 1, 2, 3]",33,40,1,3957,0,0
AG,"[0, 1, 2, 3]",33,40,2,3312,0,2
AG,"[0, 1, 2, 3]",33,40,3,565,0,3
AG,"[0, 1, 2, 3]",33,40,4,1339,0,0
AG,"[0, 1, 2, 3]",33,40,5,8,3,0
AG,"[0, 1, 2, 3]",33,40,6,2686,0,2
AG,"[0, 1, 2, 3]",33,40,7,4481,0,2
AG,"[0, 1, 2, 3]",33,40,8,1829,1,1
AG,"[0, 1, 2, 3]",33,40,9,4414,0,0
AG,"[0, 1, 2, 3]",33,40,10,6778,2,3
AG,"[0, 1, 2, 3]",33,40,11,4997,0,2
AG,"[0, 1, 2, 3]",33,40,12,3582,2,3
AG,"[0, 1, 2, 3]",33,40,13,80,0,0
AG,"[0, 1, 2, 3]",33,40,14,5080,3,3
AG,"[0, 1, 2, 3]",33,40,15,5340,3,3
AG,"[0, 1, 2, 3]",33,40,16,2820,1,1
AG,"[0, 1, 2, 3]",33,40,17,5685,0,2
AG,"[0, 1, 2, 3]",33,40,18,5385,3,3
AG,"[0, 1, 2, 3]",33,40,19,7228,2,0
AG,"[0, 1, 2, 3]",34,40,0,2986,2,2
AG,"[0, 1, 2, 3]",34,40,1,2204,2,2
AG,"[0, 1, 2, 3]",34,40,2,1438,2,3
AG,"[0, 1, 2, 3]",34,40,3,2197,3,3
AG,"[0, 1, 2, 3]",34,40,4,4075,3,3
AG,"[0, 1, 2, 3]",34,40,5,3858,1,1
AG,"[0, 1, 2, 3]",34,40,6,1803,1,1
AG,"[0, 1, 2, 3]",34,40,7,2856,3,2
AG,"[0, 1, 2, 3]",34,40,8,1084,2,0
AG,"[0, 1, 2, 3]",34,40,9,3422,2,0
AG,"[0, 1, 2, 3]",34,40,10,6682,0,3
AG,"[0, 1, 2, 3]",34,40,11,2207,2,3
AG,"[0, 1, 2, 3]",34,40,12,2738,0,1
AG,"[0, 1, 2, 3]",34,40,13,5698,3,3
AG,"[0, 1, 2, 3]",34,40,14,2656,0,1
AG,"[0, 1, 2, 3]",34,40,15,4734,0,1
AG,"[0, 1, 2, 3]",34,40,16,4195,3,3
AG,"[0, 1, 2, 3]",34,40,17,98,0,0
AG,"[0, 1, 2, 3]",34,40,18,2700,2,2
AG,"[0, 1, 2, 3]",34,40,19,1779,0,2
AG,"[0, 1, 2, 3]",35,40,0,930,0,2
AG,"[0, 1, 2, 3]",35,40,1,7228,2,0
AG,"[0, 1, 2, 3]",35,40,2,5209,1,1
AG,"[0, 1, 2, 3]",35,40,3,6629,2,2
AG,"[0, 1, 2, 3]",35,40,4,372,0,1
AG,"[0, 1, 2, 3]",35,40,5,5994,2,2
AG,"[0, 1, 2, 3]",35,40,6,5902,3,2
AG,"[0, 1, 2, 3]",35,40,7,4641,3,3
AG,"[0, 1, 2, 3]",35,40,8,3688,0,1
AG,"[0, 1, 2, 3]",35,40,9,6011,3,2
AG,"[0, 1, 2, 3]",35,40,10,1258,2,0
AG,"[0, 1, 2, 3]",35,40,11,5796,0,0
AG,"[0, 1, 2, 3]",35,40,12,1407,1,1
AG,"[0, 1, 2, 3]",35,40,13,1361,2,3
AG,"[0, 1, 2, 3]",35,40,14,2121,2,0
AG,"[0, 1, 2, 3]",35,40,15,2546,2,1
AG,"[0, 1, 2, 3]",35,40,16,2410,0,0
AG,"[0, 1, 2, 3]",35,40,17,2695,0,0
AG,"[0, 1, 2, 3]",35,40,18,6887,2,3
AG,"[0, 1, 2, 3]",35,40,19,4466,0,0
AG,"[0, 1, 2, 3]",36,40,0,6921,2,2
AG,"[0, 1, 2, 3]",36,40,1,1466,0,1
AG,"[0, 1, 2, 3]",36,40,2,172,2,2
AG,"[0, 1, 2, 3]",36,40,3,5807,2,2
AG,"[0, 1, 2, 3]",36,40,4,7064,1,1
AG,"[0, 1, 2, 3]",36,40,5,6911,3,3
AG,"[0, 1, 2, 3]",36,40,6,2104,3,3
AG,"[0, 1, 2, 3]",36,40,7,3797,2,0
AG,"[0, 1, 2, 3]",36,40,8,640,2,2
AG,"[0, 1, 2, 3]",36,40,9,3785,0,0
AG,"[0, 1, 2, 3]",36,40,10,2428,3,3
AG,"[0, 1, 2, 3]",36,40,11,3312,0,2
AG,"[0, 1, 2, 3]",36,40,12,1896,2,0
AG,"[0, 1, 2, 3]",36,40,13,6120,0,0
AG,"[0, 1, 2, 3]",36,40,14,1454,1,1
AG,"[0, 1, 2, 3]",36,40,15,2794,1,0
AG,"[0, 1, 2, 3]",36,40,16,3945,3,2
AG,"[0, 1, 2, 3]",36,40,17,6624,1,1
AG,"[0, 1, 2, 3]",36,40,18,1397,1,2
AG,"[0, 1, 2, 3]",36,40,19,6089,0,1
AG,"[0, 1, 2, 3]",37,40,0,2821,1,1
AG,"[0, 1, 2, 3]",37,40,1,871,1,0
AG,"[0, 1, 2, 3]",37,40,2,3478,3,3
AG,"[0, 1, 2, 3]",37,40,3,3258,2,2
AG,"[0, 1, 2, 3]",37,40,4,4567,0,2
AG,"[0, 1, 2, 3]",37,40,5,372,0,1
AG,"[0, 1, 2, 3]",37,40,6,7492,2,3
AG,"[0, 1, 2, 3]",37,40,7,6471,1,1
AG,"[0, 1, 2, 3]",37,40,8,4219,2,2
AG,"[0, 1, 2, 3]",37,40,9,1789,1,1
AG,"[0, 1, 2, 3]",37,40,10,5496,1,1
AG,"[0, 1, 2, 3]",37,40,11,295,0,2
AG,"[0, 1, 2, 3]",37,40,12,3077,2,1
AG,"[0, 1, 2, 3]",37,40,13,1098,3,1
AG,"[0, 1, 2, 3]",37,40,14,4258,3,0
AG,"[0, 1, 2, 3]",37,40,15,6694,2,2
AG,"[0, 1, 2, 3]",37,40,16,4668,0,0
AG,"[0, 1, 2, 3]",37,40,17,1124,2,3
AG,"[0, 1, 2, 3]",37,40,18,4548,0,0
AG,"[0, 1, 2, 3]",37,40,19,4232,3,3
AG,"[0, 1, 2, 3]",38,40,0,7564,2,2
AG,"[0, 1, 2, 3]",38,40,1,4308,2,2
AG,"[0, 1, 2, 3]",38,40,2,5354,3,3
AG,"[0, 1, 2, 3]",38,40,3,1339,0,0
AG,"[0, 1, 2, 3]",38,40,4,1204,2,0
AG,"[0, 1, 2, 3]",38,40,5,570,3,3
AG,"[0, 1, 2, 3]",38,40,6,2758,0,1
AG,"[0, 1, 2, 3]",38,40,7,5127,3,0
AG,"[0, 1, 2, 3]",38,40,8,4701,3,3
AG,"[0, 1, 2, 3]",38,40,9,563,3,3
AG,"[0, 1, 2, 3]",38,40,10,5285,2,3
AG,"[0, 1, 2, 3]",38,40,11,2833,3,0
AG,"[0, 1, 2, 3]",38,40,12,1987,0,2
AG,"[0, 1, 2, 3]",38,40,13,1219,2,2
AG,"[0, 1, 2, 3]",38,40,14,989,3,3
AG,"[0, 1, 2, 3]",38,40,15,248,3,2
AG,"[0, 1, 2, 3]",38,40,16,3354,2,3
AG,"[0, 1, 2, 3]",38,40,17,474,1,0
AG,"[0, 1, 2, 3]",38,40,18,6056,1,1
AG,"[0, 1, 2, 3]",38,40,19,3341,2,2
AG,"[0, 1, 2, 3]",39,40,0,4758,2,3
AG,"[0, 1, 2, 3]",39,40,1,7588,3,3
AG,"[0, 1, 2, 3]",39,40,2,2090,1,1
AG,"[0, 1, 2, 3]",39,40,3,5093,3,3
AG,"[0, 1, 2, 3]",39,40,4,7077,0,1
AG,"[0, 1, 2, 3]",39,40,5,2656,0,1
AG,"[0, 1, 2, 3]",39,40,6,2583,3,3
AG,"[0, 1, 2, 3]",39,40,7,5051,2,3
AG,"[0, 1, 2, 3]",39,40,8,2301,1,1
AG,"[0, 1, 2, 3]",39,40,9,833,0,1
AG,"[0, 1, 2, 3]",39,40,10,6384,0,0
AG,"[0, 1, 2, 3]",39,40,11,1924,2,2
AG,"[0, 1, 2, 3]",39,40,12,1087,3,2
AG,"[0, 1, 2, 3]",39,40,13,1857,0,0
AG,"[0, 1, 2, 3]",39,40,14,2566,2,0
AG,"[0, 1, 2, 3]",39,40,15,7030,2,0
AG,"[0, 1, 2, 3]",39,40,16,1031,3,2
AG,"[0, 1, 2, 3]",39,40,17,6145,0,1
AG,"[0, 1, 2, 3]",39,40,18,3297,0,3
AG,"[0, 1, 2, 3]",39,40,19,650,0,3
AG,"[0, 1, 2, 3]",40,40,0,3834,3,3
AG,"[0, 1, 2, 3]",40,40,1,3639,1,1
AG,"[0, 1, 2, 3]",40,40,2,1036,2,3
AG,"[0, 1, 2, 3]",40,40,3,3095,1,1
AG,"[0, 1, 2, 3]",40,40,4,5935,0,3
AG,"[0, 1, 2, 3]",40,40,5,6728,2,2
AG,"[0, 1, 2, 3]",40,40,6,3643,3,0
AG,"[0, 1, 2, 3]",40,40,7,1142,0,2
AG,"[0, 1, 2, 3]",40,40,8,2833,3,0
AG,"[0, 1, 2, 3]",40,40,9,2675,2,2
AG,"[0, 1, 2, 3]",40,40,10,6001,2,3
AG,"[0, 1, 2, 3]",40,40,11,6145,0,1
AG,"[0, 1, 2, 3]",40,40,12,3265,3,1
AG,"[0, 1, 2, 3]",40,40,13,6042,2,2
AG,"[0, 1, 2, 3]",40,40,14,3116,3,2
AG,"[0, 1, 2, 3]",40,40,15,2854,3,3
AG,"[0, 1, 2, 3]",40,40,16,4027,0,1
AG,"[0, 1, 2, 3]",40,40,17,5845,3,2
AG,"[0, 1, 2, 3]",40,40,18,3180,3,0
AG,"[0, 1, 2, 3]",40,40,19,751,2,0
AG,"[0, 1, 2, 3]",41,40,0,5126,2,3
AG,"[0, 1, 2, 3]",41,40,1,4178,0,2
AG,"[0, 1, 2, 3]",41,40,2,4533,2,2
AG,"[0, 1, 2, 3]",41,40,3,5797,0,3
AG,"[0, 1, 2, 3]",41,40,4,3835,3,3
AG,"[0, 1, 2, 3]",41,40,5,584,0,1
AG,"[0, 1, 2, 3]",41,40,6,2794,1,0
AG,"[0, 1, 2, 3]",41,40,7,284,1,1
AG,"[0, 1, 2, 3]",41,40,8,1794,1,1
AG,"[0, 1, 2, 3]",41,40,9,2885,3,3
AG,"[0, 1, 2, 3]",41,40,10,6325,3,0
AG,"[0, 1, 2, 3]",41,40,11,1168,0,2
AG,"[0, 1, 2, 3]",41,40,12,1229,2,2
AG,"[0, 1, 2, 3]",41,40,13,410,2,2
AG,"[0, 1, 2, 3]",41,40,14,3563,0,1
AG,"[0, 1, 2, 3]",41,40,15,7526,0,0
AG,"[0, 1, 2, 3]",41,40,16,5153,2,2
AG,"[0, 1, 2, 3]",41,40,17,5350,2,1
AG,"[0, 1, 2, 3]",41,40,18,564,1,1
AG,"[0, 1, 2, 3]",41,40,19,3670,3,3
AG,"[0, 1, 2, 3]",42,40,0,1160,2,3
AG,"[0, 1, 2, 3]",42,40,1,6907,1,1
AG,"[0, 1, 2, 3]",42,40,2,3167,0,0
AG,"[0, 1, 2, 3]",42,40,3,1125,3,3
AG,"[0, 1, 2, 3]",42,40,4,3702,3,3
AG,"[0, 1, 2, 3]",42,40,5,6718,0,3
AG,"[0, 1, 2, 3]",42,40,6,5350,2,1
AG,"[0, 1, 2, 3]",42,40,7,2897,2,2
AG,"[0, 1, 2, 3]",42,40,8,3672,2,3
AG,"[0, 1, 2, 3]",42,40,9,5804,2,2
AG,"[0, 1, 2, 3]",42,40,10,3483,0,0
AG,"[0, 1, 2, 3]",42,40,11,4397,1,1
AG,"[0, 1, 2, 3]",42,40,12,7077,0,1
AG,"[0, 1, 2, 3]",42,40,13,2546,2,1
AG,"[0, 1, 2, 3]",42,40,14,4326,2,3
AG,"[0, 1, 2, 3]",42,40,15,4490,2,2
AG,"[0, 1, 2, 3]",42,40,16,4657,0,0
AG,"[0, 1, 2, 3]",42,40,17,6433,1,1
AG,"[0, 1, 2, 3]",42,40,18,6640,0,2
AG,"[0, 1, 2, 3]",42,40,19,8,3,0
AG,"[0, 1, 2, 3]",43,40,0,6025,2,2
AG,"[0, 1, 2, 3]",43,40,1,6493,2,3
AG,"[0, 1, 2, 3]",43,40,2,2705,1,1
AG,"[0, 1, 2, 3]",43,40,3,5280,2,2
AG,"[0, 1, 2, 3]",43,40,4,3320,1,1
AG,"[0, 1, 2, 3]",43,40,5,6381,2,2
AG,"[0, 1, 2, 3]",43,40,6,6398,2,0
AG,"[0, 1, 2, 3]",43,40,7,4145,3,3
AG,"[0, 1, 2, 3]",43,40,8,6145,0,1
AG,"[0, 1, 2, 3]",43,40,9,140,1,1
AG,"[0, 1, 2, 3]",43,40,10,6267,2,1
AG,"[0, 1, 2, 3]",43,40,11,2709,3,3
AG,"[0, 1, 2, 3]",43,40,12,5350,2,1
AG,"[0, 1, 2, 3]",43,40,13,4677,0,3
AG,"[0, 1, 2, 3]",43,40,14,4481,0,2
AG,"[0, 1, 2, 3]",43,40,15,1971,0,0
AG,"[0, 1, 2, 3]",43,40,16,7362,0,0
AG,"[0, 1, 2, 3]",43,40,17,7463,2,3
AG,"[0, 1, 2, 3]",43,40,18,1283,1,1
AG,"[0, 1, 2, 3]",43,40,19,4846,0,2
AG,"[0, 1, 2, 3]",44,40,0,125,2,3
AG,"[0, 1, 2, 3]",44,40,1,1691,0,2
AG,"[0, 1, 2, 3]",44,40,2,7583,1,1
AG,"[0, 1, 2, 3]",44,40,3,4946,1,1
AG,"[0, 1, 2, 3]",44,40,4,3926,1,1
AG,"[0, 1, 2, 3]",44,40,5,6959,2,2
AG,"[0, 1, 2, 3]",44,40,6,3718,0,1
AG,"[0, 1, 2, 3]",44,40,7,5899,3,3
AG,"[0, 1, 2, 3]",44,40,8,2233,2,3
AG,"[0, 1, 2, 3]",44,40,9,1044,2,2
AG,"[0, 1, 2, 3]",44,40,10,7413,2,0
AG,"[0, 1, 2, 3]",44,40,11,5649,0,0
AG,"[0, 1, 2, 3]",44,40,12,626,0,1
AG,"[0, 1, 2, 3]",44,40,13,3580,2,3
AG,"[0, 1, 2, 3]",44,40,14,2778,3,2
AG,"[0, 1, 2, 3]",44,40,15,6067,2,0
AG,"[0, 1, 2, 3]",44,40,16,1326,3,2
AG,"[0, 1, 2, 3]",44,40,17,5602,2,0
AG,"[0, 1, 2, 3]",44,40,18,6381,2,2
AG,"[0, 1, 2, 3]",44,40,19,5993,0,0
AG,"[0, 1, 2, 3]",45,40,0,6742,2,2
AG,"[0, 1, 2, 3]",45,40,1,4565,2,2
AG,"[0, 1, 2, 3]",45,40,2,5168,1,1
AG,"[0, 1, 2, 3]",45,40,3,3079,1,1
AG,"[0, 1, 2, 3]",45,40,4,2806,3,2
AG,"[0, 1, 2, 3]",45,40,5,868,0,0
AG,"[0, 1, 2, 3]",45,40,6,1377,3,1
AG,"[0, 1, 2, 3]",45,40,7,3621,1,1
AG,"[0, 1, 2, 3]",45,40,8,3146,3,3
AG,"[0, 1, 2, 3]",45,40,9,3333,0,0
AG,"[0, 1, 2, 3]",45,40,10,336,2,0
AG,"[0, 1, 2, 3]",45,40,11,120,0,2
AG,"[0, 1, 2, 3]",45,40,12,1790,2,3
AG,"[0, 1, 2, 3]",45,40,13,1124,2,3
AG,"[0, 1, 2, 3]",45,40,14,6991,3,2
AG,"[0, 1, 2, 3]",45,40,15,7550,1,0
AG,"[0, 1, 2, 3]",45,40,16,2448,2,2
AG,"[0, 1, 2, 3]",45,40,17,3515,0,2
AG,"[0, 1, 2, 3]",45,40,18,3467,3,3
AG,"[0, 1, 2, 3]",45,40,19,3039,0,0
AG,"[0, 1, 2, 3]",46,40,0,4019,1,2
AG,"[0, 1, 2, 3]",46,40,1,6267,2,1
AG,"[0, 1, 2, 3]",46,40,2,2199,3,3
AG,"[0, 1, 2, 3]",46,40,3,88,0,1
AG,"[0, 1, 2, 3]",46,40,4,3715,3,3
AG,"[0, 1, 2, 3]",46,40,5,5882,1,0
AG,"[0, 1, 2, 3]",46,40,6,5145,3,0
AG,"[0, 1, 2, 3]",46,40,7,4821,0,0
AG,"[0, 1, 2, 3]",46,40,8,5292,2,2
AG,"[0, 1, 2, 3]",46,40,9,2809,1,1
AG,"[0, 1, 2, 3]",46,40,10,5209,1,1
AG,"[0, 1, 2, 3]",46,40,11,5634,3,2
AG,"[0, 1, 2, 3]",46,40,12,5674,2,0
AG,"[0, 1, 2, 3]",46,40,13,7492,2,3
AG,"[0, 1, 2, 3]",46,40,14,142,1,1
AG,"[0, 1, 2, 3]",46,40,15,6849,2,3
AG,"[0, 1, 2, 3]",46,40,16,1926,2,1
AG,"[0, 1, 2, 3]",46,40,17,3676,3,3
AG,"[0, 1, 2, 3]",46,40,18,7290,2,3
AG,"[0, 1, 2, 3]",46,40,19,626,0,1
AG,"[0, 1, 2, 3]",47,40,0,5627,3,2
AG,"[0, 1, 2, 3]",47,40,1,2597,2,2
AG,"[0, 1, 2, 3]",47,40,2,1317,1,0
AG,"[0, 1, 2, 3]",47,40,3,5674,2,0
AG,"[0, 1, 2, 3]",47,40,4,3129,3,3
AG,"[0, 1, 2, 3]",47,40,5,7453,3,3
AG,"[0, 1, 2, 3]",47,40,6,4300,1,2
AG,"[0, 1, 2, 3]",47,40,7,3354,2,3
AG,"[0, 1, 2, 3]",47,40,8,424,3,3
AG,"[0, 1, 2, 3]",47,40,9,1519,0,0
AG,"[0, 1, 2, 3]",47,40,10,1135,1,1
AG,"[0, 1, 2, 3]",47,40,11,5462,3,3
AG,"[0, 1, 2, 3]",47,40,12,355,0,1
AG,"[0, 1, 2, 3]",47,40,13,6466,3,3
AG,"[0, 1, 2, 3]",47,40,14,2656,0,1
AG,"[0, 1, 2, 3]",47,40,15,3164,0,0
AG,"[0, 1, 2, 3]",47,40,16,3599,1,1
AG,"[0, 1, 2, 3]",47,40,17,2566,2,0
AG,"[0, 1, 2, 3]",47,40,18,5925,2,2
AG,"[0, 1, 2, 3]",47,40,19,6694,2,2
AG,"[0, 1, 2, 3]",48,40,0,3900,0,1
AG,"[0, 1, 2, 3]",48,40,1,3817,2,2
AG,"[0, 1, 2, 3]",48,40,2,415,1,3
AG,"[0, 1, 2, 3]",48,40,3,2591,0,1
AG,"[0, 1, 2, 3]",48,40,4,3661,0,1
AG,"[0, 1, 2, 3]",48,40,5,4397,1,1
AG,"[0, 1, 2, 3]",48,40,6,2810,3,2
AG,"[0, 1, 2, 3]",48,40,7,4528,0,2
AG,"[0, 1, 2, 3]",48,40,8,6018,3,3
AG,"[0, 1, 2, 3]",48,40,9,1393,1,1
AG,"[0, 1, 2, 3]",48,40,10,2423,3,0
AG,"[0, 1, 2, 3]",48,40,11,5445,0,0
AG,"[0, 1, 2, 3]",48,40,12,5189,3,3
AG,"[0, 1, 2, 3]",48,40,13,2244,1,1
AG,"[0, 1, 2, 3]",48,40,14,940,1,0
AG,"[0, 1, 2, 3]",48,40,15,1896,2,0
AG,"[0, 1, 2, 3]",48,40,16,1344,2,2
AG,"[0, 1, 2, 3]",48,40,17,6493,2,3
AG,"[0, 1, 2, 3]",48,40,18,3986,3,3
AG,"[0, 1, 2, 3]",48,40,19,5356,0,0
AG,"[0, 1, 2, 3]",49,40,0,4241,2,3
AG,"[0, 1, 2, 3]",49,40,1,881,2,0
AG,"[0, 1, 2, 3]",49,40,2,5165,2,2
AG,"[0, 1, 2, 3]",49,40,3,4466,0,0
AG,"[0, 1, 2, 3]",49,40,4,1464,0,0
AG,"[0, 1, 2, 3]",49,40,5,1080,0,1
AG,"[0, 1, 2, 3]",49,40,6,3180,3,0
AG,"[0, 1, 2, 3]",49,40,7,2471,1,1
AG,"[0, 1, 2, 3]",49,40,8,4681,2,3
AG,"[0, 1, 2, 3]",49,40,9,1741,1,1
AG,"[0, 1, 2, 3]",49,40,10,4014,2,2
AG,"[0, 1, 2, 3]",49,40,11,6122,2,2
AG,"[0, 1, 2, 3]",49,40,12,1737,1,1
AG,"[0, 1, 2, 3]",49,40,13,5350,2,1
AG,"[0, 1, 2, 3]",49,40,14,4549,0,1
AG,"[0, 1, 2, 3]",49,40,15,3515,0,2
AG,"[0, 1, 2, 3]",49,40,16,6317,3,3
AG,"[0, 1, 2, 3]",49,40,17,3343,3,2
AG,"[0, 1, 2, 3]",49,40,18,1934,0,0
AG,"[0, 1, 2, 3]",49,40,19,7524,2,2
BIOS,"[1, 21, 24]",0,40,0,50995,24,24
BIOS,"[1, 21, 24]",0,40,1,20959,1,24
BIOS,"[1, 21, 24]",0,40,2,88212,1,1
BIOS,"[1, 21, 24]",0,40,3,66476,1,1
BIOS,"[1, 21, 24]",0,40,4,60776,1,24
BIOS,"[1, 21, 24]",0,40,5,97438,1,24
BIOS,"[1, 21, 24]",0,40,6,23376,21,21
BIOS,"[1, 21, 24]",0,40,7,50037,24,1
BIOS,"[1, 21, 24]",0,40,8,7499,24,24
BIOS,"[1, 21, 24]",0,40,9,48437,1,21
BIOS,"[1, 21, 24]",0,40,10,93044,24,21
BIOS,"[1, 21, 24]",0,40,11,36070,21,1
BIOS,"[1, 21, 24]",0,40,12,42597,21,1
BIOS,"[1, 21, 24]",0,40,13,10562,24,21
BIOS,"[1, 21, 24]",0,40,14,97728,1,1
BIOS,"[1, 21, 24]",0,40,15,60384,1,1
BIOS,"[1, 21, 24]",0,40,16,2838,1,21
BIOS,"[1, 21, 24]",0,40,17,70417,24,1
BIOS,"[1, 21, 24]",0,40,18,43409,1,24
BIOS,"[1, 21, 24]",0,40,19,85447,1,1
BIOS,"[1, 21, 24]",1,40,0,2001,21,21
BIOS,"[1, 21, 24]",1,40,1,50037,24,1
BIOS,"[1, 21, 24]",1,40,2,3195,21,21
BIOS,"[1, 21, 24]",1,40,3,62561,1,1
BIOS,"[1, 21, 24]",1,40,4,97904,1,1
BIOS,"[1, 21, 24]",1,40,5,32376,21,21
BIOS,"[1, 21, 24]",1,40,6,76973,1,24
BIOS,"[1, 21, 24]",1,40,7,78634,24,24
BIOS,"[1, 21, 24]",1,40,8,86894,1,24
BIOS,"[1, 21, 24]",1,40,9,39510,24,1
BIOS,"[1, 21, 24]",1,40,10,43924,24,21
BIOS,"[1, 21, 24]",1,40,11,53612,24,24
BIOS,"[1, 21, 24]",1,40,12,17757,21,21
BIOS,"[1, 21, 24]",1,40,13,39909,1,1
BIOS,"[1, 21, 24]",1,40,14,94964,1,24
BIOS,"[1, 21, 24]",1,40,15,50460,24,1
BIOS,"[1, 21, 24]",1,40,16,41417,21,24
BIOS,"[1, 21, 24]",1,40,17,79174,21,21
BIOS,"[1, 21, 24]",1,40,18,8172,1,21
BIOS,"[1, 21, 24]",1,40,19,94237,21,21
BIOS,"[1, 21, 24]",2,40,0,92108,24,24
BIOS,"[1, 21, 24]",2,40,1,675,21,21
BIOS,"[1, 21, 24]",2,40,2,92472,21,21
BIOS,"[1, 21, 24]",2,40,3,47618,1,24
BIOS,"[1, 21, 24]",2,40,4,38065,24,21
BIOS,"[1, 21, 24]",2,40,5,62191,24,24
BIOS,"[1, 21, 24]",2,40,6,15919,24,1
BIOS,"[1, 21, 24]",2,40,7,33023,24,1
BIOS,"[1, 21, 24]",2,40,8,73868,24,1
BIOS,"[1, 21, 24]",2,40,9,55935,1,1
BIOS,"[1, 21, 24]",2,40,10,63651,1,21
BIOS,"[1, 21, 24]",2,40,11,53609,24,21
BIOS,"[1, 21, 24]",2,40,12,81770,1,24
BIOS,"[1, 21, 24]",2,40,13,91128,24,24
BIOS,"[1, 21, 24]",2,40,14,41860,21,24
BIOS,"[1, 21, 24]",2,40,15,55759,1,21
BIOS,"[1, 21, 24]",2,40,16,7638,24,1
BIOS,"[1, 21, 24]",2,40,17,39125,21,21
BIOS,"[1, 21, 24]",2,40,18,53172,21,21
BIOS,"[1, 21, 24]",2,40,19,44249,1,1
BIOS,"[1, 21, 24]",3,40,0,60720,21,21
BIOS,"[1, 21, 24]",3,40,1,43409,1,24
BIOS,"[1, 21, 24]",3,40,2,59484,21,21
BIOS,"[1, 21, 24]",3,40,3,16858,1,21
BIOS,"[1, 21, 24]",3,40,4,47282,21,1
BIOS,"[1, 21, 24]",3,40,5,85497,1,21
BIOS,"[1, 21, 24]",3,40,6,97854,21,21
BIOS,"[1, 21, 24]",3,40,7,33147,21,21
BIOS,"[1, 21, 24]",3,40,8,77747,24,24
BIOS,"[1, 21, 24]",3,40,9,74682,1,21
BIOS,"[1, 21, 24]",3,40,10,95593,21,21
BIOS,"[1, 21, 24]",3,40,11,16956,1,1
BIOS,"[1, 21, 24]",3,40,12,62364,1,24
BIOS,"[1, 21, 24]",3,40,13,13563,1,24
BIOS,"[1, 21, 24]",3,40,14,58000,24,1
BIOS,"[1, 21, 24]",3,40,15,80460,21,24
BIOS,"[1, 21, 24]",3,40,16,91631,1,24
BIOS,"[1, 21, 24]",3,40,17,28454,1,21
BIOS,"[1, 21, 24]",3,40,18,29327,1,21
BIOS,"[1, 21, 24]",3,40,19,94699,1,24
BIOS,"[1, 21, 24]",4,40,0,59000,1,24
BIOS,"[1, 21, 24]",4,40,1,90019,1,24
BIOS,"[1, 21, 24]",4,40,2,59666,1,24
BIOS,"[1, 21, 24]",4,40,3,80042,24,24
BIOS,"[1, 21, 24]",4,40,4,49568,21,21
BIOS,"[1, 21, 24]",4,40,5,66491,24,24
BIOS,"[1, 21, 24]",4,40,6,71564,24,1
BIOS,"[1, 21, 24]",4,40,7,21403,1,24
BIOS,"[1, 21, 24]",4,40,8,65747,1,24
BIOS,"[1, 21, 24]",4,40,9,57514,1,1
BIOS,"[1, 21, 24]",4,40,10,78631,24,21
BIOS,"[1, 21, 24]",4,40,11,33023,24,1
BIOS,"[1, 21, 24]",4,40,12,4765,1,24
BIOS,"[1, 21, 24]",4,40,13,70811,21,21
BIOS,"[1, 21, 24]",4,40,14,16858,1,21
BIOS,"[1, 21, 24]",4,40,15,82265,24,1
BIOS,"[1, 21, 24]",4,40,16,78270,24,1
BIOS,"[1, 21, 24]",4,40,17,80784,24,1
BIOS,"[1, 21, 24]",4,40,18,70648,21,21
BIOS,"[1, 21, 24]",4,40,19,55003,1,1
BIOS,"[1, 21, 24]",5,40,0,38245,21,1
BIOS,"[1, 21, 24]",5,40,1,54411,1,21
BIOS,"[1, 21, 24]",5,40,2,34024,24,21
BIOS,"[1, 21, 24]",5,40,3,6396,21,21
BIOS,"[1, 21, 24]",5,40,4,37111,21,21
BIOS,"[1, 21, 24]",5,40,5,6023,21,24
BIOS,"[1, 21, 24]",5,40,6,63299,1,1
BIOS,"[1, 21, 24]",5,40,7,25491,1,1
BIOS,"[1, 21, 24]",5,40,8,50071,24,1
BIOS,"[1, 21, 24]",5,40,9,97054,1,21
BIOS,"[1, 21, 24]",5,40,10,64696,24,24
BIOS,"[1, 21, 24]",5,40,11,4119,24,24
BIOS,"[1, 21, 24]",5,40,12,5084,21,21
BIOS,"[1, 21, 24]",5,40,13,81469,24,24
BIOS,"[1, 21, 24]",5,40,14,14585,24,24
BIOS,"[1, 21, 24]",5,40,15,60174,24,24
BIOS,"[1, 21, 24]",5,40,16,44873,21,21
BIOS,"[1, 21, 24]",5,40,17,61719,21,1
BIOS,"[1, 21, 24]",5,40,18,93976,1,24
BIOS,"[1, 21, 24]",5,40,19,53789,21,21
BIOS,"[1, 21, 24]",6,40,0,55571,21,1
BIOS,"[1, 21, 24]",6,40,1,21051,1,24
BIOS,"[1, 21, 24]",6,40,2,60526,21,21
BIOS,"[1, 21, 24]",6,40,3,36565,24,1
BIOS,"[1, 21, 24]",6,40,4,50576,24,1
BIOS,"[1, 21, 24]",6,40,5,16106,24,1
BIOS,"[1, 21, 24]",6,40,6,75251,1,1
BIOS,"[1, 21, 24]",6,40,7,56682,24,21
BIOS,"[1, 21, 24]",6,40,8,97141,24,24
BIOS,"[1, 21, 24]",6,40,9,47522,24,24
BIOS,"[1, 21, 24]",6,40,10,61598,21,21
BIOS,"[1, 21, 24]",6,40,11,97804,1,21
BIOS,"[1, 21, 24]",6,40,12,12314,21,21
BIOS,"[1, 21, 24]",6,40,13,33194,24,24
BIOS,"[1, 21, 24]",6,40,14,94083,1,1
BIOS,"[1, 21, 24]",6,40,15,77264,1,21
BIOS,"[1, 21, 24]",6,40,16,74058,1,24
BIOS,"[1, 21, 24]",6,40,17,91023,21,21
BIOS,"[1, 21, 24]",6,40,18,23384,1,21
BIOS,"[1, 21, 24]",6,40,19,7905,1,1
BIOS,"[1, 21, 24]",7,40,0,65721,1,21
BIOS,"[1, 21, 24]",7,40,1,57646,21,21
BIOS,"[1, 21, 24]",7,40,2,30753,1,1
BIOS,"[1, 21, 24]",7,40,3,69387,21,21
BIOS,"[1, 21, 24]",7,40,4,26702,1,21
BIOS,"[1, 21, 24]",7,40,5,19315,24,24
BIOS,"[1, 21, 24]",7,40,6,3925,24,24
BIOS,"[1, 21, 24]",7,40,7,53794,1,21
BIOS,"[1, 21, 24]",7,40,8,76001,1,1
BIOS,"[1, 21, 24]",7,40,9,69704,1,24
BIOS,"[1, 21, 24]",7,40,10,67698,24,24
BIOS,"[1, 21, 24]",7,40,11,29109,1,1
BIOS,"[1, 21, 24]",7,40,12,54029,24,24
BIOS,"[1, 21, 24]",7,40,13,38421,24,24
BIOS,"[1, 21, 24]",7,40,14,2840,24,1
BIOS,"[1, 21, 24]",7,40,15,62698,24,21
BIOS,"[1, 21, 24]",7,40,16,6214,1,24
BIOS,"[1, 21, 24]",7,40,17,5461,1,1
BIOS,"[1, 21, 24]",7,40,18,77658,1,21
BIOS,"[1, 21, 24]",7,40,19,96373,21,21
BIOS,"[1, 21, 24]",8,40,0,87821,21,21
BIOS,"[1, 21, 24]",8,40,1,1634,24,21
BIOS,"[1, 21, 24]",8,40,2,61089,1,21
BIOS,"[1, 21, 24]",8,40,3,21564,24,24
BIOS,"[1, 21, 24]",8,40,4,84434,1,21
BIOS,"[1, 21, 24]",8,40,5,51008,24,1
BIOS,"[1, 21, 24]",8,40,6,27710,1,1
BIOS,"[1, 21, 24]",8,40,7,29567,1,1
BIOS,"[1, 21, 24]",8,40,8,91905,21,21
BIOS,"[1, 21, 24]",8,40,9,84724,24,1
BIOS,"[1, 21, 24]",8,40,10,38004,1,1
BIOS,"[1, 21, 24]",8,40,11,16927,21,21
BIOS,"[1, 21, 24]",8,40,12,26684,1,24
BIOS,"[1, 21, 24]",8,40,13,55004,24,1
BIOS,"[1, 21, 24]",8,40,14,97804,1,21
BIOS,"[1, 21, 24]",8,40,15,35269,1,24
BIOS,"[1, 21, 24]",8,40,16,22425,1,1
BIOS,"[1, 21, 24]",8,40,17,35976,1,1
BIOS,"[1, 21, 24]",8,40,18,56078,24,1
BIOS,"[1, 21, 24]",8,40,19,88272,24,24
BIOS,"[1, 21, 24]",9,40,0,3448,1,21
BIOS,"[1, 21, 24]",9,40,1,29340,21,21
BIOS,"[1, 21, 24]",9,40,2,53922,21,21
BIOS,"[1, 21, 24]",9,40,3,64291,24,24
BIOS,"[1, 21, 24]",9,40,4,97906,1,24
BIOS,"[1, 21, 24]",9,40,5,36072,24,21
BIOS,"[1, 21, 24]",9,40,6,93944,24,21
BIOS,"[1, 21, 24]",9,40,7,62735,1,24
BIOS,"[1, 21, 24]",9,40,8,48119,24,21
BIOS,"[1, 21, 24]",9,40,9,78155,24,24
BIOS,"[1, 21, 24]",9,40,10,23538,21,21
BIOS,"[1, 21, 24]",9,40,11,85173,1,1
BIOS,"[1, 21, 24]",9,40,12,56355,21,21
BIOS,"[1, 21, 24]",9,40,13,60851,24,24
BIOS,"[1, 21, 24]",9,40,14,67556,1,24
BIOS,"[1, 21, 24]",9,40,15,39831,24,1
BIOS,"[1, 21, 24]",9,40,16,42863,24,24
BIOS,"[1, 21, 24]",9,40,17,78270,24,1
BIOS,"[1, 21, 24]",9,40,18,39341,21,21
BIOS,"[1, 21, 24]",9,40,19,73674,1,24
BIOS,"[1, 21, 24]",10,40,0,24622,24,1
BIOS,"[1, 21, 24]",10,40,1,23266,21,21
BIOS,"[1, 21, 24]",10,40,2,4765,1,24
BIOS,"[1, 21, 24]",10,40,3,90220,21,24
BIOS,"[1, 21, 24]",10,40,4,42679,21,1
BIOS,"[1, 21, 24]",10,40,5,29471,21,21
BIOS,"[1, 21, 24]",10,40,6,80262,1,1
BIOS,"[1, 21, 24]",10,40,7,80716,21,21
BIOS,"[1, 21, 24]",10,40,8,3735,21,21
BIOS,"[1, 21, 24]",10,40,9,67303,24,21
BIOS,"[1, 21, 24]",10,40,10,14930,1,24
BIOS,"[1, 21, 24]",10,40,11,78772,24,1
BIOS,"[1, 21, 24]",10,40,12,18483,1,24
BIOS,"[1, 21, 24]",10,40,13,54110,21,21
BIOS,"[1, 21, 24]",10,40,14,83799,24,24
BIOS,"[1, 21, 24]",10,40,15,1368,1,21
BIOS,"[1, 21, 24]",10,40,16,37380,24,1
BIOS,"[1, 21, 24]",10,40,17,48672,1,21
BIOS,"[1, 21, 24]",10,40,18,65733,1,1
BIOS,"[1, 21, 24]",10,40,19,84343,21,21
BIOS,"[1, 21, 24]",11,40,0,79600,24,24
BIOS,"[1, 21, 24]",11,40,1,73466,21,21
BIOS,"[1, 21, 24]",11,40,2,98241,1,1
BIOS,"[1, 21, 24]",11,40,3,95403,21,21
BIOS,"[1, 21, 24]",11,40,4,46640,24,1
BIOS,"[1, 21, 24]",11,40,5,41876,1,1
BIOS,"[1, 21, 24]",11,40,6,83398,24,21
BIOS,"[1, 21, 24]",11,40,7,58372,24,1
BIOS,"[1, 21, 24]",11,40,8,98852,24,24
BIOS,"[1, 21, 24]",11,40,9,41077,1,21
BIOS,"[1, 21, 24]",11,40,10,89648,1,24
BIOS,"[1, 21, 24]",11,40,11,38556,1,21
BIOS,"[1, 21, 24]",11,40,12,1106,1,24
BIOS,"[1, 21, 24]",11,40,13,53209,1,1
BIOS,"[1, 21, 24]",11,40,14,63102,24,24
BIOS,"[1, 21, 24]",11,40,15,33631,21,21
BIOS,"[1, 21, 24]",11,40,16,82504,21,1
BIOS,"[1, 21, 24]",11,40,17,46514,21,21
BIOS,"[1, 21, 24]",11,40,18,83755,24,21
BIOS,"[1, 21, 24]",11,40,19,72628,1,24
BIOS,"[1, 21, 24]",12,40,0,77904,24,21
BIOS,"[1, 21, 24]",12,40,1,80884,21,1
BIOS,"[1, 21, 24]",12,40,2,84451,1,21
BIOS,"[1, 21, 24]",12,40,3,55940,1,24
BIOS,"[1, 21, 24]",12,40,4,80183,21,21
BIOS,"[1, 21, 24]",12,40,5,37173,1,1
BIOS,"[1, 21, 24]",12,40,6,85307,1,1
BIOS,"[1, 21, 24]",12,40,7,41944,21,21
BIOS,"[1, 21, 24]",12,40,8,89349,24,24
BIOS,"[1, 21, 24]",12,40,9,40025,1,1
BIOS,"[1, 21, 24]",12,40,10,41442,1,24
BIOS,"[1, 21, 24]",12,40,11,80206,21,21
BIOS,"[1, 21, 24]",12,40,12,37619,1,24
BIOS,"[1, 21, 24]",12,40,13,53609,24,21
BIOS,"[1, 21, 24]",12,40,14,94959,1,21
BIOS,"[1, 21, 24]",12,40,15,8039,1,1
BIOS,"[1, 21, 24]",12,40,16,93794,21,24
BIOS,"[1, 21, 24]",12,40,17,13876,24,24
BIOS,"[1, 21, 24]",12,40,18,33744,1,1
BIOS,"[1, 21, 24]",12,40,19,14201,21,21
BIOS,"[1, 21, 24]",13,40,0,12776,1,1
BIOS,"[1, 21, 24]",13,40,1,38245,21,1
BIOS,"[1, 21, 24]",13,40,2,25256,24,1
BIOS,"[1, 21, 24]",13,40,3,51052,21,21
BIOS,"[1, 21, 24]",13,40,4,22655,21,21
BIOS,"[1, 21, 24]",13,40,5,44319,1,1
BIOS,"[1, 21, 24]",13,40,6,38433,21,21
BIOS,"[1, 21, 24]",13,40,7,74101,24,24
BIOS,"[1, 21, 24]",13,40,8,18444,1,24
BIOS,"[1, 21, 24]",13,40,9,60857,1,21
BIOS,"[1, 21, 24]",13,40,10,13376,21,1
BIOS,"[1, 21, 24]",13,40,11,57660,1,1
BIOS,"[1, 21, 24]",13,40,12,54998,1,1
BIOS,"[1, 21, 24]",13,40,13,23301,24,24
BIOS,"[1, 21, 24]",13,40,14,320,1,21
BIOS,"[1, 21, 24]",13,40,15,70417,24,1
BIOS,"[1, 21, 24]",13,40,16,22813,21,1
BIOS,"[1, 21, 24]",13,40,17,84449,1,1
BIOS,"[1, 21, 24]",13,40,18,48608,21,21
BIOS,"[1, 21, 24]",13,40,19,50829,1,24
BIOS,"[1, 21, 24]",14,40,0,80786,21,21
BIOS,"[1, 21, 24]",14,40,1,93341,1,1
BIOS,"[1, 21, 24]",14,40,2,68846,24,24
BIOS,"[1, 21, 24]",14,40,3,93258,21,21
BIOS,"[1, 21, 24]",14,40,4,25461,24,1
BIOS,"[1, 21, 24]",14,40,5,93710,24,24
BIOS,"[1, 21, 24]",14,40,6,22379,21,21
BIOS,"[1, 21, 24]",14,40,7,74645,24,24
BIOS,"[1, 21, 24]",14,40,8,83246,1,1
BIOS,"[1, 21, 24]",14,40,9,59000,1,24
BIOS,"[1, 21, 24]",14,40,10,89907,1,24
BIOS,"[1, 21, 24]",14,40,11,4113,1,24
BIOS,"[1, 21, 24]",14,40,12,25816,1,24
BIOS,"[1, 21, 24]",14,40,13,16697,1,1
BIOS,"[1, 21, 24]",14,40,14,62014,1,21
BIOS,"[1, 21, 24]",14,40,15,34145,1,24
BIOS,"[1, 21, 24]",14,40,16,4822,24,21
BIOS,"[1, 21, 24]",14,40,17,84976,21,1
BIOS,"[1, 21, 24]",14,40,18,97989,1,1
BIOS,"[1, 21, 24]",14,40,19,81573,1,24
BIOS,"[1, 21, 24]",15,40,0,73140,1,24
BIOS,"[1, 21, 24]",15,40,1,27526,1,1
BIOS,"[1, 21, 24]",15,40,2,13483,21,21
BIOS,"[1, 21, 24]",15,40,3,44589,1,1
BIOS,"[1, 21, 24]",15,40,4,77040,21,21
BIOS,"[1, 21, 24]",15,40,5,49068,24,21
BIOS,"[1, 21, 24]",15,40,6,23482,21,21
BIOS,"[1, 21, 24]",15,40,7,74473,24,24
BIOS,"[1, 21, 24]",15,40,8,91823,21,21
BIOS,"[1, 21, 24]",15,40,9,46631,1,24
BIOS,"[1, 21, 24]",15,40,10,96938,1,21
BIOS,"[1, 21, 24]",15,40,11,8784,1,1
BIOS,"[1, 21, 24]",15,40,12,8593,24,1
BIOS,"[1, 21, 24]",15,40,13,7996,1,1
BIOS,"[1, 21, 24]",15,40,14,24112,24,24
BIOS,"[1, 21, 24]",15,40,15,54029,24,24
BIOS,"[1, 21, 24]",15,40,16,79961,1,1
BIOS,"[1, 21, 24]",15,40,17,10195,24,21
BIOS,"[1, 21, 24]",15,40,18,24555,21,21
BIOS,"[1, 21, 24]",15,40,19,30983,1,1
BIOS,"[1, 21, 24]",16,40,0,35947,1,1
BIOS,"[1, 21, 24]",16,40,1,38556,1,21
BIOS,"[1, 21, 24]",16,40,2,88240,24,1
BIOS,"[1, 21, 24]",16,40,3,674,1,21
BIOS,"[1, 21, 24]",16,40,4,56478,21,21
BIOS,"[1, 21, 24]",16,40,5,50235,21,21
BIOS,"[1, 21, 24]",16,40,6,18644,24,24
BIOS,"[1, 21, 24]",16,40,7,14179,21,1
BIOS,"[1, 21, 24]",16,40,8,36374,24,1
BIOS,"[1, 21, 24]",16,40,9,33116,21,21
BIOS,"[1, 21, 24]",16,40,10,38694,24,24
BIOS,"[1, 21, 24]",16,40,11,95002,1,24
BIOS,"[1, 21, 24]",16,40,12,47979,1,1
BIOS,"[1, 21, 24]",16,40,13,66738,24,24
BIOS,"[1, 21, 24]",16,40,14,50943,1,24
BIOS,"[1, 21, 24]",16,40,15,72947,1,24
BIOS,"[1, 21, 24]",16,40,16,84815,1,21
BIOS,"[1, 21, 24]",16,40,17,65988,21,21
BIOS,"[1, 21, 24]",16,40,18,1683,24,1
BIOS,"[1, 21, 24]",16,40,19,21178,21,24
BIOS,"[1, 21, 24]",17,40,0,19887,24,24
BIOS,"[1, 21, 24]",17,40,1,68479,24,24
BIOS,"[1, 21, 24]",17,40,2,18920,21,21
BIOS,"[1, 21, 24]",17,40,3,77904,24,21
BIOS,"[1, 21, 24]",17,40,4,18483,1,24
BIOS,"[1, 21, 24]",17,40,5,85369,1,24
BIOS,"[1, 21, 24]",17,40,6,5664,1,1
BIOS,"[1, 21, 24]",17,40,7,44052,24,1
BIOS,"[1, 21, 24]",17,40,8,9166,1,1
BIOS,"[1, 21, 24]",17,40,9,6570,1,1
BIOS,"[1, 21, 24]",17,40,10,40003,1,21
BIOS,"[1, 21, 24]",17,40,11,54447,24,1
BIOS,"[1, 21, 24]",17,40,12,44629,1,21
BIOS,"[1, 21, 24]",17,40,13,93895,21,21
BIOS,"[1, 21, 24]",17,40,14,12539,1,1
BIOS,"[1, 21, 24]",17,40,15,36572,24,1
BIOS,"[1, 21, 24]",17,40,16,1264,24,24
BIOS,"[1, 21, 24]",17,40,17,27901,1,21
BIOS,"[1, 21, 24]",17,40,18,66408,21,21
BIOS,"[1, 21, 24]",17,40,19,36063,1,24
BIOS,"[1, 21, 24]",18,40,0,22278,24,1
BIOS,"[1, 21, 24]",18,40,1,79725,24,24
BIOS,"[1, 21, 24]",18,40,2,66884,1,24
BIOS,"[1, 21, 24]",18,40,3,18064,24,24
BIOS,"[1, 21, 24]",18,40,4,4133,24,21
BIOS,"[1, 21, 24]",18,40,5,26031,1,1
BIOS,"[1, 21, 24]",18,40,6,63447,1,21
BIOS,"[1, 21, 24]",18,40,7,83923,24,24
BIOS,"[1, 21, 24]",18,40,8,55215,24,24
BIOS,"[1, 21, 24]",18,40,9,82573,24,1
BIOS,"[1, 21, 24]",18,40,10,12317,21,21
BIOS,"[1, 21, 24]",18,40,11,25963,21,21
BIOS,"[1, 21, 24]",18,40,12,41906,1,1
BIOS,"[1, 21, 24]",18,40,13,13349,24,24
BIOS,"[1, 21, 24]",18,40,14,70435,1,21
BIOS,"[1, 21, 24]",18,40,15,87313,21,21
BIOS,"[1, 21, 24]",18,40,16,90119,21,21
BIOS,"[1, 21, 24]",18,40,17,3861,24,21
BIOS,"[1, 21, 24]",18,40,18,37230,1,1
BIOS,"[1, 21, 24]",18,40,19,50829,1,24
BIOS,"[1, 21, 24]",19,40,0,55442,21,21
BIOS,"[1, 21, 24]",19,40,1,80026,1,1
BIOS,"[1, 21, 24]",19,40,2,16323,24,1
BIOS,"[1, 21, 24]",19,40,3,51008,24,1
BIOS,"[1, 21, 24]",19,40,4,54913,21,21
BIOS,"[1, 21, 24]",19,40,5,14410,21,21
BIOS,"[1, 21, 24]",19,40,6,11005,24,24
BIOS,"[1, 21, 24]",19,40,7,5589,21,1
BIOS,"[1, 21, 24]",19,40,8,3018,21,21
BIOS,"[1, 21, 24]",19,40,9,105,1,24
BIOS,"[1, 21, 24]",19,40,10,37113,21,21
BIOS,"[1, 21, 24]",19,40,11,93074,21,21
BIOS,"[1, 21, 24]",19,40,12,79600,24,24
BIOS,"[1, 21, 24]",19,40,13,76430,24,21
BIOS,"[1, 21, 24]",19,40,14,80646,24,24
BIOS,"[1, 21, 24]",19,40,15,93526,1,1
BIOS,"[1, 21, 24]",19,40,16,62467,24,24
BIOS,"[1, 21, 24]",19,40,17,44700,1,24
BIOS,"[1, 21, 24]",19,40,18,41720,24,21
BIOS,"[1, 21, 24]",19,40,19,11180,24,24
BIOS,"[1, 21, 24]",20,40,0,15114,1,21
BIOS,"[1, 21, 24]",20,40,1,44700,1,24
BIOS,"[1, 21, 24]",20,40,2,98028,1,21
BIOS,"[1, 21, 24]",20,40,3,81225,21,21
BIOS,"[1, 21, 24]",20,40,4,24451,24,24
BIOS,"[1, 21, 24]",20,40,5,64765,21,21
BIOS,"[1, 21, 24]",20,40,6,89636,1,1
BIOS,"[1, 21, 24]",20,40,7,80842,1,1
BIOS,"[1, 21, 24]",20,40,8,37491,24,1
BIOS,"[1, 21, 24]",20,40,9,5020,21,21
BIOS,"[1, 21, 24]",20,40,10,14963,21,21
BIOS,"[1, 21, 24]",20,40,11,26633,1,1
BIOS,"[1, 21, 24]",20,40,12,64306,1,1
BIOS,"[1, 21, 24]",20,40,13,55984,21,21
BIOS,"[1, 21, 24]",20,40,14,24949,24,24
BIOS,"[1, 21, 24]",20,40,15,12892,24,21
BIOS,"[1, 21, 24]",20,40,16,5615,1,21
BIOS,"[1, 21, 24]",20,40,17,34,21,21
BIOS,"[1, 21, 24]",20,40,18,64280,1,1
BIOS,"[1, 21, 24]",20,40,19,72809,21,21
BIOS,"[1, 21, 24]",21,40,0,94964,1,24
BIOS,"[1, 21, 24]",21,40,1,83183,24,24
BIOS,"[1, 21, 24]",21,40,2,93652,21,21
BIOS,"[1, 21, 24]",21,40,3,38702,1,1
BIOS,"[1, 21, 24]",21,40,4,47902,1,21
BIOS,"[1, 21, 24]",21,40,5,20918,1,21
BIOS,"[1, 21, 24]",21,40,6,16751,1,24
BIOS,"[1, 21, 24]",21,40,7,55215,24,24
BIOS,"[1, 21, 24]",21,40,8,29289,21,1
BIOS,"[1, 21, 24]",21,40,9,73676,1,24
BIOS,"[1, 21, 24]",21,40,10,27951,1,1
BIOS,"[1, 21, 24]",21,40,11,7574,1,1
BIOS,"[1, 21, 24]",21,40,12,70721,24,21
BIOS,"[1, 21, 24]",21,40,13,14594,24,24
BIOS,"[1, 21, 24]",21,40,14,49650,24,21
BIOS,"[1, 21, 24]",21,40,15,27707,1,21
BIOS,"[1, 21, 24]",21,40,16,48161,21,21
BIOS,"[1, 21, 24]",21,40,17,23649,21,21
BIOS,"[1, 21, 24]",21,40,18,19569,1,1
BIOS,"[1, 21, 24]",21,40,19,49007,24,24
BIOS,"[1, 21, 24]",22,40,0,80790,24,1
BIOS,"[1, 21, 24]",22,40,1,54120,1,24
BIOS,"[1, 21, 24]",22,40,2,55940,1,24
BIOS,"[1, 21, 24]",22,40,3,22975,21,24
BIOS,"[1, 21, 24]",22,40,4,64457,1,21
BIOS,"[1, 21, 24]",22,40,5,8843,21,21
BIOS,"[1, 21, 24]",22,40,6,31088,1,24
BIOS,"[1, 21, 24]",22,40,7,45152,1,1
BIOS,"[1, 21, 24]",22,40,8,41991,21,21
BIOS,"[1, 21, 24]",22,40,9,12034,24,24
BIOS,"[1, 21, 24]",22,40,10,83827,1,1
BIOS,"[1, 21, 24]",22,40,11,67691,1,1
BIOS,"[1, 21, 24]",22,40,12,19756,21,21
BIOS,"[1, 21, 24]",22,40,13,50460,24,1
BIOS,"[1, 21, 24]",22,40,14,89263,1,1
BIOS,"[1, 21, 24]",22,40,15,30421,21,21
BIOS,"[1, 21, 24]",22,40,16,12866,24,24
BIOS,"[1, 21, 24]",22,40,17,58099,1,24
BIOS,"[1, 21, 24]",22,40,18,77789,1,1
BIOS,"[1, 21, 24]",22,40,19,28936,24,24
BIOS,"[1, 21, 24]",23,40,0,26111,1,1
BIOS,"[1, 21, 24]",23,40,1,61627,1,21
BIOS,"[1, 21, 24]",23,40,2,71826,21,21
BIOS,"[1, 21, 24]",23,40,3,53724,24,24
BIOS,"[1, 21, 24]",23,40,4,68003,21,21
BIOS,"[1, 21, 24]",23,40,5,64826,1,1
BIOS,"[1, 21, 24]",23,40,6,75167,24,24
BIOS,"[1, 21, 24]",23,40,7,29291,24,24
BIOS,"[1, 21, 24]",23,40,8,62087,21,21
BIOS,"[1, 21, 24]",23,40,9,84269,1,24
BIOS,"[1, 21, 24]",23,40,10,7603,1,21
BIOS,"[1, 21, 24]",23,40,11,70291,1,24
BIOS,"[1, 21, 24]",23,40,12,4152,24,1
BIOS,"[1, 21, 24]",23,40,13,46765,1,1
BIOS,"[1, 21, 24]",23,40,14,12139,1,21
BIOS,"[1, 21, 24]",23,40,15,60555,24,1
BIOS,"[1, 21, 24]",23,40,16,79091,21,21
BIOS,"[1, 21, 24]",23,40,17,25828,21,21
BIOS,"[1, 21, 24]",23,40,18,25638,1,24
BIOS,"[1, 21, 24]",23,40,19,78243,21,21
BIOS,"[1, 21, 24]",24,40,0,38422,1,24
BIOS,"[1, 21, 24]",24,40,1,90131,1,1
BIOS,"[1, 21, 24]",24,40,2,87984,24,24
BIOS,"[1, 21, 24]",24,40,3,66869,24,1
BIOS,"[1, 21, 24]",24,40,4,27601,1,24
BIOS,"[1, 21, 24]",24,40,5,88240,24,1
BIOS,"[1, 21, 24]",24,40,6,20367,1,1
BIOS,"[1, 21, 24]",24,40,7,15478,24,24
BIOS,"[1, 21, 24]",24,40,8,23742,21,21
BIOS,"[1, 21, 24]",24,40,9,31870,1,21
BIOS,"[1, 21, 24]",24,40,10,56377,21,21
BIOS,"[1, 21, 24]",24,40,11,16714,24,24
BIOS,"[1, 21, 24]",24,40,12,77820,24,1
BIOS,"[1, 21, 24]",24,40,13,50944,24,24
BIOS,"[1, 21, 24]",24,40,14,86736,1,21
BIOS,"[1, 21, 24]",24,40,15,39466,24,21
BIOS,"[1, 21, 24]",24,40,16,58507,24,1
BIOS,"[1, 21, 24]",24,40,17,58748,21,21
BIOS,"[1, 21, 24]",24,40,18,69818,24,24
BIOS,"[1, 21, 24]",24,40,19,43248,24,24
BIOS,"[1, 21, 24]",25,40,0,33193,1,21
BIOS,"[1, 21, 24]",25,40,1,62364,1,24
BIOS,"[1, 21, 24]",25,40,2,48558,1,21
BIOS,"[1, 21, 24]",25,40,3,37748,24,24
BIOS,"[1, 21, 24]",25,40,4,77046,1,1
BIOS,"[1, 21, 24]",25,40,5,41751,24,21
BIOS,"[1, 21, 24]",25,40,6,44577,21,21
BIOS,"[1, 21, 24]",25,40,7,65854,21,21
BIOS,"[1, 21, 24]",25,40,8,42597,21,1
BIOS,"[1, 21, 24]",25,40,9,87772,1,24
BIOS,"[1, 21, 24]",25,40,10,15822,1,1
BIOS,"[1, 21, 24]",25,40,11,18831,21,1
BIOS,"[1, 21, 24]",25,40,12,189,24,1
BIOS,"[1, 21, 24]",25,40,13,67668,1,1
BIOS,"[1, 21, 24]",25,40,14,6073,1,21
BIOS,"[1, 21, 24]",25,40,15,92318,21,21
BIOS,"[1, 21, 24]",25,40,16,85307,1,1
BIOS,"[1, 21, 24]",25,40,17,25461,24,1
BIOS,"[1, 21, 24]",25,40,18,36400,21,21
BIOS,"[1, 21, 24]",25,40,19,24291,1,24
BIOS,"[1, 21, 24]",26,40,0,2911,21,1
BIOS,"[1, 21, 24]",26,40,1,64769,24,1
BIOS,"[1, 21, 24]",26,40,2,95868,21,21
BIOS,"[1, 21, 24]",26,40,3,5510,1,1
BIOS,"[1, 21, 24]",26,40,4,20825,1,21
BIOS,"[1, 21, 24]",26,40,5,82457,21,21
BIOS,"[1, 21, 24]",26,40,6,11687,21,21
BIOS,"[1, 21, 24]",26,40,7,93526,1,1
BIOS,"[1, 21, 24]",26,40,8,28715,24,24
BIOS,"[1, 21, 24]",26,40,9,9621,1,1
BIOS,"[1, 21, 24]",26,40,10,81114,24,1
BIOS,"[1, 21, 24]",26,40,11,60174,24,24
BIOS,"[1, 21, 24]",26,40,12,44916,21,21
BIOS,"[1, 21, 24]",26,40,13,12169,24,24
BIOS,"[1, 21, 24]",26,40,14,23459,21,21
BIOS,"[1, 21, 24]",26,40,15,63338,1,24
BIOS,"[1, 21, 24]",26,40,16,67267,24,1
BIOS,"[1, 21, 24]",26,40,17,71564,24,1
BIOS,"[1, 21, 24]",26,40,18,18539,1,1
BIOS,"[1, 21, 24]",26,40,19,38957,21,21
BIOS,"[1, 21, 24]",27,40,0,20754,1,24
BIOS,"[1, 21, 24]",27,40,1,77820,24,1
BIOS,"[1, 21, 24]",27,40,2,69877,1,24
BIOS,"[1, 21, 24]",27,40,3,62014,1,21
BIOS,"[1, 21, 24]",27,40,4,27039,24,24
BIOS,"[1, 21, 24]",27,40,5,35730,24,24
BIOS,"[1, 21, 24]",27,40,6,87651,21,1
BIOS,"[1, 21, 24]",27,40,7,31921,24,1
BIOS,"[1, 21, 24]",27,40,8,88441,24,1
BIOS,"[1, 21, 24]",27,40,9,43409,1,24
BIOS,"[1, 21, 24]",27,40,10,31649,1,1
BIOS,"[1, 21, 24]",27,40,11,55666,21,21
BIOS,"[1, 21, 24]",27,40,12,40436,21,24
BIOS,"[1, 21, 24]",27,40,13,81627,1,21
BIOS,"[1, 21, 24]",27,40,14,91890,24,24
BIOS,"[1, 21, 24]",27,40,15,93744,1,1
BIOS,"[1, 21, 24]",27,40,16,70122,1,21
BIOS,"[1, 21, 24]",27,40,17,48961,1,24
BIOS,"[1, 21, 24]",27,40,18,9701,1,24
BIOS,"[1, 21, 24]",27,40,19,70710,24,1
BIOS,"[1, 21, 24]",28,40,0,77243,1,24
BIOS,"[1, 21, 24]",28,40,1,58372,24,1
BIOS,"[1, 21, 24]",28,40,2,64200,1,21
BIOS,"[1, 21, 24]",28,40,3,17990,21,21
BIOS,"[1, 21, 24]",28,40,4,96170,21,21
BIOS,"[1, 21, 24]",28,40,5,50943,1,24
BIOS,"[1, 21, 24]",28,40,6,33721,1,21
BIOS,"[1, 21, 24]",28,40,7,41860,21,24
BIOS,"[1, 21, 24]",28,40,8,1075,1,1
BIOS,"[1, 21, 24]",28,40,9,97308,1,21
BIOS,"[1, 21, 24]",28,40,10,84815,1,21
BIOS,"[1, 21, 24]",28,40,11,81357,24,1
BIOS,"[1, 21, 24]",28,40,12,50117,21,21
BIOS,"[1, 21, 24]",28,40,13,56073,1,1
BIOS,"[1, 21, 24]",28,40,14,92667,24,24
BIOS,"[1, 21, 24]",28,40,15,50152,21,21
BIOS,"[1, 21, 24]",28,40,16,2288,24,1
BIOS,"[1, 21, 24]",28,40,17,97375,21,21
BIOS,"[1, 21, 24]",28,40,18,83100,1,1
BIOS,"[1, 21, 24]",28,40,19,49836,21,1
BIOS,"[1, 21, 24]",29,40,0,80239,21,21
BIOS,"[1, 21, 24]",29,40,1,69137,21,21
BIOS,"[1, 21, 24]",29,40,2,16494,1,21
BIOS,"[1, 21, 24]",29,40,3,59352,1,21
BIOS,"[1, 21, 24]",29,40,4,85102,24,24
BIOS,"[1, 21, 24]",29,40,5,57117,24,24
BIOS,"[1, 21, 24]",29,40,6,46078,1,1
BIOS,"[1, 21, 24]",29,40,7,37092,21,21
BIOS,"[1, 21, 24]",29,40,8,29413,1,1
BIOS,"[1, 21, 24]",29,40,9,44036,24,1
BIOS,"[1, 21, 24]",29,40,10,85003,1,1
BIOS,"[1, 21, 24]",29,40,11,77820,24,1
BIOS,"[1, 21, 24]",29,40,12,62139,1,21
BIOS,"[1, 21, 24]",29,40,13,45190,24,24
BIOS,"[1, 21, 24]",29,40,14,28454,1,21
BIOS,"[1, 21, 24]",29,40,15,34145,1,24
BIOS,"[1, 21, 24]",29,40,16,87177,21,21
BIOS,"[1, 21, 24]",29,40,17,26786,21,21
BIOS,"[1, 21, 24]",29,40,18,19665,21,21
BIOS,"[1, 21, 24]",29,40,19,72844,24,21
BIOS,"[1, 21, 24]",30,40,0,37132,21,21
BIOS,"[1, 21, 24]",30,40,1,16244,21,21
BIOS,"[1, 21, 24]",30,40,2,83772,24,24
BIOS,"[1, 21, 24]",30,40,3,72972,1,24
BIOS,"[1, 21, 24]",30,40,4,31904,24,1
BIOS,"[1, 21, 24]",30,40,5,50783,1,1
BIOS,"[1, 21, 24]",30,40,6,93843,1,21
BIOS,"[1, 21, 24]",30,40,7,10635,1,21
BIOS,"[1, 21, 24]",30,40,8,48569,21,1
BIOS,"[1, 21, 24]",30,40,9,39907,1,24
BIOS,"[1, 21, 24]",30,40,10,18938,24,24
BIOS,"[1, 21, 24]",30,40,11,93794,21,24
BIOS,"[1, 21, 24]",30,40,12,46571,24,1
BIOS,"[1, 21, 24]",30,40,13,73660,24,24
BIOS,"[1, 21, 24]",30,40,14,29856,1,1
BIOS,"[1, 21, 24]",30,40,15,29085,24,1
BIOS,"[1, 21, 24]",30,40,16,29935,1,21
BIOS,"[1, 21, 24]",30,40,17,30467,24,21
BIOS,"[1, 21, 24]",30,40,18,55310,24,24
BIOS,"[1, 21, 24]",30,40,19,28936,24,24
BIOS,"[1, 21, 24]",31,40,0,23487,1,24
BIOS,"[1, 21, 24]",31,40,1,36070,21,1
BIOS,"[1, 21, 24]",31,40,2,34247,1,1
BIOS,"[1, 21, 24]",31,40,3,64317,21,21
BIOS,"[1, 21, 24]",31,40,4,15556,1,21
BIOS,"[1, 21, 24]",31,40,5,32191,24,24
BIOS,"[1, 21, 24]",31,40,6,56305,24,1
BIOS,"[1, 21, 24]",31,40,7,77475,24,1
BIOS,"[1, 21, 24]",31,40,8,67805,21,1
BIOS,"[1, 21, 24]",31,40,9,70291,1,24
BIOS,"[1, 21, 24]",31,40,10,78449,21,21
BIOS,"[1, 21, 24]",31,40,11,98483,21,24
BIOS,"[1, 21, 24]",31,40,12,69792,21,21
BIOS,"[1, 21, 24]",31,40,13,70194,21,21
BIOS,"[1, 21, 24]",31,40,14,8591,21,21
BIOS,"[1, 21, 24]",31,40,15,82417,1,1
BIOS,"[1, 21, 24]",31,40,16,23438,1,1
BIOS,"[1, 21, 24]",31,40,17,64457,1,21
BIOS,"[1, 21, 24]",31,40,18,77581,1,21
BIOS,"[1, 21, 24]",31,40,19,50871,24,24
BIOS,"[1, 21, 24]",32,40,0,19733,24,21
BIOS,"[1, 21, 24]",32,40,1,70452,21,1
BIOS,"[1, 21, 24]",32,40,2,62735,1,24
BIOS,"[1, 21, 24]",32,40,3,49075,1,21
BIOS,"[1, 21, 24]",32,40,4,90623,1,1
BIOS,"[1, 21, 24]",32,40,5,94219,21,21
BIOS,"[1, 21, 24]",32,40,6,77276,21,1
BIOS,"[1, 21, 24]",32,40,7,84269,1,24
BIOS,"[1, 21, 24]",32,40,8,85203,21,21
BIOS,"[1, 21, 24]",32,40,9,49550,24,24
BIOS,"[1, 21, 24]",32,40,10,7427,1,21
BIOS,"[1, 21, 24]",32,40,11,11526,24,24
BIOS,"[1, 21, 24]",32,40,12,50576,24,1
BIOS,"[1, 21, 24]",32,40,13,17804,21,21
BIOS,"[1, 21, 24]",32,40,14,83095,1,1
BIOS,"[1, 21, 24]",32,40,15,68071,1,1
BIOS,"[1, 21, 24]",32,40,16,27031,24,1
BIOS,"[1, 21, 24]",32,40,17,51844,21,21
BIOS,"[1, 21, 24]",32,40,18,61603,21,21
BIOS,"[1, 21, 24]",32,40,19,7291,1,1
BIOS,"[1, 21, 24]",33,40,0,97219,21,21
BIOS,"[1, 21, 24]",33,40,1,93771,1,21
BIOS,"[1, 21, 24]",33,40,2,30601,24,24
BIOS,"[1, 21, 24]",33,40,3,88441,24,1
BIOS,"[1, 21, 24]",33,40,4,51435,21,21
BIOS,"[1, 21, 24]",33,40,5,77318,24,24
BIOS,"[1, 21, 24]",33,40,6,8981,1,1
BIOS,"[1, 21, 24]",33,40,7,8717,21,24
BIOS,"[1, 21, 24]",33,40,8,18209,1,1
BIOS,"[1, 21, 24]",33,40,9,46571,24,1
BIOS,"[1, 21, 24]",33,40,10,76689,24,24
BIOS,"[1, 21, 24]",33,40,11,54426,24,24
BIOS,"[1, 21, 24]",33,40,12,93219,1,1
BIOS,"[1, 21, 24]",33,40,13,70377,21,1
BIOS,"[1, 21, 24]",33,40,14,7603,1,21
BIOS,"[1, 21, 24]",33,40,15,24276,21,1
BIOS,"[1, 21, 24]",33,40,16,71674,1,21
BIOS,"[1, 21, 24]",33,40,17,20959,1,24
BIOS,"[1, 21, 24]",33,40,18,73314,21,21
BIOS,"[1, 21, 24]",33,40,19,37491,24,1
BIOS,"[1, 21, 24]",34,40,0,50944,24,24
BIOS,"[1, 21, 24]",34,40,1,61719,21,1
BIOS,"[1, 21, 24]",34,40,2,98325,1,24
BIOS,"[1, 21, 24]",34,40,3,5589,21,1
BIOS,"[1, 21, 24]",34,40,4,9701,1,24
BIOS,"[1, 21, 24]",34,40,5,72228,24,1
BIOS,"[1, 21, 24]",34,40,6,78885,21,21
BIOS,"[1, 21, 24]",34,40,7,43924,24,21
BIOS,"[1, 21, 24]",34,40,8,68784,24,24
BIOS,"[1, 21, 24]",34,40,9,90298,1,21
BIOS,"[1, 21, 24]",34,40,10,90883,21,21
BIOS,"[1, 21, 24]",34,40,11,8413,1,21
BIOS,"[1, 21, 24]",34,40,12,76157,21,21
BIOS,"[1, 21, 24]",34,40,13,48569,21,1
BIOS,"[1, 21, 24]",34,40,14,44298,21,21
BIOS,"[1, 21, 24]",34,40,15,33558,21,1
BIOS,"[1, 21, 24]",34,40,16,47113,1,1
BIOS,"[1, 21, 24]",34,40,17,37173,1,1
BIOS,"[1, 21, 24]",34,40,18,30467,24,21
BIOS,"[1, 21, 24]",34,40,19,44595,1,1
BIOS,"[1, 21, 24]",35,40,0,19956,1,21
BIOS,"[1, 21, 24]",35,40,1,70122,1,21
BIOS,"[1, 21, 24]",35,40,2,38870,24,24
BIOS,"[1, 21, 24]",35,40,3,53794,1,21
BIOS,"[1, 21, 24]",35,40,4,39861,24,1
BIOS,"[1, 21, 24]",35,40,5,13348,1,24
BIOS,"[1, 21, 24]",35,40,6,45217,1,21
BIOS,"[1, 21, 24]",35,40,7,16196,24,21
BIOS,"[1, 21, 24]",35,40,8,21615,1,1
BIOS,"[1, 21, 24]",35,40,9,92590,1,1
BIOS,"[1, 21, 24]",35,40,10,82080,21,21
BIOS,"[1, 21, 24]",35,40,11,47370,1,1
BIOS,"[1, 21, 24]",35,40,12,81041,21,21
BIOS,"[1, 21, 24]",35,40,13,37342,24,24
BIOS,"[1, 21, 24]",35,40,14,28482,1,1
BIOS,"[1, 21, 24]",35,40,15,51216,24,24
BIOS,"[1, 21, 24]",35,40,16,62735,1,24
BIOS,"[1, 21, 24]",35,40,17,24535,24,24
BIOS,"[1, 21, 24]",35,40,18,56305,24,1
BIOS,"[1, 21, 24]",35,40,19,42822,1,24
BIOS,"[1, 21, 24]",36,40,0,54808,1,1
BIOS,"[1, 21, 24]",36,40,1,70417,24,1
BIOS,"[1, 21, 24]",36,40,2,58099,1,24
BIOS,"[1, 21, 24]",36,40,3,23812,24,1
BIOS,"[1, 21, 24]",36,40,4,27108,24,24
BIOS,"[1, 21, 24]",36,40,5,84334,21,21
BIOS,"[1, 21, 24]",36,40,6,30404,24,24
BIOS,"[1, 21, 24]",36,40,7,56427,1,21
BIOS,"[1, 21, 24]",36,40,8,77939,1,21
BIOS,"[1, 21, 24]",36,40,9,92011,21,21
BIOS,"[1, 21, 24]",36,40,10,77382,24,24
BIOS,"[1, 21, 24]",36,40,11,44313,21,21
BIOS,"[1, 21, 24]",36,40,12,91965,1,21
BIOS,"[1, 21, 24]",36,40,13,64440,1,21
BIOS,"[1, 21, 24]",36,40,14,82779,24,24
BIOS,"[1, 21, 24]",36,40,15,22247,21,21
BIOS,"[1, 21, 24]",36,40,16,32854,21,21
BIOS,"[1, 21, 24]",36,40,17,36063,1,24
BIOS,"[1, 21, 24]",36,40,18,1264,24,24
BIOS,"[1, 21, 24]",36,40,19,7187,1,21
BIOS,"[1, 21, 24]",37,40,0,61089,1,21
BIOS,"[1, 21, 24]",37,40,1,74315,24,24
BIOS,"[1, 21, 24]",37,40,2,77003,24,1
BIOS,"[1, 21, 24]",37,40,3,6886,21,21
BIOS,"[1, 21, 24]",37,40,4,39831,24,1
BIOS,"[1, 21, 24]",37,40,5,41350,21,21
BIOS,"[1, 21, 24]",37,40,6,21975,21,21
BIOS,"[1, 21, 24]",37,40,7,61482,24,1
BIOS,"[1, 21, 24]",37,40,8,7033,1,21
BIOS,"[1, 21, 24]",37,40,9,65050,24,24
BIOS,"[1, 21, 24]",37,40,10,93076,24,21
BIOS,"[1, 21, 24]",37,40,11,4472,24,21
BIOS,"[1, 21, 24]",37,40,12,51237,1,1
BIOS,"[1, 21, 24]",37,40,13,98028,1,21
BIOS,"[1, 21, 24]",37,40,14,89824,21,21
BIOS,"[1, 21, 24]",37,40,15,75029,24,24
BIOS,"[1, 21, 24]",37,40,16,76622,1,1
BIOS,"[1, 21, 24]",37,40,17,89163,21,24
BIOS,"[1, 21, 24]",37,40,18,28716,1,1
BIOS,"[1, 21, 24]",37,40,19,61558,1,21
BIOS,"[1, 21, 24]",38,40,0,5754,24,1
BIOS,"[1, 21, 24]",38,40,1,38588,21,21
BIOS,"[1, 21, 24]",38,40,2,89507,24,24
BIOS,"[1, 21, 24]",38,40,3,92600,1,24
BIOS,"[1, 21, 24]",38,40,4,70114,1,21
BIOS,"[1, 21, 24]",38,40,5,4351,1,21
BIOS,"[1, 21, 24]",38,40,6,64729,24,24
BIOS,"[1, 21, 24]",38,40,7,22812,24,24
BIOS,"[1, 21, 24]",38,40,8,92326,24,24
BIOS,"[1, 21, 24]",38,40,9,54158,1,21
BIOS,"[1, 21, 24]",38,40,10,36374,24,1
BIOS,"[1, 21, 24]",38,40,11,43571,1,21
BIOS,"[1, 21, 24]",38,40,12,38470,1,24
BIOS,"[1, 21, 24]",38,40,13,67906,21,24
BIOS,"[1, 21, 24]",38,40,14,89773,21,21
BIOS,"[1, 21, 24]",38,40,15,73350,24,24
BIOS,"[1, 21, 24]",38,40,16,73452,24,1
BIOS,"[1, 21, 24]",38,40,17,7806,1,1
BIOS,"[1, 21, 24]",38,40,18,89849,1,1
BIOS,"[1, 21, 24]",38,40,19,3184,24,24
BIOS,"[1, 21, 24]",39,40,0,35976,1,1
BIOS,"[1, 21, 24]",39,40,1,63888,24,24
BIOS,"[1, 21, 24]",39,40,2,62554,24,1
BIOS,"[1, 21, 24]",39,40,3,51777,21,21
BIOS,"[1, 21, 24]",39,40,4,97774,1,1
BIOS,"[1, 21, 24]",39,40,5,55927,24,24
BIOS,"[1, 21, 24]",39,40,6,79428,21,21
BIOS,"[1, 21, 24]",39,40,7,69617,1,24
BIOS,"[1, 21, 24]",39,40,8,53797,24,24
BIOS,"[1, 21, 24]",39,40,9,42597,21,1
BIOS,"[1, 21, 24]",39,40,10,83148,1,1
BIOS,"[1, 21, 24]",39,40,11,70721,24,21
BIOS,"[1, 21, 24]",39,40,12,92165,21,21
BIOS,"[1, 21, 24]",39,40,13,63494,1,1
BIOS,"[1, 21, 24]",39,40,14,95489,24,21
BIOS,"[1, 21, 24]",39,40,15,25461,24,1
BIOS,"[1, 21, 24]",39,40,16,98857,1,1
BIOS,"[1, 21, 24]",39,40,17,19288,24,24
BIOS,"[1, 21, 24]",39,40,18,57132,21,21
BIOS,"[1, 21, 24]",39,40,19,51539,24,24
BIOS,"[1, 21, 24]",40,40,0,580,1,21
BIOS,"[1, 21, 24]",40,40,1,56260,1,24
BIOS,"[1, 21, 24]",40,40,2,94702,24,24
BIOS,"[1, 21, 24]",40,40,3,45422,21,21
BIOS,"[1, 21, 24]",40,40,4,61719,21,1
BIOS,"[1, 21, 24]",40,40,5,79526,1,21
BIOS,"[1, 21, 24]",40,40,6,82865,24,1
BIOS,"[1, 21, 24]",40,40,7,20906,1,1
BIOS,"[1, 21, 24]",40,40,8,79807,1,1
BIOS,"[1, 21, 24]",40,40,9,52150,21,21
BIOS,"[1, 21, 24]",40,40,10,16824,1,21
BIOS,"[1, 21, 24]",40,40,11,53488,24,21
BIOS,"[1, 21, 24]",40,40,12,47444,21,21
BIOS,"[1, 21, 24]",40,40,13,4533,1,1
BIOS,"[1, 21, 24]",40,40,14,47733,24,24
BIOS,"[1, 21, 24]",40,40,15,3972,1,1
BIOS,"[1, 21, 24]",40,40,16,28234,1,24
BIOS,"[1, 21, 24]",40,40,17,85037,24,24
BIOS,"[1, 21, 24]",40,40,18,91685,21,21
BIOS,"[1, 21, 24]",40,40,19,87587,24,1
BIOS,"[1, 21, 24]",41,40,0,84738,21,21
BIOS,"[1, 21, 24]",41,40,1,46450,1,21
BIOS,"[1, 21, 24]",41,40,2,13287,21,21
BIOS,"[1, 21, 24]",41,40,3,5315,21,21
BIOS,"[1, 21, 24]",41,40,4,77098,24,1
BIOS,"[1, 21, 24]",41,40,5,24751,1,1
BIOS,"[1, 21, 24]",41,40,6,96447,24,24
BIOS,"[1, 21, 24]",41,40,7,2838,1,21
BIOS,"[1, 21, 24]",41,40,8,72326,1,1
BIOS,"[1, 21, 24]",41,40,9,63477,21,21
BIOS,"[1, 21, 24]",41,40,10,42947,24,24
BIOS,"[1, 21, 24]",41,40,11,62862,21,21
BIOS,"[1, 21, 24]",41,40,12,442,1,21
BIOS,"[1, 21, 24]",41,40,13,19184,1,1
BIOS,"[1, 21, 24]",41,40,14,35450,21,21
BIOS,"[1, 21, 24]",41,40,15,51008,24,1
BIOS,"[1, 21, 24]",41,40,16,36241,1,1
BIOS,"[1, 21, 24]",41,40,17,7948,1,24
BIOS,"[1, 21, 24]",41,40,18,90809,21,21
BIOS,"[1, 21, 24]",41,40,19,77321,1,1
BIOS,"[1, 21, 24]",42,40,0,89150,1,1
BIOS,"[1, 21, 24]",42,40,1,28153,24,24
BIOS,"[1, 21, 24]",42,40,2,149,24,24
BIOS,"[1, 21, 24]",42,40,3,89644,21,21
BIOS,"[1, 21, 24]",42,40,4,96006,21,21
BIOS,"[1, 21, 24]",42,40,5,63523,24,1
BIOS,"[1, 21, 24]",42,40,6,89076,1,21
BIOS,"[1, 21, 24]",42,40,7,20081,1,21
BIOS,"[1, 21, 24]",42,40,8,55004,24,1
BIOS,"[1, 21, 24]",42,40,9,33721,1,21
BIOS,"[1, 21, 24]",42,40,10,49806,21,21
BIOS,"[1, 21, 24]",42,40,11,57641,1,21
BIOS,"[1, 21, 24]",42,40,12,66121,21,21
BIOS,"[1, 21, 24]",42,40,13,27601,1,24
BIOS,"[1, 21, 24]",42,40,14,17219,24,1
BIOS,"[1, 21, 24]",42,40,15,76417,1,1
BIOS,"[1, 21, 24]",42,40,16,94699,1,24
BIOS,"[1, 21, 24]",42,40,17,90839,1,1
BIOS,"[1, 21, 24]",42,40,18,40219,21,21
BIOS,"[1, 21, 24]",42,40,19,68534,21,21
BIOS,"[1, 21, 24]",43,40,0,70417,24,1
BIOS,"[1, 21, 24]",43,40,1,13849,21,21
BIOS,"[1, 21, 24]",43,40,2,14587,1,1
BIOS,"[1, 21, 24]",43,40,3,22220,24,24
BIOS,"[1, 21, 24]",43,40,4,56283,1,24
BIOS,"[1, 21, 24]",43,40,5,13563,1,24
BIOS,"[1, 21, 24]",43,40,6,76065,21,24
BIOS,"[1, 21, 24]",43,40,7,54082,24,1
BIOS,"[1, 21, 24]",43,40,8,68227,24,24
BIOS,"[1, 21, 24]",43,40,9,50093,24,21
BIOS,"[1, 21, 24]",43,40,10,10399,21,21
BIOS,"[1, 21, 24]",43,40,11,13168,21,21
BIOS,"[1, 21, 24]",43,40,12,8172,1,21
BIOS,"[1, 21, 24]",43,40,13,45890,21,24
BIOS,"[1, 21, 24]",43,40,14,35865,1,1
BIOS,"[1, 21, 24]",43,40,15,62514,24,24
BIOS,"[1, 21, 24]",43,40,16,49840,21,21
BIOS,"[1, 21, 24]",43,40,17,1096,21,21
BIOS,"[1, 21, 24]",43,40,18,28099,24,1
BIOS,"[1, 21, 24]",43,40,19,9166,1,1
BIOS,"[1, 21, 24]",44,40,0,89883,21,21
BIOS,"[1, 21, 24]",44,40,1,94889,1,21
BIOS,"[1, 21, 24]",44,40,2,59199,21,21
BIOS,"[1, 21, 24]",44,40,3,82865,24,1
BIOS,"[1, 21, 24]",44,40,4,32349,1,21
BIOS,"[1, 21, 24]",44,40,5,77195,24,1
BIOS,"[1, 21, 24]",44,40,6,77185,24,1
BIOS,"[1, 21, 24]",44,40,7,49433,1,1
BIOS,"[1, 21, 24]",44,40,8,11180,24,24
BIOS,"[1, 21, 24]",44,40,9,86652,21,1
BIOS,"[1, 21, 24]",44,40,10,52907,1,24
BIOS,"[1, 21, 24]",44,40,11,87805,1,1
BIOS,"[1, 21, 24]",44,40,12,7187,1,21
BIOS,"[1, 21, 24]",44,40,13,40174,1,1
BIOS,"[1, 21, 24]",44,40,14,14254,21,21
BIOS,"[1, 21, 24]",44,40,15,20906,1,1
BIOS,"[1, 21, 24]",44,40,16,85195,24,24
BIOS,"[1, 21, 24]",44,40,17,30595,1,1
BIOS,"[1, 21, 24]",44,40,18,42597,21,1
BIOS,"[1, 21, 24]",44,40,19,50943,1,24
BIOS,"[1, 21, 24]",45,40,0,40331,24,1
BIOS,"[1, 21, 24]",45,40,1,87149,24,24
BIOS,"[1, 21, 24]",45,40,2,97105,21,21
BIOS,"[1, 21, 24]",45,40,3,15114,1,21
BIOS,"[1, 21, 24]",45,40,4,77264,1,21
BIOS,"[1, 21, 24]",45,40,5,71673,21,21
BIOS,"[1, 21, 24]",45,40,6,10838,1,1
BIOS,"[1, 21, 24]",45,40,7,55501,24,24
BIOS,"[1, 21, 24]",45,40,8,18674,21,21
BIOS,"[1, 21, 24]",45,40,9,6644,1,21
BIOS,"[1, 21, 24]",45,40,10,36300,21,24
BIOS,"[1, 21, 24]",45,40,11,25461,24,1
BIOS,"[1, 21, 24]",45,40,12,26232,21,21
BIOS,"[1, 21, 24]",45,40,13,76973,1,24
BIOS,"[1, 21, 24]",45,40,14,93236,24,1
BIOS,"[1, 21, 24]",45,40,15,77372,1,21
BIOS,"[1, 21, 24]",45,40,16,21496,24,24
BIOS,"[1, 21, 24]",45,40,17,49198,24,1
BIOS,"[1, 21, 24]",45,40,18,43861,24,24
BIOS,"[1, 21, 24]",45,40,19,70291,1,24
BIOS,"[1, 21, 24]",46,40,0,97997,24,24
BIOS,"[1, 21, 24]",46,40,1,58200,24,1
BIOS,"[1, 21, 24]",46,40,2,72628,1,24
BIOS,"[1, 21, 24]",46,40,3,60173,24,1
BIOS,"[1, 21, 24]",46,40,4,58041,21,21
BIOS,"[1, 21, 24]",46,40,5,94887,1,1
BIOS,"[1, 21, 24]",46,40,6,49797,21,21
BIOS,"[1, 21, 24]",46,40,7,3717,24,24
BIOS,"[1, 21, 24]",46,40,8,39244,24,1
BIOS,"[1, 21, 24]",46,40,9,73818,1,21
BIOS,"[1, 21, 24]",46,40,10,10958,1,24
BIOS,"[1, 21, 24]",46,40,11,59348,21,21
BIOS,"[1, 21, 24]",46,40,12,3388,24,24
BIOS,"[1, 21, 24]",46,40,13,51657,1,24
BIOS,"[1, 21, 24]",46,40,14,64257,21,21
BIOS,"[1, 21, 24]",46,40,15,10562,24,21
BIOS,"[1, 21, 24]",46,40,16,43923,24,21
BIOS,"[1, 21, 24]",46,40,17,452,1,1
BIOS,"[1, 21, 24]",46,40,18,3374,24,24
BIOS,"[1, 21, 24]",46,40,19,40025,1,1
BIOS,"[1, 21, 24]",47,40,0,73350,24,24
BIOS,"[1, 21, 24]",47,40,1,95489,24,21
BIOS,"[1, 21, 24]",47,40,2,64769,24,1
BIOS,"[1, 21, 24]",47,40,3,6626,21,21
BIOS,"[1, 21, 24]",47,40,4,63523,24,1
BIOS,"[1, 21, 24]",47,40,5,61438,1,1
BIOS,"[1, 21, 24]",47,40,6,55665,1,24
BIOS,"[1, 21, 24]",47,40,7,39272,24,24
BIOS,"[1, 21, 24]",47,40,8,2096,21,21
BIOS,"[1, 21, 24]",47,40,9,96847,24,21
BIOS,"[1, 21, 24]",47,40,10,29413,1,1
BIOS,"[1, 21, 24]",47,40,11,81627,1,21
BIOS,"[1, 21, 24]",47,40,12,36428,24,24
BIOS,"[1, 21, 24]",47,40,13,3949,21,21
BIOS,"[1, 21, 24]",47,40,14,69896,1,24
BIOS,"[1, 21, 24]",47,40,15,86026,24,24
BIOS,"[1, 21, 24]",47,40,16,33663,21,21
BIOS,"[1, 21, 24]",47,40,17,28935,24,1
BIOS,"[1, 21, 24]",47,40,18,97906,1,24
BIOS,"[1, 21, 24]",47,40,19,20591,1,24
BIOS,"[1, 21, 24]",48,40,0,50980,1,1
BIOS,"[1, 21, 24]",48,40,1,64829,21,21
BIOS,"[1, 21, 24]",48,40,2,19999,24,1
BIOS,"[1, 21, 24]",48,40,3,49655,24,24
BIOS,"[1, 21, 24]",48,40,4,39467,1,24
BIOS,"[1, 21, 24]",48,40,5,39026,21,21
BIOS,"[1, 21, 24]",48,40,6,27526,1,1
BIOS,"[1, 21, 24]",48,40,7,11645,1,1
BIOS,"[1, 21, 24]",48,40,8,45217,1,21
BIOS,"[1, 21, 24]",48,40,9,63523,24,1
BIOS,"[1, 21, 24]",48,40,10,67243,24,21
BIOS,"[1, 21, 24]",48,40,11,43581,21,21
BIOS,"[1, 21, 24]",48,40,12,88523,1,1
BIOS,"[1, 21, 24]",48,40,13,50426,21,21
BIOS,"[1, 21, 24]",48,40,14,30979,21,21
BIOS,"[1, 21, 24]",48,40,15,74058,1,24
BIOS,"[1, 21, 24]",48,40,16,47121,21,21
BIOS,"[1, 21, 24]",48,40,17,7559,24,24
BIOS,"[1, 21, 24]",48,40,18,22405,24,21
BIOS,"[1, 21, 24]",48,40,19,23386,1,21
BIOS,"[1, 21, 24]",49,40,0,77475,24,1
BIOS,"[1, 21, 24]",49,40,1,25638,1,24
BIOS,"[1, 21, 24]",49,40,2,62139,1,21
BIOS,"[1, 21, 24]",49,40,3,12873,24,21
BIOS,"[1, 21, 24]",49,40,4,20446,24,21
BIOS,"[1, 21, 24]",49,40,5,49645,1,1
BIOS,"[1, 21, 24]",49,40,6,36473,1,1
BIOS,"[1, 21, 24]",49,40,7,66166,24,21
BIOS,"[1, 21, 24]",49,40,8,67906,21,24
BIOS,"[1, 21, 24]",49,40,9,59357,21,21
BIOS,"[1, 21, 24]",49,40,10,96968,24,24
BIOS,"[1, 21, 24]",49,40,11,34500,21,24
BIOS,"[1, 21, 24]",49,40,12,71724,24,24
BIOS,"[1, 21, 24]",49,40,13,39272,24,24
BIOS,"[1, 21, 24]",49,40,14,48569,21,1
BIOS,"[1, 21, 24]",49,40,15,23541,21,21
BIOS,"[1, 21, 24]",49,40,16,56795,21,21
BIOS,"[1, 21, 24]",49,40,17,93455,1,1
BIOS,"[1, 21, 24]",49,40,18,46848,21,21
BIOS,"[1, 21, 24]",49,40,19,98884,1,21
BIOS,"[21, 22, 26]",0,40,0,90120,21,21
BIOS,"[21, 22, 26]",0,40,1,57725,21,21
BIOS,"[21, 22, 26]",0,40,2,3098,26,21
BIOS,"[21, 22, 26]",0,40,3,44114,22,26
BIOS,"[21, 22, 26]",0,40,4,70679,21,21
BIOS,"[21, 22, 26]",0,40,5,77137,21,26
BIOS,"[21, 22, 26]",0,40,6,53619,21,21
BIOS,"[21, 22, 26]",0,40,7,21659,22,22
BIOS,"[21, 22, 26]",0,40,8,31501,21,22
BIOS,"[21, 22, 26]",0,40,9,98428,21,21
BIOS,"[21, 22, 26]",0,40,10,10594,21,26
BIOS,"[21, 22, 26]",0,40,11,17683,26,21
BIOS,"[21, 22, 26]",0,40,12,83618,22,22
BIOS,"[21, 22, 26]",0,40,13,45444,22,22
BIOS,"[21, 22, 26]",0,40,14,34961,26,22
BIOS,"[21, 22, 26]",0,40,15,93580,21,26
BIOS,"[21, 22, 26]",0,40,16,45269,22,21
BIOS,"[21, 22, 26]",0,40,17,16588,21,22
BIOS,"[21, 22, 26]",0,40,18,35171,21,21
BIOS,"[21, 22, 26]",0,40,19,36256,22,22
BIOS,"[21, 22, 26]",1,40,0,5584,26,21
BIOS,"[21, 22, 26]",1,40,1,26500,21,22
BIOS,"[21, 22, 26]",1,40,2,12467,21,26
BIOS,"[21, 22, 26]",1,40,3,35369,22,26
BIOS,"[21, 22, 26]",1,40,4,30417,21,21
BIOS,"[21, 22, 26]",1,40,5,86911,22,22
BIOS,"[21, 22, 26]",1,40,6,52718,26,26
BIOS,"[21, 22, 26]",1,40,7,19478,22,22
BIOS,"[21, 22, 26]",1,40,8,58623,21,21
BIOS,"[21, 22, 26]",1,40,9,93887,26,26
BIOS,"[21, 22, 26]",1,40,10,10914,22,21
BIOS,"[21, 22, 26]",1,40,11,11982,21,22
BIOS,"[21, 22, 26]",1,40,12,77375,21,26
BIOS,"[21, 22, 26]",1,40,13,69188,21,21
BIOS,"[21, 22, 26]",1,40,14,52901,21,21
BIOS,"[21, 22, 26]",1,40,15,36352,21,21
BIOS,"[21, 22, 26]",1,40,16,18167,26,26
BIOS,"[21, 22, 26]",1,40,17,48541,22,22
BIOS,"[21, 22, 26]",1,40,18,63167,26,26
BIOS,"[21, 22, 26]",1,40,19,6459,22,26
BIOS,"[21, 22, 26]",2,40,0,70061,22,21
BIOS,"[21, 22, 26]",2,40,1,4020,21,21
BIOS,"[21, 22, 26]",2,40,2,72465,26,22
BIOS,"[21, 22, 26]",2,40,3,79268,22,22
BIOS,"[21, 22, 26]",2,40,4,38122,21,21
BIOS,"[21, 22, 26]",2,40,5,63932,21,22
BIOS,"[21, 22, 26]",2,40,6,2768,21,26
BIOS,"[21, 22, 26]",2,40,7,26836,22,22
BIOS,"[21, 22, 26]",2,40,8,53268,22,22
BIOS,"[21, 22, 26]",2,40,9,20759,22,22
BIOS,"[21, 22, 26]",2,40,10,35580,21,26
BIOS,"[21, 22, 26]",2,40,11,27282,26,22
BIOS,"[21, 22, 26]",2,40,12,45897,21,21
BIOS,"[21, 22, 26]",2,40,13,47922,22,26
BIOS,"[21, 22, 26]",2,40,14,66408,21,21
BIOS,"[21, 22, 26]",2,40,15,68385,22,22
BIOS,"[21, 22, 26]",2,40,16,91416,21,22
BIOS,"[21, 22, 26]",2,40,17,70695,22,26
BIOS,"[21, 22, 26]",2,40,18,60067,26,26
BIOS,"[21, 22, 26]",2,40,19,4046,26,21
BIOS,"[21, 22, 26]",3,40,0,53554,21,26
BIOS,"[21, 22, 26]",3,40,1,86371,26,26
BIOS,"[21, 22, 26]",3,40,2,54560,26,22
BIOS,"[21, 22, 26]",3,40,3,93028,22,22
BIOS,"[21, 22, 26]",3,40,4,64436,21,21
BIOS,"[21, 22, 26]",3,40,5,17983,21,21
BIOS,"[21, 22, 26]",3,40,6,69263,22,22
BIOS,"[21, 22, 26]",3,40,7,80352,22,22
BIOS,"[21, 22, 26]",3,40,8,76368,22,22
BIOS,"[21, 22, 26]",3,40,9,26500,21,22
BIOS,"[21, 22, 26]",3,40,10,4654,26,21
BIOS,"[21, 22, 26]",3,40,11,24355,26,22
BIOS,"[21, 22, 26]",3,40,12,30232,22,26
BIOS,"[21, 22, 26]",3,40,13,43449,21,26
BIOS,"[21, 22, 26]",3,40,14,37625,21,26
BIOS,"[21, 22, 26]",3,40,15,52162,21,26
BIOS,"[21, 22, 26]",3,40,16,89832,21,21
BIOS,"[21, 22, 26]",3,40,17,86005,21,21
BIOS,"[21, 22, 26]",3,40,18,38978,26,21
BIOS,"[21, 22, 26]",3,40,19,62403,26,21
BIOS,"[21, 22, 26]",4,40,0,11936,26,21
BIOS,"[21, 22, 26]",4,40,1,20488,21,21
BIOS,"[21, 22, 26]",4,40,2,48235,21,21
BIOS,"[21, 22, 26]",4,40,3,17576,21,21
BIOS,"[21, 22, 26]",4,40,4,59387,21,22
BIOS,"[21, 22, 26]",4,40,5,18598,22,22
BIOS,"[21, 22, 26]",4,40,6,25184,26,22
BIOS,"[21, 22, 26]",4,40,7,15876,26,26
BIOS,"[21, 22, 26]",4,40,8,76551,22,22
BIOS,"[21, 22, 26]",4,40,9,35653,22,22
BIOS,"[21, 22, 26]",4,40,10,88288,21,21
BIOS,"[21, 22, 26]",4,40,11,26521,21,22
BIOS,"[21, 22, 26]",4,40,12,13945,22,26
BIOS,"[21, 22, 26]",4,40,13,93824,21,22
BIOS,"[21, 22, 26]",4,40,14,70695,22,26
BIOS,"[21, 22, 26]",4,40,15,12327,21,21
BIOS,"[21, 22, 26]",4,40,16,43155,26,26
BIOS,"[21, 22, 26]",4,40,17,55023,21,26
BIOS,"[21, 22, 26]",4,40,18,28757,21,21
BIOS,"[21, 22, 26]",4,40,19,50184,26,26
BIOS,"[21, 22, 26]",5,40,0,35742,26,21
BIOS,"[21, 22, 26]",5,40,1,55790,26,26
BIOS,"[21, 22, 26]",5,40,2,26521,21,22
BIOS,"[21, 22, 26]",5,40,3,29957,21,26
BIOS,"[21, 22, 26]",5,40,4,64662,22,22
BIOS,"[21, 22, 26]",5,40,5,65828,22,21
BIOS,"[21, 22, 26]",5,40,6,79816,22,26
BIOS,"[21, 22, 26]",5,40,7,54339,26,26
BIOS,"[21, 22, 26]",5,40,8,67019,21,22
BIOS,"[21, 22, 26]",5,40,9,91485,26,26
BIOS,"[21, 22, 26]",5,40,10,4220,22,22
BIOS,"[21, 22, 26]",5,40,11,67588,26,26
BIOS,"[21, 22, 26]",5,40,12,14701,21,21
BIOS,"[21, 22, 26]",5,40,13,77823,21,21
BIOS,"[21, 22, 26]",5,40,14,23719,22,21
BIOS,"[21, 22, 26]",5,40,15,3099,22,22
BIOS,"[21, 22, 26]",5,40,16,23928,26,21
BIOS,"[21, 22, 26]",5,40,17,37360,21,21
BIOS,"[21, 22, 26]",5,40,18,79557,21,22
BIOS,"[21, 22, 26]",5,40,19,82358,26,21
BIOS,"[21, 22, 26]",6,40,0,85860,22,22
BIOS,"[21, 22, 26]",6,40,1,24299,21,26
BIOS,"[21, 22, 26]",6,40,2,79772,22,22
BIOS,"[21, 22, 26]",6,40,3,43800,21,21
BIOS,"[21, 22, 26]",6,40,4,61842,21,21
BIOS,"[21, 22, 26]",6,40,5,48368,21,26
BIOS,"[21, 22, 26]",6,40,6,64644,26,21
BIOS,"[21, 22, 26]",6,40,7,11783,22,21
BIOS,"[21, 22, 26]",6,40,8,25865,21,26
BIOS,"[21, 22, 26]",6,40,9,4679,22,22
BIOS,"[21, 22, 26]",6,40,10,56911,21,22
BIOS,"[21, 22, 26]",6,40,11,62743,26,26
BIOS,"[21, 22, 26]",6,40,12,32979,26,26
BIOS,"[21, 22, 26]",6,40,13,7009,21,21
BIOS,"[21, 22, 26]",6,40,14,51375,21,22
BIOS,"[21, 22, 26]",6,40,15,73457,21,21
BIOS,"[21, 22, 26]",6,40,16,87794,26,21
BIOS,"[21, 22, 26]",6,40,17,27788,21,21
BIOS,"[21, 22, 26]",6,40,18,46169,21,21
BIOS,"[21, 22, 26]",6,40,19,2693,21,26
BIOS,"[21, 22, 26]",7,40,0,21414,21,26
BIOS,"[21, 22, 26]",7,40,1,88640,26,22
BIOS,"[21, 22, 26]",7,40,2,81145,26,26
BIOS,"[21, 22, 26]",7,40,3,21721,21,21
BIOS,"[21, 22, 26]",7,40,4,60799,22,22
BIOS,"[21, 22, 26]",7,40,5,74705,21,21
BIOS,"[21, 22, 26]",7,40,6,26895,21,21
BIOS,"[21, 22, 26]",7,40,7,64588,26,26
BIOS,"[21, 22, 26]",7,40,8,1146,22,26
BIOS,"[21, 22, 26]",7,40,9,79557,21,22
BIOS,"[21, 22, 26]",7,40,10,96366,26,26
BIOS,"[21, 22, 26]",7,40,11,1709,21,26
BIOS,"[21, 22, 26]",7,40,12,55151,22,21
BIOS,"[21, 22, 26]",7,40,13,7234,22,21
BIOS,"[21, 22, 26]",7,40,14,91378,26,26
BIOS,"[21, 22, 26]",7,40,15,5667,22,22
BIOS,"[21, 22, 26]",7,40,16,26521,21,22
BIOS,"[21, 22, 26]",7,40,17,91229,21,21
BIOS,"[21, 22, 26]",7,40,18,40468,22,21
BIOS,"[21, 22, 26]",7,40,19,3531,26,26
BIOS,"[21, 22, 26]",8,40,0,88726,26,21
BIOS,"[21, 22, 26]",8,40,1,63172,21,22
BIOS,"[21, 22, 26]",8,40,2,85814,26,22
BIOS,"[21, 22, 26]",8,40,3,46438,26,21
BIOS,"[21, 22, 26]",8,40,4,17125,26,26
BIOS,"[21, 22, 26]",8,40,5,5627,22,21
BIOS,"[21, 22, 26]",8,40,6,7617,21,21
BIOS,"[21, 22, 26]",8,40,7,14441,22,21
BIOS,"[21, 22, 26]",8,40,8,46132,22,22
BIOS,"[21, 22, 26]",8,40,9,40363,21,26
BIOS,"[21, 22, 26]",8,40,10,54486,26,21
BIOS,"[21, 22, 26]",8,40,11,49827,21,22
BIOS,"[21, 22, 26]",8,40,12,25918,22,22
BIOS,"[21, 22, 26]",8,40,13,74173,21,26
BIOS,"[21, 22, 26]",8,40,14,25865,21,26
BIOS,"[21, 22, 26]",8,40,15,54526,21,21
BIOS,"[21, 22, 26]",8,40,16,24150,26,26
BIOS,"[21, 22, 26]",8,40,17,32051,22,22
BIOS,"[21, 22, 26]",8,40,18,77244,26,26
BIOS,"[21, 22, 26]",8,40,19,61541,26,26
BIOS,"[21, 22, 26]",9,40,0,47972,21,21
BIOS,"[21, 22, 26]",9,40,1,72539,21,21
BIOS,"[21, 22, 26]",9,40,2,72582,26,22
BIOS,"[21, 22, 26]",9,40,3,33220,21,22
BIOS,"[21, 22, 26]",9,40,4,5772,22,26
BIOS,"[21, 22, 26]",9,40,5,89684,21,26
BIOS,"[21, 22, 26]",9,40,6,20256,22,21
BIOS,"[21, 22, 26]",9,40,7,28499,22,22
BIOS,"[21, 22, 26]",9,40,8,6400,26,26
BIOS,"[21, 22, 26]",9,40,9,77580,26,21
BIOS,"[21, 22, 26]",9,40,10,64539,21,21
BIOS,"[21, 22, 26]",9,40,11,49706,21,21
BIOS,"[21, 22, 26]",9,40,12,39047,26,26
BIOS,"[21, 22, 26]",9,40,13,37734,21,26
BIOS,"[21, 22, 26]",9,40,14,53170,21,21
BIOS,"[21, 22, 26]",9,40,15,77915,26,21
BIOS,"[21, 22, 26]",9,40,16,57472,21,26
BIOS,"[21, 22, 26]",9,40,17,44037,26,21
BIOS,"[21, 22, 26]",9,40,18,57900,21,22
BIOS,"[21, 22, 26]",9,40,19,1384,22,22
BIOS,"[21, 22, 26]",10,40,0,31335,22,22
BIOS,"[21, 22, 26]",10,40,1,75991,21,21
BIOS,"[21, 22, 26]",10,40,2,6336,22,22
BIOS,"[21, 22, 26]",10,40,3,3241,26,26
BIOS,"[21, 22, 26]",10,40,4,92698,21,22
BIOS,"[21, 22, 26]",10,40,5,67295,26,26
BIOS,"[21, 22, 26]",10,40,6,93772,26,26
BIOS,"[21, 22, 26]",10,40,7,71219,22,21
BIOS,"[21, 22, 26]",10,40,8,95199,26,22
BIOS,"[21, 22, 26]",10,40,9,88750,21,26
BIOS,"[21, 22, 26]",10,40,10,36775,21,21
BIOS,"[21, 22, 26]",10,40,11,61328,22,26
BIOS,"[21, 22, 26]",10,40,12,37862,22,21
BIOS,"[21, 22, 26]",10,40,13,46189,21,21
BIOS,"[21, 22, 26]",10,40,14,86248,22,22
BIOS,"[21, 22, 26]",10,40,15,54875,22,22
BIOS,"[21, 22, 26]",10,40,16,89389,26,26
BIOS,"[21, 22, 26]",10,40,17,84275,22,26
BIOS,"[21, 22, 26]",10,40,18,69713,26,21
BIOS,"[21, 22, 26]",10,40,19,68873,22,22
BIOS,"[21, 22, 26]",11,40,0,86608,21,21
BIOS,"[21, 22, 26]",11,40,1,85967,26,26
BIOS,"[21, 22, 26]",11,40,2,54154,22,22
BIOS,"[21, 22, 26]",11,40,3,79459,26,26
BIOS,"[21, 22, 26]",11,40,4,31555,26,22
BIOS,"[21, 22, 26]",11,40,5,7261,26,26
BIOS,"[21, 22, 26]",11,40,6,56170,21,21
BIOS,"[21, 22, 26]",11,40,7,29493,22,22
BIOS,"[21, 22, 26]",11,40,8,61779,21,22
BIOS,"[21, 22, 26]",11,40,9,36245,22,26
BIOS,"[21, 22, 26]",11,40,10,74387,26,21
BIOS,"[21, 22, 26]",11,40,11,54608,22,21
BIOS,"[21, 22, 26]",11,40,12,92984,21,22
BIOS,"[21, 22, 26]",11,40,13,48991,22,21
BIOS,"[21, 22, 26]",11,40,14,43632,22,21
BIOS,"[21, 22, 26]",11,40,15,80249,21,21
BIOS,"[21, 22, 26]",11,40,16,37318,21,21
BIOS,"[21, 22, 26]",11,40,17,51644,22,26
BIOS,"[21, 22, 26]",11,40,18,70254,26,26
BIOS,"[21, 22, 26]",11,40,19,97239,26,26
BIOS,"[21, 22, 26]",12,40,0,70558,26,22
BIOS,"[21, 22, 26]",12,40,1,28484,22,22
BIOS,"[21, 22, 26]",12,40,2,71990,26,26
BIOS,"[21, 22, 26]",12,40,3,96143,21,21
BIOS,"[21, 22, 26]",12,40,4,64686,21,26
BIOS,"[21, 22, 26]",12,40,5,49598,21,26
BIOS,"[21, 22, 26]",12,40,6,68749,22,21
BIOS,"[21, 22, 26]",12,40,7,2625,26,26
BIOS,"[21, 22, 26]",12,40,8,48440,21,21
BIOS,"[21, 22, 26]",12,40,9,8109,26,21
BIOS,"[21, 22, 26]",12,40,10,30499,22,21
BIOS,"[21, 22, 26]",12,40,11,3149,26,21
BIOS,"[21, 22, 26]",12,40,12,87086,26,26
BIOS,"[21, 22, 26]",12,40,13,15327,21,21
BIOS,"[21, 22, 26]",12,40,14,95475,21,22
BIOS,"[21, 22, 26]",12,40,15,84532,21,21
BIOS,"[21, 22, 26]",12,40,16,18779,21,21
BIOS,"[21, 22, 26]",12,40,17,25865,21,26
BIOS,"[21, 22, 26]",12,40,18,38438,22,22
BIOS,"[21, 22, 26]",12,40,19,16425,22,22
BIOS,"[21, 22, 26]",13,40,0,88528,21,21
BIOS,"[21, 22, 26]",13,40,1,5456,22,22
BIOS,"[21, 22, 26]",13,40,2,6911,21,26
BIOS,"[21, 22, 26]",13,40,3,3898,21,22
BIOS,"[21, 22, 26]",13,40,4,12445,21,21
BIOS,"[21, 22, 26]",13,40,5,26025,22,21
BIOS,"[21, 22, 26]",13,40,6,33185,26,26
BIOS,"[21, 22, 26]",13,40,7,93391,22,21
BIOS,"[21, 22, 26]",13,40,8,8793,22,22
BIOS,"[21, 22, 26]",13,40,9,17683,26,21
BIOS,"[21, 22, 26]",13,40,10,56705,21,26
BIOS,"[21, 22, 26]",13,40,11,58268,22,21
BIOS,"[21, 22, 26]",13,40,12,27585,21,26
BIOS,"[21, 22, 26]",13,40,13,35577,21,22
BIOS,"[21, 22, 26]",13,40,14,5033,26,22
BIOS,"[21, 22, 26]",13,40,15,94469,26,21
BIOS,"[21, 22, 26]",13,40,16,54781,21,21
BIOS,"[21, 22, 26]",13,40,17,22206,21,26
BIOS,"[21, 22, 26]",13,40,18,47477,21,26
BIOS,"[21, 22, 26]",13,40,19,97171,22,22
BIOS,"[21, 22, 26]",14,40,0,51687,22,22
BIOS,"[21, 22, 26]",14,40,1,91030,21,22
BIOS,"[21, 22, 26]",14,40,2,72162,21,21
BIOS,"[21, 22, 26]",14,40,3,87035,21,26
BIOS,"[21, 22, 26]",14,40,4,24293,22,22
BIOS,"[21, 22, 26]",14,40,5,10289,21,21
BIOS,"[21, 22, 26]",14,40,6,16814,22,22
BIOS,"[21, 22, 26]",14,40,7,88676,21,21
BIOS,"[21, 22, 26]",14,40,8,52756,26,21
BIOS,"[21, 22, 26]",14,40,9,4730,22,21
BIOS,"[21, 22, 26]",14,40,10,45207,21,22
BIOS,"[21, 22, 26]",14,40,11,30049,22,22
BIOS,"[21, 22, 26]",14,40,12,88293,22,22
BIOS,"[21, 22, 26]",14,40,13,27585,21,26
BIOS,"[21, 22, 26]",14,40,14,8532,22,21
BIOS,"[21, 22, 26]",14,40,15,63461,21,21
BIOS,"[21, 22, 26]",14,40,16,10900,21,21
BIOS,"[21, 22, 26]",14,40,17,59650,22,21
BIOS,"[21, 22, 26]",14,40,18,50073,26,21
BIOS,"[21, 22, 26]",14,40,19,27282,26,22
BIOS,"[21, 22, 26]",15,40,0,8423,21,21
BIOS,"[21, 22, 26]",15,40,1,63968,21,22
BIOS,"[21, 22, 26]",15,40,2,22507,22,26
BIOS,"[21, 22, 26]",15,40,3,43838,26,21
BIOS,"[21, 22, 26]",15,40,4,62529,22,22
BIOS,"[21, 22, 26]",15,40,5,22992,22,21
BIOS,"[21, 22, 26]",15,40,6,69522,26,21
BIOS,"[21, 22, 26]",15,40,7,93214,26,26
BIOS,"[21, 22, 26]",15,40,8,54034,22,22
BIOS,"[21, 22, 26]",15,40,9,66317,26,26
BIOS,"[21, 22, 26]",15,40,10,72539,21,21
BIOS,"[21, 22, 26]",15,40,11,63046,22,22
BIOS,"[21, 22, 26]",15,40,12,46294,26,26
BIOS,"[21, 22, 26]",15,40,13,27089,22,26
BIOS,"[21, 22, 26]",15,40,14,27300,26,21
BIOS,"[21, 22, 26]",15,40,15,77971,26,26
BIOS,"[21, 22, 26]",15,40,16,95832,21,21
BIOS,"[21, 22, 26]",15,40,17,68131,21,22
BIOS,"[21, 22, 26]",15,40,18,91414,21,21
BIOS,"[21, 22, 26]",15,40,19,96738,22,22
BIOS,"[21, 22, 26]",16,40,0,10435,26,26
BIOS,"[21, 22, 26]",16,40,1,16160,22,22
BIOS,"[21, 22, 26]",16,40,2,93824,21,22
BIOS,"[21, 22, 26]",16,40,3,1292,26,26
BIOS,"[21, 22, 26]",16,40,4,91416,21,22
BIOS,"[21, 22, 26]",16,40,5,30365,21,21
BIOS,"[21, 22, 26]",16,40,6,13776,21,21
BIOS,"[21, 22, 26]",16,40,7,75281,21,21
BIOS,"[21, 22, 26]",16,40,8,1127,22,21
BIOS,"[21, 22, 26]",16,40,9,43449,21,26
BIOS,"[21, 22, 26]",16,40,10,9724,26,26
BIOS,"[21, 22, 26]",16,40,11,95340,21,26
BIOS,"[21, 22, 26]",16,40,12,1372,21,22
BIOS,"[21, 22, 26]",16,40,13,67830,26,21
BIOS,"[21, 22, 26]",16,40,14,64189,22,22
BIOS,"[21, 22, 26]",16,40,15,75793,22,22
BIOS,"[21, 22, 26]",16,40,16,24022,21,22
BIOS,"[21, 22, 26]",16,40,17,58562,21,26
BIOS,"[21, 22, 26]",16,40,18,92722,22,22
BIOS,"[21, 22, 26]",16,40,19,75009,21,21
BIOS,"[21, 22, 26]",17,40,0,9299,21,22
BIOS,"[21, 22, 26]",17,40,1,37158,22,21
BIOS,"[21, 22, 26]",17,40,2,89131,21,21
BIOS,"[21, 22, 26]",17,40,3,46781,22,22
BIOS,"[21, 22, 26]",17,40,4,32539,21,22
BIOS,"[21, 22, 26]",17,40,5,73461,21,21
BIOS,"[21, 22, 26]",17,40,6,29868,21,22
BIOS,"[21, 22, 26]",17,40,7,38024,22,21
BIOS,"[21, 22, 26]",17,40,8,17891,22,22
BIOS,"[21, 22, 26]",17,40,9,50585,22,22
BIOS,"[21, 22, 26]",17,40,10,27585,21,26
BIOS,"[21, 22, 26]",17,40,11,54837,21,22
BIOS,"[21, 22, 26]",17,40,12,44777,21,22
BIOS,"[21, 22, 26]",17,40,13,27560,21,21
BIOS,"[21, 22, 26]",17,40,14,45353,22,22
BIOS,"[21, 22, 26]",17,40,15,72953,21,21
BIOS,"[21, 22, 26]",17,40,16,63569,21,22
BIOS,"[21, 22, 26]",17,40,17,80357,26,26
BIOS,"[21, 22, 26]",17,40,18,47463,22,21
BIOS,"[21, 22, 26]",17,40,19,20001,26,26
BIOS,"[21, 22, 26]",18,40,0,38853,26,21
BIOS,"[21, 22, 26]",18,40,1,57638,22,22
BIOS,"[21, 22, 26]",18,40,2,71086,26,21
BIOS,"[21, 22, 26]",18,40,3,74377,22,21
BIOS,"[21, 22, 26]",18,40,4,34921,26,26
BIOS,"[21, 22, 26]",18,40,5,9101,21,21
BIOS,"[21, 22, 26]",18,40,6,38678,21,21
BIOS,"[21, 22, 26]",18,40,7,52364,21,21
BIOS,"[21, 22, 26]",18,40,8,6205,26,26
BIOS,"[21, 22, 26]",18,40,9,88089,26,22
BIOS,"[21, 22, 26]",18,40,10,16893,22,21
BIOS,"[21, 22, 26]",18,40,11,49269,21,26
BIOS,"[21, 22, 26]",18,40,12,67361,21,22
BIOS,"[21, 22, 26]",18,40,13,11915,21,22
BIOS,"[21, 22, 26]",18,40,14,66488,22,21
BIOS,"[21, 22, 26]",18,40,15,48490,21,21
BIOS,"[21, 22, 26]",18,40,16,81923,26,26
BIOS,"[21, 22, 26]",18,40,17,44515,22,22
BIOS,"[21, 22, 26]",18,40,18,5902,21,26
BIOS,"[21, 22, 26]",18,40,19,80340,26,21
BIOS,"[21, 22, 26]",19,40,0,84379,22,21
BIOS,"[21, 22, 26]",19,40,1,71912,22,21
BIOS,"[21, 22, 26]",19,40,2,5399,26,21
BIOS,"[21, 22, 26]",19,40,3,74431,21,21
BIOS,"[21, 22, 26]",19,40,4,11895,26,22
BIOS,"[21, 22, 26]",19,40,5,54577,22,26
BIOS,"[21, 22, 26]",19,40,6,7899,26,26
BIOS,"[21, 22, 26]",19,40,7,54925,21,22
BIOS,"[21, 22, 26]",19,40,8,35575,22,21
BIOS,"[21, 22, 26]",19,40,9,30668,26,26
BIOS,"[21, 22, 26]",19,40,10,93350,22,22
BIOS,"[21, 22, 26]",19,40,11,64307,22,22
BIOS,"[21, 22, 26]",19,40,12,56705,21,26
BIOS,"[21, 22, 26]",19,40,13,92636,22,22
BIOS,"[21, 22, 26]",19,40,14,63155,26,22
BIOS,"[21, 22, 26]",19,40,15,12607,21,21
BIOS,"[21, 22, 26]",19,40,16,63654,21,22
BIOS,"[21, 22, 26]",19,40,17,78405,22,22
BIOS,"[21, 22, 26]",19,40,18,52396,22,22
BIOS,"[21, 22, 26]",19,40,19,76434,21,21
BIOS,"[21, 22, 26]",20,40,0,75411,26,26
BIOS,"[21, 22, 26]",20,40,1,59516,21,26
BIOS,"[21, 22, 26]",20,40,2,30731,26,21
BIOS,"[21, 22, 26]",20,40,3,66980,26,26
BIOS,"[21, 22, 26]",20,40,4,27895,21,21
BIOS,"[21, 22, 26]",20,40,5,25733,26,26
BIOS,"[21, 22, 26]",20,40,6,79886,21,26
BIOS,"[21, 22, 26]",20,40,7,21606,22,26
BIOS,"[21, 22, 26]",20,40,8,8730,26,21
BIOS,"[21, 22, 26]",20,40,9,63654,21,22
BIOS,"[21, 22, 26]",20,40,10,94412,21,22
BIOS,"[21, 22, 26]",20,40,11,77086,26,22
BIOS,"[21, 22, 26]",20,40,12,51994,22,22
BIOS,"[21, 22, 26]",20,40,13,16781,21,21
BIOS,"[21, 22, 26]",20,40,14,45176,21,21
BIOS,"[21, 22, 26]",20,40,15,41450,21,21
BIOS,"[21, 22, 26]",20,40,16,28861,22,22
BIOS,"[21, 22, 26]",20,40,17,21414,21,26
BIOS,"[21, 22, 26]",20,40,18,13244,21,22
BIOS,"[21, 22, 26]",20,40,19,21657,22,22
BIOS,"[21, 22, 26]",21,40,0,75102,21,26
BIOS,"[21, 22, 26]",21,40,1,34583,22,26
BIOS,"[21, 22, 26]",21,40,2,72006,21,21
BIOS,"[21, 22, 26]",21,40,3,44297,22,22
BIOS,"[21, 22, 26]",21,40,4,51375,21,22
BIOS,"[21, 22, 26]",21,40,5,73442,22,22
BIOS,"[21, 22, 26]",21,40,6,90403,22,21
BIOS,"[21, 22, 26]",21,40,7,6947,21,21
BIOS,"[21, 22, 26]",21,40,8,989,22,26
BIOS,"[21, 22, 26]",21,40,9,74044,26,26
BIOS,"[21, 22, 26]",21,40,10,91712,21,26
BIOS,"[21, 22, 26]",21,40,11,27291,26,22
BIOS,"[21, 22, 26]",21,40,12,79146,26,21
BIOS,"[21, 22, 26]",21,40,13,26422,26,21
BIOS,"[21, 22, 26]",21,40,14,57936,21,22
BIOS,"[21, 22, 26]",21,40,15,93580,21,26
BIOS,"[21, 22, 26]",21,40,16,1994,21,26
BIOS,"[21, 22, 26]",21,40,17,32539,21,22
BIOS,"[21, 22, 26]",21,40,18,57283,21,21
BIOS,"[21, 22, 26]",21,40,19,79031,22,26
BIOS,"[21, 22, 26]",22,40,0,38647,21,21
BIOS,"[21, 22, 26]",22,40,1,28211,26,26
BIOS,"[21, 22, 26]",22,40,2,56092,22,26
BIOS,"[21, 22, 26]",22,40,3,19934,22,22
BIOS,"[21, 22, 26]",22,40,4,82710,21,22
BIOS,"[21, 22, 26]",22,40,5,61328,22,26
BIOS,"[21, 22, 26]",22,40,6,42197,21,22
BIOS,"[21, 22, 26]",22,40,7,98712,21,22
BIOS,"[21, 22, 26]",22,40,8,39283,21,22
BIOS,"[21, 22, 26]",22,40,9,38335,26,26
BIOS,"[21, 22, 26]",22,40,10,36487,26,21
BIOS,"[21, 22, 26]",22,40,11,57656,26,26
BIOS,"[21, 22, 26]",22,40,12,32615,26,21
BIOS,"[21, 22, 26]",22,40,13,95942,21,21
BIOS,"[21, 22, 26]",22,40,14,41810,22,26
BIOS,"[21, 22, 26]",22,40,15,32006,26,21
BIOS,"[21, 22, 26]",22,40,16,77654,22,22
BIOS,"[21, 22, 26]",22,40,17,9517,22,22
BIOS,"[21, 22, 26]",22,40,18,54036,21,22
BIOS,"[21, 22, 26]",22,40,19,73710,22,21
BIOS,"[21, 22, 26]",23,40,0,17816,26,21
BIOS,"[21, 22, 26]",23,40,1,1941,21,22
BIOS,"[21, 22, 26]",23,40,2,85379,21,21
BIOS,"[21, 22, 26]",23,40,3,892,26,26
BIOS,"[21, 22, 26]",23,40,4,83314,21,21
BIOS,"[21, 22, 26]",23,40,5,47969,22,26
BIOS,"[21, 22, 26]",23,40,6,4755,22,22
BIOS,"[21, 22, 26]",23,40,7,13449,26,26
BIOS,"[21, 22, 26]",23,40,8,76619,21,21
BIOS,"[21, 22, 26]",23,40,9,18928,26,22
BIOS,"[21, 22, 26]",23,40,10,15654,21,21
BIOS,"[21, 22, 26]",23,40,11,8482,22,22
BIOS,"[21, 22, 26]",23,40,12,22947,26,26
BIOS,"[21, 22, 26]",23,40,13,94194,21,21
BIOS,"[21, 22, 26]",23,40,14,29635,26,26
BIOS,"[21, 22, 26]",23,40,15,81713,22,22
BIOS,"[21, 22, 26]",23,40,16,5634,22,22
BIOS,"[21, 22, 26]",23,40,17,96290,22,21
BIOS,"[21, 22, 26]",23,40,18,26025,22,21
BIOS,"[21, 22, 26]",23,40,19,2369,26,26
BIOS,"[21, 22, 26]",24,40,0,47284,26,26
BIOS,"[21, 22, 26]",24,40,1,45622,21,22
BIOS,"[21, 22, 26]",24,40,2,47555,26,21
BIOS,"[21, 22, 26]",24,40,3,23585,21,21
BIOS,"[21, 22, 26]",24,40,4,93804,26,26
BIOS,"[21, 22, 26]",24,40,5,78748,22,22
BIOS,"[21, 22, 26]",24,40,6,59453,21,21
BIOS,"[21, 22, 26]",24,40,7,47162,21,26
BIOS,"[21, 22, 26]",24,40,8,38523,22,21
BIOS,"[21, 22, 26]",24,40,9,14600,21,22
BIOS,"[21, 22, 26]",24,40,10,12184,26,26
BIOS,"[21, 22, 26]",24,40,11,19036,26,26
BIOS,"[21, 22, 26]",24,40,12,97916,21,21
BIOS,"[21, 22, 26]",24,40,13,87035,21,26
BIOS,"[21, 22, 26]",24,40,14,12975,22,22
BIOS,"[21, 22, 26]",24,40,15,13844,21,21
BIOS,"[21, 22, 26]",24,40,16,88386,22,22
BIOS,"[21, 22, 26]",24,40,17,71146,21,26
BIOS,"[21, 22, 26]",24,40,18,13166,21,26
BIOS,"[21, 22, 26]",24,40,19,66827,22,22
BIOS,"[21, 22, 26]",25,40,0,84586,22,26
BIOS,"[21, 22, 26]",25,40,1,13846,26,26
BIOS,"[21, 22, 26]",25,40,2,14993,26,21
BIOS,"[21, 22, 26]",25,40,3,32634,26,26
BIOS,"[21, 22, 26]",25,40,4,40265,22,21
BIOS,"[21, 22, 26]",25,40,5,38464,22,22
BIOS,"[21, 22, 26]",25,40,6,38853,26,21
BIOS,"[21, 22, 26]",25,40,7,95093,21,21
BIOS,"[21, 22, 26]",25,40,8,52946,21,21
BIOS,"[21, 22, 26]",25,40,9,70593,21,21
BIOS,"[21, 22, 26]",25,40,10,92505,21,21
BIOS,"[21, 22, 26]",25,40,11,35580,21,26
BIOS,"[21, 22, 26]",25,40,12,77993,22,22
BIOS,"[21, 22, 26]",25,40,13,41773,26,26
BIOS,"[21, 22, 26]",25,40,14,63553,26,26
BIOS,"[21, 22, 26]",25,40,15,484,22,21
BIOS,"[21, 22, 26]",25,40,16,92383,22,21
BIOS,"[21, 22, 26]",25,40,17,15433,21,21
BIOS,"[21, 22, 26]",25,40,18,10213,26,21
BIOS,"[21, 22, 26]",25,40,19,74744,22,22
BIOS,"[21, 22, 26]",26,40,0,59511,22,26
BIOS,"[21, 22, 26]",26,40,1,90851,21,22
BIOS,"[21, 22, 26]",26,40,2,76445,26,26
BIOS,"[21, 22, 26]",26,40,3,34994,26,26
BIOS,"[21, 22, 26]",26,40,4,34872,21,21
BIOS,"[21, 22, 26]",26,40,5,42005,26,21
BIOS,"[21, 22, 26]",26,40,6,88679,22,21
BIOS,"[21, 22, 26]",26,40,7,78848,21,21
BIOS,"[21, 22, 26]",26,40,8,11939,22,22
BIOS,"[21, 22, 26]",26,40,9,40810,21,26
BIOS,"[21, 22, 26]",26,40,10,50210,21,21
BIOS,"[21, 22, 26]",26,40,11,67783,26,22
BIOS,"[21, 22, 26]",26,40,12,11688,26,26
BIOS,"[21, 22, 26]",26,40,13,61763,26,22
BIOS,"[21, 22, 26]",26,40,14,91531,21,26
BIOS,"[21, 22, 26]",26,40,15,6288,26,26
BIOS,"[21, 22, 26]",26,40,16,31418,21,21
BIOS,"[21, 22, 26]",26,40,17,93518,22,22
BIOS,"[21, 22, 26]",26,40,18,93664,26,26
BIOS,"[21, 22, 26]",26,40,19,54674,21,22
BIOS,"[21, 22, 26]",27,40,0,55474,22,26
BIOS,"[21, 22, 26]",27,40,1,51582,26,21
BIOS,"[21, 22, 26]",27,40,2,95949,22,21
BIOS,"[21, 22, 26]",27,40,3,67361,21,22
BIOS,"[21, 22, 26]",27,40,4,37304,21,21
BIOS,"[21, 22, 26]",27,40,5,82710,21,22
BIOS,"[21, 22, 26]",27,40,6,2831,21,26
BIOS,"[21, 22, 26]",27,40,7,67141,21,21
BIOS,"[21, 22, 26]",27,40,8,43195,26,26
BIOS,"[21, 22, 26]",27,40,9,57007,22,26
BIOS,"[21, 22, 26]",27,40,10,48489,21,22
BIOS,"[21, 22, 26]",27,40,11,49027,22,21
BIOS,"[21, 22, 26]",27,40,12,32859,22,21
BIOS,"[21, 22, 26]",27,40,13,18093,21,21
BIOS,"[21, 22, 26]",27,40,14,75326,26,26
BIOS,"[21, 22, 26]",27,40,15,63155,26,22
BIOS,"[21, 22, 26]",27,40,16,67727,21,21
BIOS,"[21, 22, 26]",27,40,17,45512,21,21
BIOS,"[21, 22, 26]",27,40,18,5729,26,26
BIOS,"[21, 22, 26]",27,40,19,24247,21,22
BIOS,"[21, 22, 26]",28,40,0,47836,21,26
BIOS,"[21, 22, 26]",28,40,1,19221,21,26
BIOS,"[21, 22, 26]",28,40,2,63963,26,21
BIOS,"[21, 22, 26]",28,40,3,32166,21,21
BIOS,"[21, 22, 26]",28,40,4,60556,26,26
BIOS,"[21, 22, 26]",28,40,5,9299,21,22
BIOS,"[21, 22, 26]",28,40,6,78790,22,22
BIOS,"[21, 22, 26]",28,40,7,32231,26,26
BIOS,"[21, 22, 26]",28,40,8,88247,21,22
BIOS,"[21, 22, 26]",28,40,9,96103,26,26
BIOS,"[21, 22, 26]",28,40,10,86050,26,26
BIOS,"[21, 22, 26]",28,40,11,49743,26,21
BIOS,"[21, 22, 26]",28,40,12,6890,22,21
BIOS,"[21, 22, 26]",28,40,13,58562,21,26
BIOS,"[21, 22, 26]",28,40,14,20759,22,22
BIOS,"[21, 22, 26]",28,40,15,64780,22,21
BIOS,"[21, 22, 26]",28,40,16,97855,22,22
BIOS,"[21, 22, 26]",28,40,17,19828,21,22
BIOS,"[21, 22, 26]",28,40,18,85928,21,21
BIOS,"[21, 22, 26]",28,40,19,44039,22,21
BIOS,"[21, 22, 26]",29,40,0,58850,21,22
BIOS,"[21, 22, 26]",29,40,1,65713,22,22
BIOS,"[21, 22, 26]",29,40,2,9464,21,21
BIOS,"[21, 22, 26]",29,40,3,73960,22,22
BIOS,"[21, 22, 26]",29,40,4,25252,22,22
BIOS,"[21, 22, 26]",29,40,5,60101,26,26
BIOS,"[21, 22, 26]",29,40,6,47511,26,26
BIOS,"[21, 22, 26]",29,40,7,32539,21,22
BIOS,"[21, 22, 26]",29,40,8,90403,22,21
BIOS,"[21, 22, 26]",29,40,9,29183,21,22
BIOS,"[21, 22, 26]",29,40,10,96024,22,26
BIOS,"[21, 22, 26]",29,40,11,49078,21,21
BIOS,"[21, 22, 26]",29,40,12,34208,21,26
BIOS,"[21, 22, 26]",29,40,13,55023,21,26
BIOS,"[21, 22, 26]",29,40,14,17684,26,26
BIOS,"[21, 22, 26]",29,40,15,14085,21,21
BIOS,"[21, 22, 26]",29,40,16,35299,22,21
BIOS,"[21, 22, 26]",29,40,17,26746,26,26
BIOS,"[21, 22, 26]",29,40,18,58303,26,26
BIOS,"[21, 22, 26]",29,40,19,37734,21,26
BIOS,"[21, 22, 26]",30,40,0,51523,21,21
BIOS,"[21, 22, 26]",30,40,1,19215,21,21
BIOS,"[21, 22, 26]",30,40,2,45718,21,21
BIOS,"[21, 22, 26]",30,40,3,42197,21,22
BIOS,"[21, 22, 26]",30,40,4,95801,22,21
BIOS,"[21, 22, 26]",30,40,5,13611,21,22
BIOS,"[21, 22, 26]",30,40,6,1146,22,26
BIOS,"[21, 22, 26]",30,40,7,88293,22,22
BIOS,"[21, 22, 26]",30,40,8,61964,21,22
BIOS,"[21, 22, 26]",30,40,9,70656,21,21
BIOS,"[21, 22, 26]",30,40,10,66614,21,26
BIOS,"[21, 22, 26]",30,40,11,83957,26,26
BIOS,"[21, 22, 26]",30,40,12,19695,26,21
BIOS,"[21, 22, 26]",30,40,13,33271,26,26
BIOS,"[21, 22, 26]",30,40,14,51364,22,26
BIOS,"[21, 22, 26]",30,40,15,82959,21,26
BIOS,"[21, 22, 26]",30,40,16,12669,21,21
BIOS,"[21, 22, 26]",30,40,17,13654,26,26
BIOS,"[21, 22, 26]",30,40,18,53105,22,21
BIOS,"[21, 22, 26]",30,40,19,11782,21,21
BIOS,"[21, 22, 26]",31,40,0,27456,21,22
BIOS,"[21, 22, 26]",31,40,1,16893,22,21
BIOS,"[21, 22, 26]",31,40,2,59736,21,21
BIOS,"[21, 22, 26]",31,40,3,61472,26,26
BIOS,"[21, 22, 26]",31,40,4,29091,21,26
BIOS,"[21, 22, 26]",31,40,5,37186,22,21
BIOS,"[21, 22, 26]",31,40,6,1285,26,22
BIOS,"[21, 22, 26]",31,40,7,88098,21,22
BIOS,"[21, 22, 26]",31,40,8,96730,21,26
BIOS,"[21, 22, 26]",31,40,9,13196,21,26
BIOS,"[21, 22, 26]",31,40,10,72685,22,21
BIOS,"[21, 22, 26]",31,40,11,39807,26,26
BIOS,"[21, 22, 26]",31,40,12,24499,22,22
BIOS,"[21, 22, 26]",31,40,13,93407,22,21
BIOS,"[21, 22, 26]",31,40,14,21779,21,22
BIOS,"[21, 22, 26]",31,40,15,60016,26,21
BIOS,"[21, 22, 26]",31,40,16,26869,21,21
BIOS,"[21, 22, 26]",31,40,17,27009,21,21
BIOS,"[21, 22, 26]",31,40,18,23887,22,26
BIOS,"[21, 22, 26]",31,40,19,87253,21,21
BIOS,"[21, 22, 26]",32,40,0,22088,22,22
BIOS,"[21, 22, 26]",32,40,1,3658,26,22
BIOS,"[21, 22, 26]",32,40,2,90154,26,21
BIOS,"[21, 22, 26]",32,40,3,71015,22,26
BIOS,"[21, 22, 26]",32,40,4,57600,26,26
BIOS,"[21, 22, 26]",32,40,5,56639,22,21
BIOS,"[21, 22, 26]",32,40,6,92500,26,21
BIOS,"[21, 22, 26]",32,40,7,9195,26,26
BIOS,"[21, 22, 26]",32,40,8,68020,26,26
BIOS,"[21, 22, 26]",32,40,9,17029,26,26
BIOS,"[21, 22, 26]",32,40,10,71800,21,26
BIOS,"[21, 22, 26]",32,40,11,10492,26,22
BIOS,"[21, 22, 26]",32,40,12,29046,22,22
BIOS,"[21, 22, 26]",32,40,13,43752,26,22
BIOS,"[21, 22, 26]",32,40,14,91847,26,22
BIOS,"[21, 22, 26]",32,40,15,28744,21,21
BIOS,"[21, 22, 26]",32,40,16,61984,21,26
BIOS,"[21, 22, 26]",32,40,17,84952,21,26
BIOS,"[21, 22, 26]",32,40,18,53202,22,22
BIOS,"[21, 22, 26]",32,40,19,64560,21,21
BIOS,"[21, 22, 26]",33,40,0,65592,21,21
BIOS,"[21, 22, 26]",33,40,1,58250,21,21
BIOS,"[21, 22, 26]",33,40,2,19451,21,21
BIOS,"[21, 22, 26]",33,40,3,12412,26,22
BIOS,"[21, 22, 26]",33,40,4,95259,26,21
BIOS,"[21, 22, 26]",33,40,5,51786,22,22
BIOS,"[21, 22, 26]",33,40,6,15537,21,26
BIOS,"[21, 22, 26]",33,40,7,88134,21,21
BIOS,"[21, 22, 26]",33,40,8,59516,21,26
BIOS,"[21, 22, 26]",33,40,9,75929,26,22
BIOS,"[21, 22, 26]",33,40,10,73869,22,22
BIOS,"[21, 22, 26]",33,40,11,19526,21,26
BIOS,"[21, 22, 26]",33,40,12,87174,22,21
BIOS,"[21, 22, 26]",33,40,13,86270,21,26
BIOS,"[21, 22, 26]",33,40,14,54994,22,21
BIOS,"[21, 22, 26]",33,40,15,95947,26,26
BIOS,"[21, 22, 26]",33,40,16,73351,26,26
BIOS,"[21, 22, 26]",33,40,17,41637,26,21
BIOS,"[21, 22, 26]",33,40,18,18889,26,26
BIOS,"[21, 22, 26]",33,40,19,30193,22,21
BIOS,"[21, 22, 26]",34,40,0,22376,26,26
BIOS,"[21, 22, 26]",34,40,1,34484,22,22
BIOS,"[21, 22, 26]",34,40,2,80015,21,21
BIOS,"[21, 22, 26]",34,40,3,11370,22,22
BIOS,"[21, 22, 26]",34,40,4,3946,21,21
BIOS,"[21, 22, 26]",34,40,5,75413,22,21
BIOS,"[21, 22, 26]",34,40,6,25036,21,26
BIOS,"[21, 22, 26]",34,40,7,59368,21,26
BIOS,"[21, 22, 26]",34,40,8,11344,22,26
BIOS,"[21, 22, 26]",34,40,9,81952,22,21
BIOS,"[21, 22, 26]",34,40,10,73669,21,22
BIOS,"[21, 22, 26]",34,40,11,32280,21,21
BIOS,"[21, 22, 26]",34,40,12,18687,21,21
BIOS,"[21, 22, 26]",34,40,13,25255,22,26
BIOS,"[21, 22, 26]",34,40,14,83111,26,26
BIOS,"[21, 22, 26]",34,40,15,56379,26,26
BIOS,"[21, 22, 26]",34,40,16,41192,26,21
BIOS,"[21, 22, 26]",34,40,17,7140,21,21
BIOS,"[21, 22, 26]",34,40,18,28361,21,22
BIOS,"[21, 22, 26]",34,40,19,67142,26,26
BIOS,"[21, 22, 26]",35,40,0,64668,21,26
BIOS,"[21, 22, 26]",35,40,1,58205,21,21
BIOS,"[21, 22, 26]",35,40,2,2768,21,26
BIOS,"[21, 22, 26]",35,40,3,66588,22,22
BIOS,"[21, 22, 26]",35,40,4,92617,21,21
BIOS,"[21, 22, 26]",35,40,5,41203,21,21
BIOS,"[21, 22, 26]",35,40,6,10300,21,21
BIOS,"[21, 22, 26]",35,40,7,78690,22,22
BIOS,"[21, 22, 26]",35,40,8,43337,26,26
BIOS,"[21, 22, 26]",35,40,9,77008,26,26
BIOS,"[21, 22, 26]",35,40,10,84716,26,22
BIOS,"[21, 22, 26]",35,40,11,52513,21,21
BIOS,"[21, 22, 26]",35,40,12,41244,26,21
BIOS,"[21, 22, 26]",35,40,13,35726,26,22
BIOS,"[21, 22, 26]",35,40,14,18450,21,26
BIOS,"[21, 22, 26]",35,40,15,48695,26,26
BIOS,"[21, 22, 26]",35,40,16,50671,22,21
BIOS,"[21, 22, 26]",35,40,17,26282,26,26
BIOS,"[21, 22, 26]",35,40,18,90022,22,22
BIOS,"[21, 22, 26]",35,40,19,90228,21,26
BIOS,"[21, 22, 26]",36,40,0,93743,22,21
BIOS,"[21, 22, 26]",36,40,1,27898,22,22
BIOS,"[21, 22, 26]",36,40,2,94022,26,21
BIOS,"[21, 22, 26]",36,40,3,30490,26,21
BIOS,"[21, 22, 26]",36,40,4,98051,21,21
BIOS,"[21, 22, 26]",36,40,5,28632,26,26
BIOS,"[21, 22, 26]",36,40,6,11541,26,22
BIOS,"[21, 22, 26]",36,40,7,91847,26,22
BIOS,"[21, 22, 26]",36,40,8,62349,22,26
BIOS,"[21, 22, 26]",36,40,9,82401,22,22
BIOS,"[21, 22, 26]",36,40,10,30620,26,26
BIOS,"[21, 22, 26]",36,40,11,17159,22,21
BIOS,"[21, 22, 26]",36,40,12,11370,22,22
BIOS,"[21, 22, 26]",36,40,13,52428,21,21
BIOS,"[21, 22, 26]",36,40,14,57480,26,26
BIOS,"[21, 22, 26]",36,40,15,59516,21,26
BIOS,"[21, 22, 26]",36,40,16,49160,26,26
BIOS,"[21, 22, 26]",36,40,17,93790,22,21
BIOS,"[21, 22, 26]",36,40,18,85366,22,26
BIOS,"[21, 22, 26]",36,40,19,19325,26,26
BIOS,"[21, 22, 26]",37,40,0,89330,26,21
BIOS,"[21, 22, 26]",37,40,1,67570,26,26
BIOS,"[21, 22, 26]",37,40,2,99037,21,26
BIOS,"[21, 22, 26]",37,40,3,30174,21,21
BIOS,"[21, 22, 26]",37,40,4,1034,22,21
BIOS,"[21, 22, 26]",37,40,5,34130,26,26
BIOS,"[21, 22, 26]",37,40,6,64957,21,21
BIOS,"[21, 22, 26]",37,40,7,30661,26,26
BIOS,"[21, 22, 26]",37,40,8,31619,26,26
BIOS,"[21, 22, 26]",37,40,9,16273,22,22
BIOS,"[21, 22, 26]",37,40,10,54453,26,26
BIOS,"[21, 22, 26]",37,40,11,66746,21,22
BIOS,"[21, 22, 26]",37,40,12,28542,22,22
BIOS,"[21, 22, 26]",37,40,13,63155,26,22
BIOS,"[21, 22, 26]",37,40,14,80091,26,26
BIOS,"[21, 22, 26]",37,40,15,55419,21,26
BIOS,"[21, 22, 26]",37,40,16,8571,26,22
BIOS,"[21, 22, 26]",37,40,17,78748,22,22
BIOS,"[21, 22, 26]",37,40,18,9208,21,22
BIOS,"[21, 22, 26]",37,40,19,13350,22,26
BIOS,"[21, 22, 26]",38,40,0,41571,22,21
BIOS,"[21, 22, 26]",38,40,1,70348,21,21
BIOS,"[21, 22, 26]",38,40,2,51863,21,21
BIOS,"[21, 22, 26]",38,40,3,43188,21,26
BIOS,"[21, 22, 26]",38,40,4,56092,22,26
BIOS,"[21, 22, 26]",38,40,5,35037,21,22
BIOS,"[21, 22, 26]",38,40,6,72582,26,22
BIOS,"[21, 22, 26]",38,40,7,44764,22,22
BIOS,"[21, 22, 26]",38,40,8,1527,21,21
BIOS,"[21, 22, 26]",38,40,9,10866,22,22
BIOS,"[21, 22, 26]",38,40,10,74406,26,26
BIOS,"[21, 22, 26]",38,40,11,46249,22,22
BIOS,"[21, 22, 26]",38,40,12,59242,26,26
BIOS,"[21, 22, 26]",38,40,13,18407,26,21
BIOS,"[21, 22, 26]",38,40,14,94886,22,21
BIOS,"[21, 22, 26]",38,40,15,4072,21,21
BIOS,"[21, 22, 26]",38,40,16,92738,21,22
BIOS,"[21, 22, 26]",38,40,17,26050,21,21
BIOS,"[21, 22, 26]",38,40,18,54994,22,21
BIOS,"[21, 22, 26]",38,40,19,47967,21,21
BIOS,"[21, 22, 26]",39,40,0,5902,21,26
BIOS,"[21, 22, 26]",39,40,1,31677,21,21
BIOS,"[21, 22, 26]",39,40,2,42540,22,22
BIOS,"[21, 22, 26]",39,40,3,62087,21,21
BIOS,"[21, 22, 26]",39,40,4,68342,26,26
BIOS,"[21, 22, 26]",39,40,5,85551,22,21
BIOS,"[21, 22, 26]",39,40,6,53520,22,22
BIOS,"[21, 22, 26]",39,40,7,74941,21,26
BIOS,"[21, 22, 26]",39,40,8,3241,26,26
BIOS,"[21, 22, 26]",39,40,9,12432,22,22
BIOS,"[21, 22, 26]",39,40,10,47969,22,26
BIOS,"[21, 22, 26]",39,40,11,91030,21,22
BIOS,"[21, 22, 26]",39,40,12,989,22,26
BIOS,"[21, 22, 26]",39,40,13,7879,26,21
BIOS,"[21, 22, 26]",39,40,14,72269,26,26
BIOS,"[21, 22, 26]",39,40,15,18542,22,21
BIOS,"[21, 22, 26]",39,40,16,22811,22,21
BIOS,"[21, 22, 26]",39,40,17,72522,26,21
BIOS,"[21, 22, 26]",39,40,18,78704,26,22
BIOS,"[21, 22, 26]",39,40,19,48821,21,21
BIOS,"[21, 22, 26]",40,40,0,59475,26,21
BIOS,"[21, 22, 26]",40,40,1,78502,22,22
BIOS,"[21, 22, 26]",40,40,2,37187,22,22
BIOS,"[21, 22, 26]",40,40,3,25725,26,21
BIOS,"[21, 22, 26]",40,40,4,54925,21,22
BIOS,"[21, 22, 26]",40,40,5,16976,21,21
BIOS,"[21, 22, 26]",40,40,6,59522,26,26
BIOS,"[21, 22, 26]",40,40,7,13671,21,22
BIOS,"[21, 22, 26]",40,40,8,50251,26,21
BIOS,"[21, 22, 26]",40,40,9,97885,22,21
BIOS,"[21, 22, 26]",40,40,10,16513,21,21
BIOS,"[21, 22, 26]",40,40,11,3098,26,21
BIOS,"[21, 22, 26]",40,40,12,13436,26,26
BIOS,"[21, 22, 26]",40,40,13,19652,22,22
BIOS,"[21, 22, 26]",40,40,14,96682,26,21
BIOS,"[21, 22, 26]",40,40,15,32139,21,22
BIOS,"[21, 22, 26]",40,40,16,61244,26,26
BIOS,"[21, 22, 26]",40,40,17,56418,21,21
BIOS,"[21, 22, 26]",40,40,18,5431,22,21
BIOS,"[21, 22, 26]",40,40,19,31785,22,26
BIOS,"[21, 22, 26]",41,40,0,54577,22,26
BIOS,"[21, 22, 26]",41,40,1,12085,22,26
BIOS,"[21, 22, 26]",41,40,2,97853,21,21
BIOS,"[21, 22, 26]",41,40,3,57142,21,21
BIOS,"[21, 22, 26]",41,40,4,19556,26,21
BIOS,"[21, 22, 26]",41,40,5,3141,26,21
BIOS,"[21, 22, 26]",41,40,6,90781,21,22
BIOS,"[21, 22, 26]",41,40,7,83717,22,22
BIOS,"[21, 22, 26]",41,40,8,97797,21,21
BIOS,"[21, 22, 26]",41,40,9,18595,21,21
BIOS,"[21, 22, 26]",41,40,10,95273,21,22
BIOS,"[21, 22, 26]",41,40,11,71484,26,26
BIOS,"[21, 22, 26]",41,40,12,32601,26,26
BIOS,"[21, 22, 26]",41,40,13,88356,21,21
BIOS,"[21, 22, 26]",41,40,14,38024,22,21
BIOS,"[21, 22, 26]",41,40,15,7596,22,22
BIOS,"[21, 22, 26]",41,40,16,57936,21,22
BIOS,"[21, 22, 26]",41,40,17,59171,26,21
BIOS,"[21, 22, 26]",41,40,18,26237,22,26
BIOS,"[21, 22, 26]",41,40,19,74524,26,21
BIOS,"[21, 22, 26]",42,40,0,494,22,21
BIOS,"[21, 22, 26]",42,40,1,91396,26,26
BIOS,"[21, 22, 26]",42,40,2,55801,22,21
BIOS,"[21, 22, 26]",42,40,3,44342,21,26
BIOS,"[21, 22, 26]",42,40,4,86212,26,22
BIOS,"[21, 22, 26]",42,40,5,90243,21,21
BIOS,"[21, 22, 26]",42,40,6,3536,26,26
BIOS,"[21, 22, 26]",42,40,7,96554,21,21
BIOS,"[21, 22, 26]",42,40,8,55495,22,22
BIOS,"[21, 22, 26]",42,40,9,42031,21,21
BIOS,"[21, 22, 26]",42,40,10,34482,21,26
BIOS,"[21, 22, 26]",42,40,11,90228,21,26
BIOS,"[21, 22, 26]",42,40,12,70558,26,22
BIOS,"[21, 22, 26]",42,40,13,59097,22,22
BIOS,"[21, 22, 26]",42,40,14,3898,21,22
BIOS,"[21, 22, 26]",42,40,15,96963,26,21
BIOS,"[21, 22, 26]",42,40,16,29290,22,26
BIOS,"[21, 22, 26]",42,40,17,9299,21,22
BIOS,"[21, 22, 26]",42,40,18,27705,21,21
BIOS,"[21, 22, 26]",42,40,19,43722,22,21
BIOS,"[21, 22, 26]",43,40,0,58918,22,21
BIOS,"[21, 22, 26]",43,40,1,535,26,21
BIOS,"[21, 22, 26]",43,40,2,1941,21,22
BIOS,"[21, 22, 26]",43,40,3,43752,26,22
BIOS,"[21, 22, 26]",43,40,4,18911,22,22
BIOS,"[21, 22, 26]",43,40,5,26500,21,22
BIOS,"[21, 22, 26]",43,40,6,30602,22,22
BIOS,"[21, 22, 26]",43,40,7,52162,21,26
BIOS,"[21, 22, 26]",43,40,8,26815,22,21
BIOS,"[21, 22, 26]",43,40,9,62241,22,26
BIOS,"[21, 22, 26]",43,40,10,54391,21,21
BIOS,"[21, 22, 26]",43,40,11,2629,22,22
BIOS,"[21, 22, 26]",43,40,12,76028,21,21
BIOS,"[21, 22, 26]",43,40,13,28906,21,21
BIOS,"[21, 22, 26]",43,40,14,92372,26,26
BIOS,"[21, 22, 26]",43,40,15,43101,21,21
BIOS,"[21, 22, 26]",43,40,16,91712,21,26
BIOS,"[21, 22, 26]",43,40,17,26386,22,21
BIOS,"[21, 22, 26]",43,40,18,47324,22,21
BIOS,"[21, 22, 26]",43,40,19,40567,22,21
BIOS,"[21, 22, 26]",44,40,0,27472,21,22
BIOS,"[21, 22, 26]",44,40,1,89472,22,22
BIOS,"[21, 22, 26]",44,40,2,21578,22,22
BIOS,"[21, 22, 26]",44,40,3,79910,21,22
BIOS,"[21, 22, 26]",44,40,4,73026,21,26
BIOS,"[21, 22, 26]",44,40,5,39448,21,21
BIOS,"[21, 22, 26]",44,40,6,14625,21,26
BIOS,"[21, 22, 26]",44,40,7,66885,21,21
BIOS,"[21, 22, 26]",44,40,8,57644,21,22
BIOS,"[21, 22, 26]",44,40,9,66048,26,26
BIOS,"[21, 22, 26]",44,40,10,3296,26,21
BIOS,"[21, 22, 26]",44,40,11,77542,22,22
BIOS,"[21, 22, 26]",44,40,12,88533,21,21
BIOS,"[21, 22, 26]",44,40,13,94513,22,21
BIOS,"[21, 22, 26]",44,40,14,93326,26,22
BIOS,"[21, 22, 26]",44,40,15,6887,26,26
BIOS,"[21, 22, 26]",44,40,16,41913,22,21
BIOS,"[21, 22, 26]",44,40,17,21414,21,26
BIOS,"[21, 22, 26]",44,40,18,24377,22,21
BIOS,"[21, 22, 26]",44,40,19,54773,21,26
BIOS,"[21, 22, 26]",45,40,0,91733,21,26
BIOS,"[21, 22, 26]",45,40,1,77461,21,21
BIOS,"[21, 22, 26]",45,40,2,99048,26,26
BIOS,"[21, 22, 26]",45,40,3,50598,22,22
BIOS,"[21, 22, 26]",45,40,4,47976,21,21
BIOS,"[21, 22, 26]",45,40,5,19024,22,22
BIOS,"[21, 22, 26]",45,40,6,98327,21,26
BIOS,"[21, 22, 26]",45,40,7,71146,21,26
BIOS,"[21, 22, 26]",45,40,8,50354,22,21
BIOS,"[21, 22, 26]",45,40,9,29010,21,22
BIOS,"[21, 22, 26]",45,40,10,2737,26,26
BIOS,"[21, 22, 26]",45,40,11,46308,22,21
BIOS,"[21, 22, 26]",45,40,12,55902,21,26
BIOS,"[21, 22, 26]",45,40,13,42646,21,22
BIOS,"[21, 22, 26]",45,40,14,15029,22,22
BIOS,"[21, 22, 26]",45,40,15,5276,21,21
BIOS,"[21, 22, 26]",45,40,16,31977,22,22
BIOS,"[21, 22, 26]",45,40,17,43040,26,21
BIOS,"[21, 22, 26]",45,40,18,39428,22,21
BIOS,"[21, 22, 26]",45,40,19,47782,26,21
BIOS,"[21, 22, 26]",46,40,0,66371,22,22
BIOS,"[21, 22, 26]",46,40,1,68423,22,22
BIOS,"[21, 22, 26]",46,40,2,44059,21,22
BIOS,"[21, 22, 26]",46,40,3,81320,22,21
BIOS,"[21, 22, 26]",46,40,4,25865,21,26
BIOS,"[21, 22, 26]",46,40,5,86455,21,21
BIOS,"[21, 22, 26]",46,40,6,58915,26,22
BIOS,"[21, 22, 26]",46,40,7,6026,21,21
BIOS,"[21, 22, 26]",46,40,8,36136,26,26
BIOS,"[21, 22, 26]",46,40,9,97967,26,26
BIOS,"[21, 22, 26]",46,40,10,85049,26,26
BIOS,"[21, 22, 26]",46,40,11,13077,26,26
BIOS,"[21, 22, 26]",46,40,12,16405,26,21
BIOS,"[21, 22, 26]",46,40,13,15355,21,21
BIOS,"[21, 22, 26]",46,40,14,7384,21,21
BIOS,"[21, 22, 26]",46,40,15,11915,21,22
BIOS,"[21, 22, 26]",46,40,16,928,22,21
BIOS,"[21, 22, 26]",46,40,17,40733,22,21
BIOS,"[21, 22, 26]",46,40,18,73266,22,26
BIOS,"[21, 22, 26]",46,40,19,46535,26,21
BIOS,"[21, 22, 26]",47,40,0,83,22,21
BIOS,"[21, 22, 26]",47,40,1,38380,21,22
BIOS,"[21, 22, 26]",47,40,2,72053,26,26
BIOS,"[21, 22, 26]",47,40,3,28508,21,21
BIOS,"[21, 22, 26]",47,40,4,83537,21,21
BIOS,"[21, 22, 26]",47,40,5,60198,22,22
BIOS,"[21, 22, 26]",47,40,6,23033,26,26
BIOS,"[21, 22, 26]",47,40,7,57900,21,22
BIOS,"[21, 22, 26]",47,40,8,16183,22,26
BIOS,"[21, 22, 26]",47,40,9,68248,22,21
BIOS,"[21, 22, 26]",47,40,10,48388,21,21
BIOS,"[21, 22, 26]",47,40,11,29987,26,26
BIOS,"[21, 22, 26]",47,40,12,56007,21,21
BIOS,"[21, 22, 26]",47,40,13,51644,22,26
BIOS,"[21, 22, 26]",47,40,14,10090,26,26
BIOS,"[21, 22, 26]",47,40,15,29834,21,26
BIOS,"[21, 22, 26]",47,40,16,29785,26,22
BIOS,"[21, 22, 26]",47,40,17,70897,21,26
BIOS,"[21, 22, 26]",47,40,18,24942,22,22
BIOS,"[21, 22, 26]",47,40,19,99031,22,22
BIOS,"[21, 22, 26]",48,40,0,74048,21,21
BIOS,"[21, 22, 26]",48,40,1,69833,26,21
BIOS,"[21, 22, 26]",48,40,2,11560,22,21
BIOS,"[21, 22, 26]",48,40,3,39175,22,26
BIOS,"[21, 22, 26]",48,40,4,24017,26,26
BIOS,"[21, 22, 26]",48,40,5,26176,22,21
BIOS,"[21, 22, 26]",48,40,6,5033,26,22
BIOS,"[21, 22, 26]",48,40,7,10492,26,22
BIOS,"[21, 22, 26]",48,40,8,18407,26,21
BIOS,"[21, 22, 26]",48,40,9,26422,26,21
BIOS,"[21, 22, 26]",48,40,10,85948,21,21
BIOS,"[21, 22, 26]",48,40,11,90564,21,21
BIOS,"[21, 22, 26]",48,40,12,67977,22,21
BIOS,"[21, 22, 26]",48,40,13,34756,21,21
BIOS,"[21, 22, 26]",48,40,14,30878,21,22
BIOS,"[21, 22, 26]",48,40,15,50549,26,21
BIOS,"[21, 22, 26]",48,40,16,70340,21,21
BIOS,"[21, 22, 26]",48,40,17,56344,22,22
BIOS,"[21, 22, 26]",48,40,18,9233,21,21
BIOS,"[21, 22, 26]",48,40,19,79336,22,22
BIOS,"[21, 22, 26]",49,40,0,76145,26,26
BIOS,"[21, 22, 26]",49,40,1,3999,22,22
BIOS,"[21, 22, 26]",49,40,2,67381,26,22
BIOS,"[21, 22, 26]",49,40,3,57472,21,26
BIOS,"[21, 22, 26]",49,40,4,5969,21,21
BIOS,"[21, 22, 26]",49,40,5,81987,21,21
BIOS,"[21, 22, 26]",49,40,6,63291,21,21
BIOS,"[21, 22, 26]",49,40,7,9208,21,22
BIOS,"[21, 22, 26]",49,40,8,43535,22,21
BIOS,"[21, 22, 26]",49,40,9,79311,26,26
BIOS,"[21, 22, 26]",49,40,10,27585,21,26
BIOS,"[21, 22, 26]",49,40,11,5731,21,21
BIOS,"[21, 22, 26]",49,40,12,36805,26,21
BIOS,"[21, 22, 26]",49,40,13,46528,21,26
BIOS,"[21, 22, 26]",49,40,14,73292,21,22
BIOS,"[21, 22, 26]",49,40,15,75761,22,21
BIOS,"[21, 22, 26]",49,40,16,50976,22,26
BIOS,"[21, 22, 26]",49,40,17,36091,22,22
BIOS,"[21, 22, 26]",49,40,18,1756,26,21
BIOS,"[21, 22, 26]",49,40,19,40434,22,22
BIOS,"[6, 19, 25]",0,40,0,18410,25,19
BIOS,"[6, 19, 25]",0,40,1,80327,19,25
BIOS,"[6, 19, 25]",0,40,2,74464,25,19
BIOS,"[6, 19, 25]",0,40,3,63846,25,6
BIOS,"[6, 19, 25]",0,40,4,96158,25,19
BIOS,"[6, 19, 25]",0,40,5,42033,19,25
BIOS,"[6, 19, 25]",0,40,6,70214,19,19
BIOS,"[6, 19, 25]",0,40,7,98106,25,6
BIOS,"[6, 19, 25]",0,40,8,98788,6,6
BIOS,"[6, 19, 25]",0,40,9,6743,19,25
BIOS,"[6, 19, 25]",0,40,10,56820,19,19
BIOS,"[6, 19, 25]",0,40,11,37136,25,25
BIOS,"[6, 19, 25]",0,40,12,95419,25,25
BIOS,"[6, 19, 25]",0,40,13,4074,25,19
BIOS,"[6, 19, 25]",0,40,14,21737,19,25
BIOS,"[6, 19, 25]",0,40,15,3750,25,25
BIOS,"[6, 19, 25]",0,40,16,28914,19,19
BIOS,"[6, 19, 25]",0,40,17,63466,19,6
BIOS,"[6, 19, 25]",0,40,18,84457,25,6
BIOS,"[6, 19, 25]",0,40,19,50282,25,19
BIOS,"[6, 19, 25]",1,40,0,41785,6,6
BIOS,"[6, 19, 25]",1,40,1,91535,25,25
BIOS,"[6, 19, 25]",1,40,2,81413,19,19
BIOS,"[6, 19, 25]",1,40,3,76140,25,6
BIOS,"[6, 19, 25]",1,40,4,84457,25,6
BIOS,"[6, 19, 25]",1,40,5,18189,25,25
BIOS,"[6, 19, 25]",1,40,6,82407,6,6
BIOS,"[6, 19, 25]",1,40,7,98662,25,19
BIOS,"[6, 19, 25]",1,40,8,10548,6,6
BIOS,"[6, 19, 25]",1,40,9,62030,25,25
BIOS,"[6, 19, 25]",1,40,10,8657,6,25
BIOS,"[6, 19, 25]",1,40,11,11632,25,6
BIOS,"[6, 19, 25]",1,40,12,18451,25,19
BIOS,"[6, 19, 25]",1,40,13,37612,25,19
BIOS,"[6, 19, 25]",1,40,14,0,25,25
BIOS,"[6, 19, 25]",1,40,15,39308,25,6
BIOS,"[6, 19, 25]",1,40,16,72731,25,19
BIOS,"[6, 19, 25]",1,40,17,3064,25,19
BIOS,"[6, 19, 25]",1,40,18,83015,25,19
BIOS,"[6, 19, 25]",1,40,19,69503,25,19
BIOS,"[6, 19, 25]",2,40,0,73727,6,6
BIOS,"[6, 19, 25]",2,40,1,42161,25,6
BIOS,"[6, 19, 25]",2,40,2,20459,25,19
BIOS,"[6, 19, 25]",2,40,3,1980,25,19
BIOS,"[6, 19, 25]",2,40,4,27475,25,25
BIOS,"[6, 19, 25]",2,40,5,35152,6,6
BIOS,"[6, 19, 25]",2,40,6,46657,25,25
BIOS,"[6, 19, 25]",2,40,7,60501,25,6
BIOS,"[6, 19, 25]",2,40,8,65991,6,25
BIOS,"[6, 19, 25]",2,40,9,38243,25,25
BIOS,"[6, 19, 25]",2,40,10,59799,25,19
BIOS,"[6, 19, 25]",2,40,11,87021,25,6
BIOS,"[6, 19, 25]",2,40,12,3801,25,19
BIOS,"[6, 19, 25]",2,40,13,32214,6,6
BIOS,"[6, 19, 25]",2,40,14,11298,19,19
BIOS,"[6, 19, 25]",2,40,15,80209,19,25
BIOS,"[6, 19, 25]",2,40,16,6099,25,19
BIOS,"[6, 19, 25]",2,40,17,28278,6,6
BIOS,"[6, 19, 25]",2,40,18,88123,19,19
BIOS,"[6, 19, 25]",2,40,19,20524,25,6
BIOS,"[6, 19, 25]",3,40,0,41314,6,6
BIOS,"[6, 19, 25]",3,40,1,62157,25,25
BIOS,"[6, 19, 25]",3,40,2,45696,19,19
BIOS,"[6, 19, 25]",3,40,3,98980,19,19
BIOS,"[6, 19, 25]",3,40,4,8186,19,19
BIOS,"[6, 19, 25]",3,40,5,42334,25,19
BIOS,"[6, 19, 25]",3,40,6,14990,19,19
BIOS,"[6, 19, 25]",3,40,7,8657,6,25
BIOS,"[6, 19, 25]",3,40,8,35732,6,6
BIOS,"[6, 19, 25]",3,40,9,26397,19,25
BIOS,"[6, 19, 25]",3,40,10,66631,25,6
BIOS,"[6, 19, 25]",3,40,11,15859,25,25
BIOS,"[6, 19, 25]",3,40,12,21655,19,19
BIOS,"[6, 19, 25]",3,40,13,33234,6,6
BIOS,"[6, 19, 25]",3,40,14,14187,19,25
BIOS,"[6, 19, 25]",3,40,15,81665,6,6
BIOS,"[6, 19, 25]",3,40,16,28136,19,19
BIOS,"[6, 19, 25]",3,40,17,29495,25,6
BIOS,"[6, 19, 25]",3,40,18,72649,25,19
BIOS,"[6, 19, 25]",3,40,19,18292,25,25
BIOS,"[6, 19, 25]",4,40,0,55469,19,6
BIOS,"[6, 19, 25]",4,40,1,53750,25,25
BIOS,"[6, 19, 25]",4,40,2,22047,19,6
BIOS,"[6, 19, 25]",4,40,3,70300,25,19
BIOS,"[6, 19, 25]",4,40,4,98600,19,19
BIOS,"[6, 19, 25]",4,40,5,15906,25,25
BIOS,"[6, 19, 25]",4,40,6,93353,25,25
BIOS,"[6, 19, 25]",4,40,7,36080,19,25
BIOS,"[6, 19, 25]",4,40,8,27614,25,25
BIOS,"[6, 19, 25]",4,40,9,47037,25,19
BIOS,"[6, 19, 25]",4,40,10,24420,6,6
BIOS,"[6, 19, 25]",4,40,11,16636,25,6
BIOS,"[6, 19, 25]",4,40,12,19179,6,6
BIOS,"[6, 19, 25]",4,40,13,90785,25,19
BIOS,"[6, 19, 25]",4,40,14,55037,25,19
BIOS,"[6, 19, 25]",4,40,15,87538,25,19
BIOS,"[6, 19, 25]",4,40,16,88889,19,25
BIOS,"[6, 19, 25]",4,40,17,46065,19,19
BIOS,"[6, 19, 25]",4,40,18,34065,19,19
BIOS,"[6, 19, 25]",4,40,19,95939,6,6
BIOS,"[6, 19, 25]",5,40,0,11543,6,6
BIOS,"[6, 19, 25]",5,40,1,8166,25,19
BIOS,"[6, 19, 25]",5,40,2,47475,6,6
BIOS,"[6, 19, 25]",5,40,3,33014,25,25
BIOS,"[6, 19, 25]",5,40,4,21711,19,25
BIOS,"[6, 19, 25]",5,40,5,3750,25,25
BIOS,"[6, 19, 25]",5,40,6,78494,19,19
BIOS,"[6, 19, 25]",5,40,7,31960,6,6
BIOS,"[6, 19, 25]",5,40,8,72587,19,25
BIOS,"[6, 19, 25]",5,40,9,4568,19,6
BIOS,"[6, 19, 25]",5,40,10,47476,25,6
BIOS,"[6, 19, 25]",5,40,11,30262,19,19
BIOS,"[6, 19, 25]",5,40,12,16542,19,25
BIOS,"[6, 19, 25]",5,40,13,61086,25,19
BIOS,"[6, 19, 25]",5,40,14,59539,25,25
BIOS,"[6, 19, 25]",5,40,15,98106,25,6
BIOS,"[6, 19, 25]",5,40,16,2918,19,19
BIOS,"[6, 19, 25]",5,40,17,42925,19,19
BIOS,"[6, 19, 25]",5,40,18,41396,6,6
BIOS,"[6, 19, 25]",5,40,19,39552,6,25
BIOS,"[6, 19, 25]",6,40,0,25572,19,25
BIOS,"[6, 19, 25]",6,40,1,61917,19,25
BIOS,"[6, 19, 25]",6,40,2,48989,25,6
BIOS,"[6, 19, 25]",6,40,3,59799,25,19
BIOS,"[6, 19, 25]",6,40,4,55763,19,19
BIOS,"[6, 19, 25]",6,40,5,59685,25,19
BIOS,"[6, 19, 25]",6,40,6,78374,19,25
BIOS,"[6, 19, 25]",6,40,7,14187,19,25
BIOS,"[6, 19, 25]",6,40,8,43435,19,19
BIOS,"[6, 19, 25]",6,40,9,94041,25,6
BIOS,"[6, 19, 25]",6,40,10,98801,25,25
BIOS,"[6, 19, 25]",6,40,11,78081,25,19
BIOS,"[6, 19, 25]",6,40,12,11816,25,6
BIOS,"[6, 19, 25]",6,40,13,18451,25,19
BIOS,"[6, 19, 25]",6,40,14,39,6,6
BIOS,"[6, 19, 25]",6,40,15,84324,19,25
BIOS,"[6, 19, 25]",6,40,16,72375,25,25
BIOS,"[6, 19, 25]",6,40,17,46494,25,6
BIOS,"[6, 19, 25]",6,40,18,38626,6,6
BIOS,"[6, 19, 25]",6,40,19,91984,19,25
BIOS,"[6, 19, 25]",7,40,0,93714,25,19
BIOS,"[6, 19, 25]",7,40,1,6296,6,6
BIOS,"[6, 19, 25]",7,40,2,67097,25,25
BIOS,"[6, 19, 25]",7,40,3,2557,19,25
BIOS,"[6, 19, 25]",7,40,4,37141,25,6
BIOS,"[6, 19, 25]",7,40,5,91925,19,25
BIOS,"[6, 19, 25]",7,40,6,32408,19,19
BIOS,"[6, 19, 25]",7,40,7,19020,25,6
BIOS,"[6, 19, 25]",7,40,8,2185,25,25
BIOS,"[6, 19, 25]",7,40,9,25450,25,25
BIOS,"[6, 19, 25]",7,40,10,39720,19,19
BIOS,"[6, 19, 25]",7,40,11,14438,6,6
BIOS,"[6, 19, 25]",7,40,12,64009,19,19
BIOS,"[6, 19, 25]",7,40,13,83511,25,6
BIOS,"[6, 19, 25]",7,40,14,63112,25,25
BIOS,"[6, 19, 25]",7,40,15,50464,25,6
BIOS,"[6, 19, 25]",7,40,16,54071,6,25
BIOS,"[6, 19, 25]",7,40,17,68629,25,19
BIOS,"[6, 19, 25]",7,40,18,23339,6,6
BIOS,"[6, 19, 25]",7,40,19,39016,25,19
BIOS,"[6, 19, 25]",8,40,0,10471,19,19
BIOS,"[6, 19, 25]",8,40,1,59749,25,19
BIOS,"[6, 19, 25]",8,40,2,25265,25,19
BIOS,"[6, 19, 25]",8,40,3,73098,6,6
BIOS,"[6, 19, 25]",8,40,4,31971,25,25
BIOS,"[6, 19, 25]",8,40,5,20480,19,25
BIOS,"[6, 19, 25]",8,40,6,42074,25,25
BIOS,"[6, 19, 25]",8,40,7,70258,19,19
BIOS,"[6, 19, 25]",8,40,8,22802,25,6
BIOS,"[6, 19, 25]",8,40,9,73670,6,6
BIOS,"[6, 19, 25]",8,40,10,27028,6,6
BIOS,"[6, 19, 25]",8,40,11,67329,25,25
BIOS,"[6, 19, 25]",8,40,12,73412,6,6
BIOS,"[6, 19, 25]",8,40,13,45785,25,6
BIOS,"[6, 19, 25]",8,40,14,14233,6,6
BIOS,"[6, 19, 25]",8,40,15,25451,25,25
BIOS,"[6, 19, 25]",8,40,16,59343,19,19
BIOS,"[6, 19, 25]",8,40,17,66199,19,19
BIOS,"[6, 19, 25]",8,40,18,50747,25,6
BIOS,"[6, 19, 25]",8,40,19,30880,25,19
BIOS,"[6, 19, 25]",9,40,0,19807,25,19
BIOS,"[6, 19, 25]",9,40,1,67490,6,6
BIOS,"[6, 19, 25]",9,40,2,27080,6,25
BIOS,"[6, 19, 25]",9,40,3,25830,25,19
BIOS,"[6, 19, 25]",9,40,4,53837,19,19
BIOS,"[6, 19, 25]",9,40,5,8995,25,25
BIOS,"[6, 19, 25]",9,40,6,67181,6,6
BIOS,"[6, 19, 25]",9,40,7,89898,25,6
BIOS,"[6, 19, 25]",9,40,8,69922,25,25
BIOS,"[6, 19, 25]",9,40,9,38681,25,6
BIOS,"[6, 19, 25]",9,40,10,56510,19,25
BIOS,"[6, 19, 25]",9,40,11,70099,25,25
BIOS,"[6, 19, 25]",9,40,12,11534,25,6
BIOS,"[6, 19, 25]",9,40,13,84889,19,19
BIOS,"[6, 19, 25]",9,40,14,6164,25,19
BIOS,"[6, 19, 25]",9,40,15,22525,19,19
BIOS,"[6, 19, 25]",9,40,16,3146,6,6
BIOS,"[6, 19, 25]",9,40,17,77450,25,19
BIOS,"[6, 19, 25]",9,40,18,41951,19,19
BIOS,"[6, 19, 25]",9,40,19,98145,25,25
BIOS,"[6, 19, 25]",10,40,0,85208,6,6
BIOS,"[6, 19, 25]",10,40,1,14198,6,6
BIOS,"[6, 19, 25]",10,40,2,56510,19,25
BIOS,"[6, 19, 25]",10,40,3,47476,25,6
BIOS,"[6, 19, 25]",10,40,4,36080,19,25
BIOS,"[6, 19, 25]",10,40,5,39267,25,25
BIOS,"[6, 19, 25]",10,40,6,38760,19,25
BIOS,"[6, 19, 25]",10,40,7,9463,19,19
BIOS,"[6, 19, 25]",10,40,8,55400,19,25
BIOS,"[6, 19, 25]",10,40,9,8966,25,25
BIOS,"[6, 19, 25]",10,40,10,96128,6,6
BIOS,"[6, 19, 25]",10,40,11,14123,19,25
BIOS,"[6, 19, 25]",10,40,12,83295,25,19
BIOS,"[6, 19, 25]",10,40,13,83597,6,6
BIOS,"[6, 19, 25]",10,40,14,89428,25,25
BIOS,"[6, 19, 25]",10,40,15,37168,25,25
BIOS,"[6, 19, 25]",10,40,16,65025,19,25
BIOS,"[6, 19, 25]",10,40,17,90157,25,6
BIOS,"[6, 19, 25]",10,40,18,40588,19,25
BIOS,"[6, 19, 25]",10,40,19,60916,25,25
BIOS,"[6, 19, 25]",11,40,0,88273,25,6
BIOS,"[6, 19, 25]",11,40,1,88152,25,25
BIOS,"[6, 19, 25]",11,40,2,1621,19,6
BIOS,"[6, 19, 25]",11,40,3,5858,6,6
BIOS,"[6, 19, 25]",11,40,4,72241,19,19
BIOS,"[6, 19, 25]",11,40,5,61047,25,25
BIOS,"[6, 19, 25]",11,40,6,52770,25,25
BIOS,"[6, 19, 25]",11,40,7,80962,19,19
BIOS,"[6, 19, 25]",11,40,8,91532,19,19
BIOS,"[6, 19, 25]",11,40,9,95295,19,19
BIOS,"[6, 19, 25]",11,40,10,46494,25,6
BIOS,"[6, 19, 25]",11,40,11,36007,25,19
BIOS,"[6, 19, 25]",11,40,12,29873,25,19
BIOS,"[6, 19, 25]",11,40,13,23554,25,19
BIOS,"[6, 19, 25]",11,40,14,66631,25,6
BIOS,"[6, 19, 25]",11,40,15,41446,25,25
BIOS,"[6, 19, 25]",11,40,16,6164,25,19
BIOS,"[6, 19, 25]",11,40,17,76263,6,6
BIOS,"[6, 19, 25]",11,40,18,6801,25,25
BIOS,"[6, 19, 25]",11,40,19,61917,19,25
BIOS,"[6, 19, 25]",12,40,0,42334,25,19
BIOS,"[6, 19, 25]",12,40,1,23524,6,6
BIOS,"[6, 19, 25]",12,40,2,86136,6,6
BIOS,"[6, 19, 25]",12,40,3,45095,25,25
BIOS,"[6, 19, 25]",12,40,4,26761,25,25
BIOS,"[6, 19, 25]",12,40,5,81748,25,19
BIOS,"[6, 19, 25]",12,40,6,16746,25,19
BIOS,"[6, 19, 25]",12,40,7,84786,25,6
BIOS,"[6, 19, 25]",12,40,8,94015,25,19
BIOS,"[6, 19, 25]",12,40,9,50586,25,6
BIOS,"[6, 19, 25]",12,40,10,80035,6,6
BIOS,"[6, 19, 25]",12,40,11,35986,19,19
BIOS,"[6, 19, 25]",12,40,12,56385,19,19
BIOS,"[6, 19, 25]",12,40,13,10081,6,6
BIOS,"[6, 19, 25]",12,40,14,13056,25,25
BIOS,"[6, 19, 25]",12,40,15,55112,25,25
BIOS,"[6, 19, 25]",12,40,16,66913,19,19
BIOS,"[6, 19, 25]",12,40,17,79080,25,6
BIOS,"[6, 19, 25]",12,40,18,20149,19,19
BIOS,"[6, 19, 25]",12,40,19,72212,19,25
BIOS,"[6, 19, 25]",13,40,0,3515,6,6
BIOS,"[6, 19, 25]",13,40,1,65498,19,6
BIOS,"[6, 19, 25]",13,40,2,43125,25,19
BIOS,"[6, 19, 25]",13,40,3,14357,19,19
BIOS,"[6, 19, 25]",13,40,4,74627,25,6
BIOS,"[6, 19, 25]",13,40,5,56390,25,25
BIOS,"[6, 19, 25]",13,40,6,91074,19,6
BIOS,"[6, 19, 25]",13,40,7,44858,25,19
BIOS,"[6, 19, 25]",13,40,8,72570,19,19
BIOS,"[6, 19, 25]",13,40,9,28241,25,19
BIOS,"[6, 19, 25]",13,40,10,65238,25,25
BIOS,"[6, 19, 25]",13,40,11,66144,25,6
BIOS,"[6, 19, 25]",13,40,12,30801,25,25
BIOS,"[6, 19, 25]",13,40,13,22692,6,6
BIOS,"[6, 19, 25]",13,40,14,14859,25,6
BIOS,"[6, 19, 25]",13,40,15,22637,19,19
BIOS,"[6, 19, 25]",13,40,16,65772,6,6
BIOS,"[6, 19, 25]",13,40,17,3036,25,25
BIOS,"[6, 19, 25]",13,40,18,64923,25,19
BIOS,"[6, 19, 25]",13,40,19,65568,6,25
BIOS,"[6, 19, 25]",14,40,0,87415,25,19
BIOS,"[6, 19, 25]",14,40,1,28084,25,6
BIOS,"[6, 19, 25]",14,40,2,35027,25,19
BIOS,"[6, 19, 25]",14,40,3,59328,19,19
BIOS,"[6, 19, 25]",14,40,4,86351,6,6
BIOS,"[6, 19, 25]",14,40,5,95541,19,25
BIOS,"[6, 19, 25]",14,40,6,74716,19,6
BIOS,"[6, 19, 25]",14,40,7,59854,25,25
BIOS,"[6, 19, 25]",14,40,8,27650,19,19
BIOS,"[6, 19, 25]",14,40,9,74627,25,6
BIOS,"[6, 19, 25]",14,40,10,63532,19,25
BIOS,"[6, 19, 25]",14,40,11,11991,19,19
BIOS,"[6, 19, 25]",14,40,12,56126,25,6
BIOS,"[6, 19, 25]",14,40,13,7236,19,25
BIOS,"[6, 19, 25]",14,40,14,89562,6,6
BIOS,"[6, 19, 25]",14,40,15,48465,19,25
BIOS,"[6, 19, 25]",14,40,16,83365,25,25
BIOS,"[6, 19, 25]",14,40,17,43419,25,19
BIOS,"[6, 19, 25]",14,40,18,48691,19,19
BIOS,"[6, 19, 25]",14,40,19,24214,6,6
BIOS,"[6, 19, 25]",15,40,0,71716,19,19
BIOS,"[6, 19, 25]",15,40,1,66493,19,25
BIOS,"[6, 19, 25]",15,40,2,28853,6,6
BIOS,"[6, 19, 25]",15,40,3,59799,25,19
BIOS,"[6, 19, 25]",15,40,4,76877,19,25
BIOS,"[6, 19, 25]",15,40,5,27939,6,6
BIOS,"[6, 19, 25]",15,40,6,49962,25,19
BIOS,"[6, 19, 25]",15,40,7,93909,25,25
BIOS,"[6, 19, 25]",15,40,8,18977,25,25
BIOS,"[6, 19, 25]",15,40,9,69536,19,19
BIOS,"[6, 19, 25]",15,40,10,66144,25,6
BIOS,"[6, 19, 25]",15,40,11,49452,19,19
BIOS,"[6, 19, 25]",15,40,12,19281,25,25
BIOS,"[6, 19, 25]",15,40,13,8709,25,6
BIOS,"[6, 19, 25]",15,40,14,34503,25,19
BIOS,"[6, 19, 25]",15,40,15,49839,25,6
BIOS,"[6, 19, 25]",15,40,16,3330,6,6
BIOS,"[6, 19, 25]",15,40,17,75092,19,19
BIOS,"[6, 19, 25]",15,40,18,65376,6,6
BIOS,"[6, 19, 25]",15,40,19,74627,25,6
BIOS,"[6, 19, 25]",16,40,0,75426,19,19
BIOS,"[6, 19, 25]",16,40,1,72629,19,25
BIOS,"[6, 19, 25]",16,40,2,28554,6,6
BIOS,"[6, 19, 25]",16,40,3,12699,19,19
BIOS,"[6, 19, 25]",16,40,4,74297,6,6
BIOS,"[6, 19, 25]",16,40,5,61360,19,25
BIOS,"[6, 19, 25]",16,40,6,68739,6,25
BIOS,"[6, 19, 25]",16,40,7,74627,25,6
BIOS,"[6, 19, 25]",16,40,8,51145,25,19
BIOS,"[6, 19, 25]",16,40,9,48465,19,25
BIOS,"[6, 19, 25]",16,40,10,76584,6,6
BIOS,"[6, 19, 25]",16,40,11,55469,19,6
BIOS,"[6, 19, 25]",16,40,12,25007,6,6
BIOS,"[6, 19, 25]",16,40,13,54272,25,25
BIOS,"[6, 19, 25]",16,40,14,20097,25,19
BIOS,"[6, 19, 25]",16,40,15,7991,6,6
BIOS,"[6, 19, 25]",16,40,16,92046,25,6
BIOS,"[6, 19, 25]",16,40,17,37072,25,19
BIOS,"[6, 19, 25]",16,40,18,8924,25,25
BIOS,"[6, 19, 25]",16,40,19,11345,6,6
BIOS,"[6, 19, 25]",17,40,0,95040,19,19
BIOS,"[6, 19, 25]",17,40,1,84457,25,6
BIOS,"[6, 19, 25]",17,40,2,1508,6,6
BIOS,"[6, 19, 25]",17,40,3,24889,25,25
BIOS,"[6, 19, 25]",17,40,4,91292,6,6
BIOS,"[6, 19, 25]",17,40,5,77179,25,6
BIOS,"[6, 19, 25]",17,40,6,19831,19,25
BIOS,"[6, 19, 25]",17,40,7,31018,25,6
BIOS,"[6, 19, 25]",17,40,8,79048,6,6
BIOS,"[6, 19, 25]",17,40,9,7856,25,25
BIOS,"[6, 19, 25]",17,40,10,89898,25,6
BIOS,"[6, 19, 25]",17,40,11,68120,19,19
BIOS,"[6, 19, 25]",17,40,12,84962,19,19
BIOS,"[6, 19, 25]",17,40,13,83198,25,25
BIOS,"[6, 19, 25]",17,40,14,51513,25,19
BIOS,"[6, 19, 25]",17,40,15,92886,6,6
BIOS,"[6, 19, 25]",17,40,16,57552,25,19
BIOS,"[6, 19, 25]",17,40,17,99003,25,25
BIOS,"[6, 19, 25]",17,40,18,41255,19,25
BIOS,"[6, 19, 25]",17,40,19,78278,19,25
BIOS,"[6, 19, 25]",18,40,0,10465,6,6
BIOS,"[6, 19, 25]",18,40,1,49457,19,19
BIOS,"[6, 19, 25]",18,40,2,24511,25,25
BIOS,"[6, 19, 25]",18,40,3,53847,25,19
BIOS,"[6, 19, 25]",18,40,4,5657,25,19
BIOS,"[6, 19, 25]",18,40,5,85518,6,6
BIOS,"[6, 19, 25]",18,40,6,11907,25,25
BIOS,"[6, 19, 25]",18,40,7,60740,25,25
BIOS,"[6, 19, 25]",18,40,8,26189,6,6
BIOS,"[6, 19, 25]",18,40,9,37469,25,25
BIOS,"[6, 19, 25]",18,40,10,4548,25,6
BIOS,"[6, 19, 25]",18,40,11,55400,19,25
BIOS,"[6, 19, 25]",18,40,12,50586,25,6
BIOS,"[6, 19, 25]",18,40,13,41766,19,19
BIOS,"[6, 19, 25]",18,40,14,22772,25,19
BIOS,"[6, 19, 25]",18,40,15,77209,19,25
BIOS,"[6, 19, 25]",18,40,16,40354,19,19
BIOS,"[6, 19, 25]",18,40,17,46799,25,25
BIOS,"[6, 19, 25]",18,40,18,46777,25,19
BIOS,"[6, 19, 25]",18,40,19,1257,19,19
BIOS,"[6, 19, 25]",19,40,0,19649,19,19
BIOS,"[6, 19, 25]",19,40,1,90347,19,19
BIOS,"[6, 19, 25]",19,40,2,35506,19,25
BIOS,"[6, 19, 25]",19,40,3,66032,19,25
BIOS,"[6, 19, 25]",19,40,4,12457,25,19
BIOS,"[6, 19, 25]",19,40,5,83033,25,19
BIOS,"[6, 19, 25]",19,40,6,91027,19,6
BIOS,"[6, 19, 25]",19,40,7,65179,6,6
BIOS,"[6, 19, 25]",19,40,8,88846,25,25
BIOS,"[6, 19, 25]",19,40,9,36500,25,19
BIOS,"[6, 19, 25]",19,40,10,38649,6,6
BIOS,"[6, 19, 25]",19,40,11,15313,25,25
BIOS,"[6, 19, 25]",19,40,12,62146,19,19
BIOS,"[6, 19, 25]",19,40,13,41590,25,25
BIOS,"[6, 19, 25]",19,40,14,73537,25,19
BIOS,"[6, 19, 25]",19,40,15,43561,19,25
BIOS,"[6, 19, 25]",19,40,16,16229,6,6
BIOS,"[6, 19, 25]",19,40,17,10507,19,19
BIOS,"[6, 19, 25]",19,40,18,77710,25,6
BIOS,"[6, 19, 25]",19,40,19,58209,25,19
BIOS,"[6, 19, 25]",20,40,0,42033,19,25
BIOS,"[6, 19, 25]",20,40,1,61847,6,6
BIOS,"[6, 19, 25]",20,40,2,88273,25,6
BIOS,"[6, 19, 25]",20,40,3,12090,25,25
BIOS,"[6, 19, 25]",20,40,4,26805,19,25
BIOS,"[6, 19, 25]",20,40,5,56047,19,19
BIOS,"[6, 19, 25]",20,40,6,82388,25,6
BIOS,"[6, 19, 25]",20,40,7,65568,6,25
BIOS,"[6, 19, 25]",20,40,8,63487,19,19
BIOS,"[6, 19, 25]",20,40,9,93965,25,19
BIOS,"[6, 19, 25]",20,40,10,22493,6,6
BIOS,"[6, 19, 25]",20,40,11,77179,25,6
BIOS,"[6, 19, 25]",20,40,12,61077,6,6
BIOS,"[6, 19, 25]",20,40,13,44536,6,6
BIOS,"[6, 19, 25]",20,40,14,61216,25,25
BIOS,"[6, 19, 25]",20,40,15,20524,25,6
BIOS,"[6, 19, 25]",20,40,16,59549,19,19
BIOS,"[6, 19, 25]",20,40,17,35198,25,19
BIOS,"[6, 19, 25]",20,40,18,75688,19,19
BIOS,"[6, 19, 25]",20,40,19,39839,25,19
BIOS,"[6, 19, 25]",21,40,0,44937,25,19
BIOS,"[6, 19, 25]",21,40,1,85327,6,6
BIOS,"[6, 19, 25]",21,40,2,91297,25,25
BIOS,"[6, 19, 25]",21,40,3,61947,25,25
BIOS,"[6, 19, 25]",21,40,4,6313,19,19
BIOS,"[6, 19, 25]",21,40,5,9400,25,25
BIOS,"[6, 19, 25]",21,40,6,97751,25,19
BIOS,"[6, 19, 25]",21,40,7,61502,25,6
BIOS,"[6, 19, 25]",21,40,8,35708,19,25
BIOS,"[6, 19, 25]",21,40,9,73775,6,6
BIOS,"[6, 19, 25]",21,40,10,34777,19,6
BIOS,"[6, 19, 25]",21,40,11,33222,25,6
BIOS,"[6, 19, 25]",21,40,12,95412,6,6
BIOS,"[6, 19, 25]",21,40,13,61597,19,25
BIOS,"[6, 19, 25]",21,40,14,84774,25,25
BIOS,"[6, 19, 25]",21,40,15,66024,6,6
BIOS,"[6, 19, 25]",21,40,16,63846,25,6
BIOS,"[6, 19, 25]",21,40,17,81515,19,6
BIOS,"[6, 19, 25]",21,40,18,31466,25,25
BIOS,"[6, 19, 25]",21,40,19,15712,25,19
BIOS,"[6, 19, 25]",22,40,0,51130,25,6
BIOS,"[6, 19, 25]",22,40,1,93280,19,25
BIOS,"[6, 19, 25]",22,40,2,60988,25,19
BIOS,"[6, 19, 25]",22,40,3,48989,25,6
BIOS,"[6, 19, 25]",22,40,4,85724,19,25
BIOS,"[6, 19, 25]",22,40,5,82179,19,19
BIOS,"[6, 19, 25]",22,40,6,99049,19,25
BIOS,"[6, 19, 25]",22,40,7,11534,25,6
BIOS,"[6, 19, 25]",22,40,8,69250,6,6
BIOS,"[6, 19, 25]",22,40,9,95252,6,6
BIOS,"[6, 19, 25]",22,40,10,17627,25,6
BIOS,"[6, 19, 25]",22,40,11,57651,6,6
BIOS,"[6, 19, 25]",22,40,12,40564,19,19
BIOS,"[6, 19, 25]",22,40,13,72216,25,19
BIOS,"[6, 19, 25]",22,40,14,71547,25,25
BIOS,"[6, 19, 25]",22,40,15,2643,25,25
BIOS,"[6, 19, 25]",22,40,16,56264,25,6
BIOS,"[6, 19, 25]",22,40,17,70300,25,19
BIOS,"[6, 19, 25]",22,40,18,83016,19,19
BIOS,"[6, 19, 25]",22,40,19,47476,25,6
BIOS,"[6, 19, 25]",23,40,0,15874,25,6
BIOS,"[6, 19, 25]",23,40,1,3907,19,19
BIOS,"[6, 19, 25]",23,40,2,20223,6,6
BIOS,"[6, 19, 25]",23,40,3,35687,25,25
BIOS,"[6, 19, 25]",23,40,4,9109,25,25
BIOS,"[6, 19, 25]",23,40,5,66226,25,19
BIOS,"[6, 19, 25]",23,40,6,97164,25,25
BIOS,"[6, 19, 25]",23,40,7,8765,19,19
BIOS,"[6, 19, 25]",23,40,8,79331,19,19
BIOS,"[6, 19, 25]",23,40,9,57632,19,19
BIOS,"[6, 19, 25]",23,40,10,48940,6,6
BIOS,"[6, 19, 25]",23,40,11,59075,19,19
BIOS,"[6, 19, 25]",23,40,12,1625,19,19
BIOS,"[6, 19, 25]",23,40,13,66254,6,6
BIOS,"[6, 19, 25]",23,40,14,76140,25,6
BIOS,"[6, 19, 25]",23,40,15,30253,19,25
BIOS,"[6, 19, 25]",23,40,16,81515,19,6
BIOS,"[6, 19, 25]",23,40,17,23197,25,6
BIOS,"[6, 19, 25]",23,40,18,69537,25,19
BIOS,"[6, 19, 25]",23,40,19,11860,25,19
BIOS,"[6, 19, 25]",24,40,0,32869,19,19
BIOS,"[6, 19, 25]",24,40,1,33820,25,19
BIOS,"[6, 19, 25]",24,40,2,50923,19,19
BIOS,"[6, 19, 25]",24,40,3,24662,19,19
BIOS,"[6, 19, 25]",24,40,4,6099,25,19
BIOS,"[6, 19, 25]",24,40,5,903,19,25
BIOS,"[6, 19, 25]",24,40,6,20690,25,25
BIOS,"[6, 19, 25]",24,40,7,46626,6,25
BIOS,"[6, 19, 25]",24,40,8,68582,25,19
BIOS,"[6, 19, 25]",24,40,9,85229,25,25
BIOS,"[6, 19, 25]",24,40,10,35708,19,25
BIOS,"[6, 19, 25]",24,40,11,85525,19,19
BIOS,"[6, 19, 25]",24,40,12,82440,19,25
BIOS,"[6, 19, 25]",24,40,13,73832,25,19
BIOS,"[6, 19, 25]",24,40,14,95556,19,19
BIOS,"[6, 19, 25]",24,40,15,73627,6,6
BIOS,"[6, 19, 25]",24,40,16,18729,25,6
BIOS,"[6, 19, 25]",24,40,17,28517,6,6
BIOS,"[6, 19, 25]",24,40,18,66394,6,6
BIOS,"[6, 19, 25]",24,40,19,56126,25,6
BIOS,"[6, 19, 25]",25,40,0,97192,19,19
BIOS,"[6, 19, 25]",25,40,1,87021,25,6
BIOS,"[6, 19, 25]",25,40,2,30253,19,25
BIOS,"[6, 19, 25]",25,40,3,49546,6,6
BIOS,"[6, 19, 25]",25,40,4,33603,19,19
BIOS,"[6, 19, 25]",25,40,5,26692,25,25
BIOS,"[6, 19, 25]",25,40,6,15498,25,19
BIOS,"[6, 19, 25]",25,40,7,89048,6,19
BIOS,"[6, 19, 25]",25,40,8,60051,19,19
BIOS,"[6, 19, 25]",25,40,9,58059,19,25
BIOS,"[6, 19, 25]",25,40,10,16744,6,6
BIOS,"[6, 19, 25]",25,40,11,15218,19,25
BIOS,"[6, 19, 25]",25,40,12,48371,25,25
BIOS,"[6, 19, 25]",25,40,13,93584,25,6
BIOS,"[6, 19, 25]",25,40,14,79409,25,19
BIOS,"[6, 19, 25]",25,40,15,68286,25,19
BIOS,"[6, 19, 25]",25,40,16,15612,19,6
BIOS,"[6, 19, 25]",25,40,17,25084,19,19
BIOS,"[6, 19, 25]",25,40,18,25169,6,6
BIOS,"[6, 19, 25]",25,40,19,56882,19,25
BIOS,"[6, 19, 25]",26,40,0,79057,25,6
BIOS,"[6, 19, 25]",26,40,1,55171,25,19
BIOS,"[6, 19, 25]",26,40,2,626,25,6
BIOS,"[6, 19, 25]",26,40,3,5522,19,19
BIOS,"[6, 19, 25]",26,40,4,24928,6,6
BIOS,"[6, 19, 25]",26,40,5,15218,19,25
BIOS,"[6, 19, 25]",26,40,6,72652,25,19
BIOS,"[6, 19, 25]",26,40,7,36891,19,19
BIOS,"[6, 19, 25]",26,40,8,26805,19,25
BIOS,"[6, 19, 25]",26,40,9,88729,25,25
BIOS,"[6, 19, 25]",26,40,10,26106,25,25
BIOS,"[6, 19, 25]",26,40,11,71843,6,6
BIOS,"[6, 19, 25]",26,40,12,93280,19,25
BIOS,"[6, 19, 25]",26,40,13,43561,19,25
BIOS,"[6, 19, 25]",26,40,14,44477,19,19
BIOS,"[6, 19, 25]",26,40,15,18589,6,6
BIOS,"[6, 19, 25]",26,40,16,11632,25,6
BIOS,"[6, 19, 25]",26,40,17,58059,19,25
BIOS,"[6, 19, 25]",26,40,18,55410,19,19
BIOS,"[6, 19, 25]",26,40,19,55839,25,19
BIOS,"[6, 19, 25]",27,40,0,65535,19,19
BIOS,"[6, 19, 25]",27,40,1,69841,19,19
BIOS,"[6, 19, 25]",27,40,2,3939,25,19
BIOS,"[6, 19, 25]",27,40,3,46322,6,6
BIOS,"[6, 19, 25]",27,40,4,80322,19,19
BIOS,"[6, 19, 25]",27,40,5,22438,25,19
BIOS,"[6, 19, 25]",27,40,6,55400,19,25
BIOS,"[6, 19, 25]",27,40,7,90385,19,19
BIOS,"[6, 19, 25]",27,40,8,58059,19,25
BIOS,"[6, 19, 25]",27,40,9,17449,6,6
BIOS,"[6, 19, 25]",27,40,10,48776,25,25
BIOS,"[6, 19, 25]",27,40,11,43106,25,6
BIOS,"[6, 19, 25]",27,40,12,44241,6,6
BIOS,"[6, 19, 25]",27,40,13,57518,6,6
BIOS,"[6, 19, 25]",27,40,14,56624,25,6
BIOS,"[6, 19, 25]",27,40,15,78351,25,25
BIOS,"[6, 19, 25]",27,40,16,15606,19,19
BIOS,"[6, 19, 25]",27,40,17,70520,6,6
BIOS,"[6, 19, 25]",27,40,18,34450,19,25
BIOS,"[6, 19, 25]",27,40,19,12454,25,25
BIOS,"[6, 19, 25]",28,40,0,91382,19,19
BIOS,"[6, 19, 25]",28,40,1,8709,25,6
BIOS,"[6, 19, 25]",28,40,2,21711,19,25
BIOS,"[6, 19, 25]",28,40,3,79310,25,25
BIOS,"[6, 19, 25]",28,40,4,60215,25,25
BIOS,"[6, 19, 25]",28,40,5,46494,25,6
BIOS,"[6, 19, 25]",28,40,6,1493,19,25
BIOS,"[6, 19, 25]",28,40,7,46681,25,6
BIOS,"[6, 19, 25]",28,40,8,44119,19,19
BIOS,"[6, 19, 25]",28,40,9,44123,25,6
BIOS,"[6, 19, 25]",28,40,10,21987,25,19
BIOS,"[6, 19, 25]",28,40,11,47266,6,6
BIOS,"[6, 19, 25]",28,40,12,97620,25,6
BIOS,"[6, 19, 25]",28,40,13,18709,19,19
BIOS,"[6, 19, 25]",28,40,14,67682,25,6
BIOS,"[6, 19, 25]",28,40,15,30767,6,6
BIOS,"[6, 19, 25]",28,40,16,56510,19,25
BIOS,"[6, 19, 25]",28,40,17,42470,6,6
BIOS,"[6, 19, 25]",28,40,18,5739,25,25
BIOS,"[6, 19, 25]",28,40,19,43392,19,25
BIOS,"[6, 19, 25]",29,40,0,43561,19,25
BIOS,"[6, 19, 25]",29,40,1,33897,25,19
BIOS,"[6, 19, 25]",29,40,2,95704,6,6
BIOS,"[6, 19, 25]",29,40,3,59554,6,6
BIOS,"[6, 19, 25]",29,40,4,48989,25,6
BIOS,"[6, 19, 25]",29,40,5,39290,25,25
BIOS,"[6, 19, 25]",29,40,6,45785,25,6
BIOS,"[6, 19, 25]",29,40,7,10871,19,25
BIOS,"[6, 19, 25]",29,40,8,79880,25,19
BIOS,"[6, 19, 25]",29,40,9,95470,19,6
BIOS,"[6, 19, 25]",29,40,10,44261,19,19
BIOS,"[6, 19, 25]",29,40,11,54162,19,19
BIOS,"[6, 19, 25]",29,40,12,84324,19,25
BIOS,"[6, 19, 25]",29,40,13,57109,19,25
BIOS,"[6, 19, 25]",29,40,14,94088,19,19
BIOS,"[6, 19, 25]",29,40,15,9836,25,19
BIOS,"[6, 19, 25]",29,40,16,94866,6,6
BIOS,"[6, 19, 25]",29,40,17,45268,25,25
BIOS,"[6, 19, 25]",29,40,18,62908,6,6
BIOS,"[6, 19, 25]",29,40,19,76757,6,25
BIOS,"[6, 19, 25]",30,40,0,81934,19,19
BIOS,"[6, 19, 25]",30,40,1,78739,19,25
BIOS,"[6, 19, 25]",30,40,2,81378,25,25
BIOS,"[6, 19, 25]",30,40,3,18292,25,25
BIOS,"[6, 19, 25]",30,40,4,33283,25,25
BIOS,"[6, 19, 25]",30,40,5,63000,19,19
BIOS,"[6, 19, 25]",30,40,6,27074,25,19
BIOS,"[6, 19, 25]",30,40,7,52554,6,6
BIOS,"[6, 19, 25]",30,40,8,36080,19,25
BIOS,"[6, 19, 25]",30,40,9,7833,25,25
BIOS,"[6, 19, 25]",30,40,10,18589,6,6
BIOS,"[6, 19, 25]",30,40,11,78977,19,6
BIOS,"[6, 19, 25]",30,40,12,64669,25,19
BIOS,"[6, 19, 25]",30,40,13,93327,25,19
BIOS,"[6, 19, 25]",30,40,14,23197,25,6
BIOS,"[6, 19, 25]",30,40,15,34522,25,19
BIOS,"[6, 19, 25]",30,40,16,71439,19,19
BIOS,"[6, 19, 25]",30,40,17,42161,25,6
BIOS,"[6, 19, 25]",30,40,18,84795,6,6
BIOS,"[6, 19, 25]",30,40,19,55281,19,19
BIOS,"[6, 19, 25]",31,40,0,43934,6,6
BIOS,"[6, 19, 25]",31,40,1,38547,6,6
BIOS,"[6, 19, 25]",31,40,2,4373,25,6
BIOS,"[6, 19, 25]",31,40,3,26173,19,19
BIOS,"[6, 19, 25]",31,40,4,29929,25,25
BIOS,"[6, 19, 25]",31,40,5,16812,25,19
BIOS,"[6, 19, 25]",31,40,6,47004,25,19
BIOS,"[6, 19, 25]",31,40,7,77988,19,19
BIOS,"[6, 19, 25]",31,40,8,76930,25,25
BIOS,"[6, 19, 25]",31,40,9,56287,6,6
BIOS,"[6, 19, 25]",31,40,10,49785,25,25
BIOS,"[6, 19, 25]",31,40,11,47037,25,19
BIOS,"[6, 19, 25]",31,40,12,38641,25,19
BIOS,"[6, 19, 25]",31,40,13,39092,6,6
BIOS,"[6, 19, 25]",31,40,14,95470,19,6
BIOS,"[6, 19, 25]",31,40,15,61056,19,19
BIOS,"[6, 19, 25]",31,40,16,66032,19,25
BIOS,"[6, 19, 25]",31,40,17,86351,6,6
BIOS,"[6, 19, 25]",31,40,18,27289,6,6
BIOS,"[6, 19, 25]",31,40,19,6702,19,25
BIOS,"[6, 19, 25]",32,40,0,59399,6,6
BIOS,"[6, 19, 25]",32,40,1,90451,6,6
BIOS,"[6, 19, 25]",32,40,2,44241,6,6
BIOS,"[6, 19, 25]",32,40,3,39839,25,19
BIOS,"[6, 19, 25]",32,40,4,60716,25,25
BIOS,"[6, 19, 25]",32,40,5,53501,25,25
BIOS,"[6, 19, 25]",32,40,6,34493,19,25
BIOS,"[6, 19, 25]",32,40,7,29915,25,19
BIOS,"[6, 19, 25]",32,40,8,20905,25,6
BIOS,"[6, 19, 25]",32,40,9,22765,25,19
BIOS,"[6, 19, 25]",32,40,10,26666,19,6
BIOS,"[6, 19, 25]",32,40,11,1161,25,25
BIOS,"[6, 19, 25]",32,40,12,33710,25,19
BIOS,"[6, 19, 25]",32,40,13,41139,6,6
BIOS,"[6, 19, 25]",32,40,14,65334,19,19
BIOS,"[6, 19, 25]",32,40,15,87831,19,25
BIOS,"[6, 19, 25]",32,40,16,17189,25,19
BIOS,"[6, 19, 25]",32,40,17,12528,6,6
BIOS,"[6, 19, 25]",32,40,18,38197,6,6
BIOS,"[6, 19, 25]",32,40,19,78522,25,25
BIOS,"[6, 19, 25]",33,40,0,55469,19,6
BIOS,"[6, 19, 25]",33,40,1,52286,6,6
BIOS,"[6, 19, 25]",33,40,2,49002,6,25
BIOS,"[6, 19, 25]",33,40,3,42486,25,6
BIOS,"[6, 19, 25]",33,40,4,40445,19,19
BIOS,"[6, 19, 25]",33,40,5,6702,19,25
BIOS,"[6, 19, 25]",33,40,6,91742,25,25
BIOS,"[6, 19, 25]",33,40,7,33794,25,25
BIOS,"[6, 19, 25]",33,40,8,80369,19,19
BIOS,"[6, 19, 25]",33,40,9,72116,19,19
BIOS,"[6, 19, 25]",33,40,10,65767,19,6
BIOS,"[6, 19, 25]",33,40,11,75264,19,19
BIOS,"[6, 19, 25]",33,40,12,14187,19,25
BIOS,"[6, 19, 25]",33,40,13,94909,25,25
BIOS,"[6, 19, 25]",33,40,14,39143,19,19
BIOS,"[6, 19, 25]",33,40,15,6801,25,25
BIOS,"[6, 19, 25]",33,40,16,14451,25,19
BIOS,"[6, 19, 25]",33,40,17,98421,19,25
BIOS,"[6, 19, 25]",33,40,18,74716,19,6
BIOS,"[6, 19, 25]",33,40,19,14674,6,6
BIOS,"[6, 19, 25]",34,40,0,57735,6,6
BIOS,"[6, 19, 25]",34,40,1,38681,25,6
BIOS,"[6, 19, 25]",34,40,2,7269,25,25
BIOS,"[6, 19, 25]",34,40,3,46775,25,19
BIOS,"[6, 19, 25]",34,40,4,64688,25,6
BIOS,"[6, 19, 25]",34,40,5,22299,6,6
BIOS,"[6, 19, 25]",34,40,6,36521,19,19
BIOS,"[6, 19, 25]",34,40,7,96849,19,19
BIOS,"[6, 19, 25]",34,40,8,65568,6,25
BIOS,"[6, 19, 25]",34,40,9,15199,25,25
BIOS,"[6, 19, 25]",34,40,10,36445,25,19
BIOS,"[6, 19, 25]",34,40,11,66879,6,6
BIOS,"[6, 19, 25]",34,40,12,21710,19,19
BIOS,"[6, 19, 25]",34,40,13,95634,25,6
BIOS,"[6, 19, 25]",34,40,14,76877,19,25
BIOS,"[6, 19, 25]",34,40,15,3633,19,19
BIOS,"[6, 19, 25]",34,40,16,59391,25,19
BIOS,"[6, 19, 25]",34,40,17,626,25,6
BIOS,"[6, 19, 25]",34,40,18,57221,19,19
BIOS,"[6, 19, 25]",34,40,19,2592,25,19
BIOS,"[6, 19, 25]",35,40,0,9836,25,19
BIOS,"[6, 19, 25]",35,40,1,47924,25,25
BIOS,"[6, 19, 25]",35,40,2,35506,19,25
BIOS,"[6, 19, 25]",35,40,3,40565,6,6
BIOS,"[6, 19, 25]",35,40,4,71013,25,25
BIOS,"[6, 19, 25]",35,40,5,9216,6,25
BIOS,"[6, 19, 25]",35,40,6,3475,6,6
BIOS,"[6, 19, 25]",35,40,7,70769,19,19
BIOS,"[6, 19, 25]",35,40,8,22725,19,19
BIOS,"[6, 19, 25]",35,40,9,33199,25,25
BIOS,"[6, 19, 25]",35,40,10,51802,19,19
BIOS,"[6, 19, 25]",35,40,11,31373,25,19
BIOS,"[6, 19, 25]",35,40,12,84034,19,25
BIOS,"[6, 19, 25]",35,40,13,46913,19,19
BIOS,"[6, 19, 25]",35,40,14,30260,19,19
BIOS,"[6, 19, 25]",35,40,15,51705,19,19
BIOS,"[6, 19, 25]",35,40,16,8709,25,6
BIOS,"[6, 19, 25]",35,40,17,734,6,25
BIOS,"[6, 19, 25]",35,40,18,48371,25,25
BIOS,"[6, 19, 25]",35,40,19,31834,25,19
BIOS,"[6, 19, 25]",36,40,0,1229,25,25
BIOS,"[6, 19, 25]",36,40,1,92814,19,19
BIOS,"[6, 19, 25]",36,40,2,95982,19,19
BIOS,"[6, 19, 25]",36,40,3,16922,19,25
BIOS,"[6, 19, 25]",36,40,4,52146,25,19
BIOS,"[6, 19, 25]",36,40,5,41712,6,6
BIOS,"[6, 19, 25]",36,40,6,27080,6,25
BIOS,"[6, 19, 25]",36,40,7,28124,19,6
BIOS,"[6, 19, 25]",36,40,8,72073,19,25
BIOS,"[6, 19, 25]",36,40,9,20927,6,6
BIOS,"[6, 19, 25]",36,40,10,64816,25,25
BIOS,"[6, 19, 25]",36,40,11,21137,6,6
BIOS,"[6, 19, 25]",36,40,12,41550,25,19
BIOS,"[6, 19, 25]",36,40,13,38709,6,6
BIOS,"[6, 19, 25]",36,40,14,11816,25,6
BIOS,"[6, 19, 25]",36,40,15,39704,19,19
BIOS,"[6, 19, 25]",36,40,16,49958,6,25
BIOS,"[6, 19, 25]",36,40,17,2657,19,19
BIOS,"[6, 19, 25]",36,40,18,3494,19,19
BIOS,"[6, 19, 25]",36,40,19,39982,19,19
BIOS,"[6, 19, 25]",37,40,0,36866,19,19
BIOS,"[6, 19, 25]",37,40,1,15925,6,6
BIOS,"[6, 19, 25]",37,40,2,78696,25,19
BIOS,"[6, 19, 25]",37,40,3,67484,19,19
BIOS,"[6, 19, 25]",37,40,4,56432,6,6
BIOS,"[6, 19, 25]",37,40,5,76329,25,25
BIOS,"[6, 19, 25]",37,40,6,50917,6,6
BIOS,"[6, 19, 25]",37,40,7,18806,19,6
BIOS,"[6, 19, 25]",37,40,8,55919,19,19
BIOS,"[6, 19, 25]",37,40,9,75620,19,25
BIOS,"[6, 19, 25]",37,40,10,2976,19,19
BIOS,"[6, 19, 25]",37,40,11,73175,25,25
BIOS,"[6, 19, 25]",37,40,12,97858,25,19
BIOS,"[6, 19, 25]",37,40,13,38862,25,25
BIOS,"[6, 19, 25]",37,40,14,5352,6,6
BIOS,"[6, 19, 25]",37,40,15,7269,25,25
BIOS,"[6, 19, 25]",37,40,16,903,19,25
BIOS,"[6, 19, 25]",37,40,17,23058,25,25
BIOS,"[6, 19, 25]",37,40,18,57552,25,19
BIOS,"[6, 19, 25]",37,40,19,34184,6,6
BIOS,"[6, 19, 25]",38,40,0,87903,25,25
BIOS,"[6, 19, 25]",38,40,1,74464,25,19
BIOS,"[6, 19, 25]",38,40,2,21388,25,25
BIOS,"[6, 19, 25]",38,40,3,91925,19,25
BIOS,"[6, 19, 25]",38,40,4,88273,25,6
BIOS,"[6, 19, 25]",38,40,5,3737,6,6
BIOS,"[6, 19, 25]",38,40,6,13966,25,19
BIOS,"[6, 19, 25]",38,40,7,42161,25,6
BIOS,"[6, 19, 25]",38,40,8,49916,25,25
BIOS,"[6, 19, 25]",38,40,9,46681,25,6
BIOS,"[6, 19, 25]",38,40,10,22299,6,6
BIOS,"[6, 19, 25]",38,40,11,79980,25,6
BIOS,"[6, 19, 25]",38,40,12,2816,6,6
BIOS,"[6, 19, 25]",38,40,13,11816,25,6
BIOS,"[6, 19, 25]",38,40,14,94221,6,6
BIOS,"[6, 19, 25]",38,40,15,99049,19,25
BIOS,"[6, 19, 25]",38,40,16,53042,19,19
BIOS,"[6, 19, 25]",38,40,17,43938,19,19
BIOS,"[6, 19, 25]",38,40,18,17957,6,6
BIOS,"[6, 19, 25]",38,40,19,20905,25,6
BIOS,"[6, 19, 25]",39,40,0,36500,25,19
BIOS,"[6, 19, 25]",39,40,1,39308,25,6
BIOS,"[6, 19, 25]",39,40,2,65991,6,25
BIOS,"[6, 19, 25]",39,40,3,23097,6,6
BIOS,"[6, 19, 25]",39,40,4,29311,19,19
BIOS,"[6, 19, 25]",39,40,5,20678,6,25
BIOS,"[6, 19, 25]",39,40,6,88689,6,25
BIOS,"[6, 19, 25]",39,40,7,8399,25,19
BIOS,"[6, 19, 25]",39,40,8,21530,6,6
BIOS,"[6, 19, 25]",39,40,9,35153,19,19
BIOS,"[6, 19, 25]",39,40,10,52007,6,6
BIOS,"[6, 19, 25]",39,40,11,75698,19,19
BIOS,"[6, 19, 25]",39,40,12,77319,6,6
BIOS,"[6, 19, 25]",39,40,13,34445,6,6
BIOS,"[6, 19, 25]",39,40,14,32695,19,25
BIOS,"[6, 19, 25]",39,40,15,5309,6,6
BIOS,"[6, 19, 25]",39,40,16,68113,25,6
BIOS,"[6, 19, 25]",39,40,17,542,25,25
BIOS,"[6, 19, 25]",39,40,18,8873,25,19
BIOS,"[6, 19, 25]",39,40,19,46638,6,25
BIOS,"[6, 19, 25]",40,40,0,38712,6,6
BIOS,"[6, 19, 25]",40,40,1,26150,6,6
BIOS,"[6, 19, 25]",40,40,2,6988,6,6
BIOS,"[6, 19, 25]",40,40,3,21737,19,25
BIOS,"[6, 19, 25]",40,40,4,72518,19,19
BIOS,"[6, 19, 25]",40,40,5,45504,19,25
BIOS,"[6, 19, 25]",40,40,6,73519,19,19
BIOS,"[6, 19, 25]",40,40,7,19872,25,6
BIOS,"[6, 19, 25]",40,40,8,80259,25,19
BIOS,"[6, 19, 25]",40,40,9,55797,25,19
BIOS,"[6, 19, 25]",40,40,10,71887,25,25
BIOS,"[6, 19, 25]",40,40,11,19020,25,6
BIOS,"[6, 19, 25]",40,40,12,94085,6,6
BIOS,"[6, 19, 25]",40,40,13,6210,25,25
BIOS,"[6, 19, 25]",40,40,14,65066,25,19
BIOS,"[6, 19, 25]",40,40,15,68216,19,19
BIOS,"[6, 19, 25]",40,40,16,47308,19,25
BIOS,"[6, 19, 25]",40,40,17,48554,25,25
BIOS,"[6, 19, 25]",40,40,18,12562,19,25
BIOS,"[6, 19, 25]",40,40,19,50048,19,19
BIOS,"[6, 19, 25]",41,40,0,97068,6,25
BIOS,"[6, 19, 25]",41,40,1,40822,19,19
BIOS,"[6, 19, 25]",41,40,2,58144,25,25
BIOS,"[6, 19, 25]",41,40,3,52218,25,19
BIOS,"[6, 19, 25]",41,40,4,51534,19,19
BIOS,"[6, 19, 25]",41,40,5,87839,6,6
BIOS,"[6, 19, 25]",41,40,6,29470,19,6
BIOS,"[6, 19, 25]",41,40,7,85784,19,25
BIOS,"[6, 19, 25]",41,40,8,79080,25,6
BIOS,"[6, 19, 25]",41,40,9,59953,25,19
BIOS,"[6, 19, 25]",41,40,10,74716,19,6
BIOS,"[6, 19, 25]",41,40,11,25240,19,19
BIOS,"[6, 19, 25]",41,40,12,42576,19,19
BIOS,"[6, 19, 25]",41,40,13,41270,25,25
BIOS,"[6, 19, 25]",41,40,14,32556,25,25
BIOS,"[6, 19, 25]",41,40,15,14342,19,19
BIOS,"[6, 19, 25]",41,40,16,85543,6,6
BIOS,"[6, 19, 25]",41,40,17,55102,25,25
BIOS,"[6, 19, 25]",41,40,18,2226,6,6
BIOS,"[6, 19, 25]",41,40,19,26666,19,6
BIOS,"[6, 19, 25]",42,40,0,14861,25,6
BIOS,"[6, 19, 25]",42,40,1,72649,25,19
BIOS,"[6, 19, 25]",42,40,2,2346,19,19
BIOS,"[6, 19, 25]",42,40,3,9109,25,25
BIOS,"[6, 19, 25]",42,40,4,31373,25,19
BIOS,"[6, 19, 25]",42,40,5,46656,19,19
BIOS,"[6, 19, 25]",42,40,6,56882,19,25
BIOS,"[6, 19, 25]",42,40,7,25202,6,25
BIOS,"[6, 19, 25]",42,40,8,23593,25,25
BIOS,"[6, 19, 25]",42,40,9,31903,19,25
BIOS,"[6, 19, 25]",42,40,10,90842,6,6
BIOS,"[6, 19, 25]",42,40,11,78882,25,25
BIOS,"[6, 19, 25]",42,40,12,30264,25,19
BIOS,"[6, 19, 25]",42,40,13,74459,19,19
BIOS,"[6, 19, 25]",42,40,14,54181,19,19
BIOS,"[6, 19, 25]",42,40,15,4379,25,25
BIOS,"[6, 19, 25]",42,40,16,76121,6,6
BIOS,"[6, 19, 25]",42,40,17,88689,6,25
BIOS,"[6, 19, 25]",42,40,18,87021,25,6
BIOS,"[6, 19, 25]",42,40,19,54071,6,25
BIOS,"[6, 19, 25]",43,40,0,73537,25,19
BIOS,"[6, 19, 25]",43,40,1,32759,6,6
BIOS,"[6, 19, 25]",43,40,2,25402,19,19
BIOS,"[6, 19, 25]",43,40,3,96960,25,19
BIOS,"[6, 19, 25]",43,40,4,73597,25,19
BIOS,"[6, 19, 25]",43,40,5,45949,6,6
BIOS,"[6, 19, 25]",43,40,6,49958,6,25
BIOS,"[6, 19, 25]",43,40,7,18729,25,6
BIOS,"[6, 19, 25]",43,40,8,61331,19,19
BIOS,"[6, 19, 25]",43,40,9,3797,25,25
BIOS,"[6, 19, 25]",43,40,10,49839,25,6
BIOS,"[6, 19, 25]",43,40,11,44123,25,6
BIOS,"[6, 19, 25]",43,40,12,59495,25,19
BIOS,"[6, 19, 25]",43,40,13,82351,25,6
BIOS,"[6, 19, 25]",43,40,14,98240,25,25
BIOS,"[6, 19, 25]",43,40,15,48506,6,6
BIOS,"[6, 19, 25]",43,40,16,28959,6,6
BIOS,"[6, 19, 25]",43,40,17,27148,25,25
BIOS,"[6, 19, 25]",43,40,18,49100,6,6
BIOS,"[6, 19, 25]",43,40,19,59192,25,25
BIOS,"[6, 19, 25]",44,40,0,20685,25,19
BIOS,"[6, 19, 25]",44,40,1,27568,19,19
BIOS,"[6, 19, 25]",44,40,2,63153,19,19
BIOS,"[6, 19, 25]",44,40,3,1865,25,25
BIOS,"[6, 19, 25]",44,40,4,95470,19,6
BIOS,"[6, 19, 25]",44,40,5,62473,25,25
BIOS,"[6, 19, 25]",44,40,6,50081,6,6
BIOS,"[6, 19, 25]",44,40,7,24176,25,25
BIOS,"[6, 19, 25]",44,40,8,31092,25,6
BIOS,"[6, 19, 25]",44,40,9,11550,25,19
BIOS,"[6, 19, 25]",44,40,10,47874,25,19
BIOS,"[6, 19, 25]",44,40,11,75311,19,19
BIOS,"[6, 19, 25]",44,40,12,57827,19,19
BIOS,"[6, 19, 25]",44,40,13,71091,19,19
BIOS,"[6, 19, 25]",44,40,14,37502,19,25
BIOS,"[6, 19, 25]",44,40,15,45947,19,25
BIOS,"[6, 19, 25]",44,40,16,82967,25,25
BIOS,"[6, 19, 25]",44,40,17,12989,6,6
BIOS,"[6, 19, 25]",44,40,18,48324,19,25
BIOS,"[6, 19, 25]",44,40,19,21642,25,19
BIOS,"[6, 19, 25]",45,40,0,83879,25,25
BIOS,"[6, 19, 25]",45,40,1,76351,19,19
BIOS,"[6, 19, 25]",45,40,2,77450,25,19
BIOS,"[6, 19, 25]",45,40,3,22565,6,6
BIOS,"[6, 19, 25]",45,40,4,86827,25,19
BIOS,"[6, 19, 25]",45,40,5,31295,6,6
BIOS,"[6, 19, 25]",45,40,6,83511,25,6
BIOS,"[6, 19, 25]",45,40,7,5470,25,25
BIOS,"[6, 19, 25]",45,40,8,4518,19,25
BIOS,"[6, 19, 25]",45,40,9,30416,6,6
BIOS,"[6, 19, 25]",45,40,10,33484,25,19
BIOS,"[6, 19, 25]",45,40,11,68120,19,19
BIOS,"[6, 19, 25]",45,40,12,23903,6,6
BIOS,"[6, 19, 25]",45,40,13,763,25,6
BIOS,"[6, 19, 25]",45,40,14,60530,25,25
BIOS,"[6, 19, 25]",45,40,15,66422,6,6
BIOS,"[6, 19, 25]",45,40,16,35560,19,25
BIOS,"[6, 19, 25]",45,40,17,47301,19,19
BIOS,"[6, 19, 25]",45,40,18,8657,6,25
BIOS,"[6, 19, 25]",45,40,19,30664,19,19
BIOS,"[6, 19, 25]",46,40,0,26953,25,19
BIOS,"[6, 19, 25]",46,40,1,61653,25,25
BIOS,"[6, 19, 25]",46,40,2,13701,25,6
BIOS,"[6, 19, 25]",46,40,3,28305,6,6
BIOS,"[6, 19, 25]",46,40,4,34503,25,19
BIOS,"[6, 19, 25]",46,40,5,91984,19,25
BIOS,"[6, 19, 25]",46,40,6,89409,25,25
BIOS,"[6, 19, 25]",46,40,7,96408,19,25
BIOS,"[6, 19, 25]",46,40,8,97273,19,25
BIOS,"[6, 19, 25]",46,40,9,32091,19,19
BIOS,"[6, 19, 25]",46,40,10,21777,25,19
BIOS,"[6, 19, 25]",46,40,11,40588,19,25
BIOS,"[6, 19, 25]",46,40,12,97620,25,6
BIOS,"[6, 19, 25]",46,40,13,5186,25,19
BIOS,"[6, 19, 25]",46,40,14,92696,19,19
BIOS,"[6, 19, 25]",46,40,15,11571,6,6
BIOS,"[6, 19, 25]",46,40,16,61239,25,25
BIOS,"[6, 19, 25]",46,40,17,3638,25,25
BIOS,"[6, 19, 25]",46,40,18,77209,19,25
BIOS,"[6, 19, 25]",46,40,19,15380,19,19
BIOS,"[6, 19, 25]",47,40,0,38681,25,6
BIOS,"[6, 19, 25]",47,40,1,90960,19,19
BIOS,"[6, 19, 25]",47,40,2,84809,25,19
BIOS,"[6, 19, 25]",47,40,3,66631,25,6
BIOS,"[6, 19, 25]",47,40,4,73615,25,19
BIOS,"[6, 19, 25]",47,40,5,42486,25,6
BIOS,"[6, 19, 25]",47,40,6,25343,25,19
BIOS,"[6, 19, 25]",47,40,7,43106,25,6
BIOS,"[6, 19, 25]",47,40,8,33531,25,19
BIOS,"[6, 19, 25]",47,40,9,38760,19,25
BIOS,"[6, 19, 25]",47,40,10,30253,19,25
BIOS,"[6, 19, 25]",47,40,11,13882,25,19
BIOS,"[6, 19, 25]",47,40,12,69966,6,6
BIOS,"[6, 19, 25]",47,40,13,16034,19,19
BIOS,"[6, 19, 25]",47,40,14,18309,19,25
BIOS,"[6, 19, 25]",47,40,15,92905,19,19
BIOS,"[6, 19, 25]",47,40,16,10984,6,6
BIOS,"[6, 19, 25]",47,40,17,91984,19,25
BIOS,"[6, 19, 25]",47,40,18,21579,25,25
BIOS,"[6, 19, 25]",47,40,19,97620,25,6
BIOS,"[6, 19, 25]",48,40,0,7357,25,19
BIOS,"[6, 19, 25]",48,40,1,84324,19,25
BIOS,"[6, 19, 25]",48,40,2,28206,25,25
BIOS,"[6, 19, 25]",48,40,3,82168,25,6
BIOS,"[6, 19, 25]",48,40,4,19831,19,25
BIOS,"[6, 19, 25]",48,40,5,33472,25,25
BIOS,"[6, 19, 25]",48,40,6,72050,19,19
BIOS,"[6, 19, 25]",48,40,7,52146,25,19
BIOS,"[6, 19, 25]",48,40,8,98321,25,6
BIOS,"[6, 19, 25]",48,40,9,32695,19,25
BIOS,"[6, 19, 25]",48,40,10,43720,6,6
BIOS,"[6, 19, 25]",48,40,11,71048,25,6
BIOS,"[6, 19, 25]",48,40,12,82319,25,19
BIOS,"[6, 19, 25]",48,40,13,17627,25,6
BIOS,"[6, 19, 25]",48,40,14,65422,25,25
BIOS,"[6, 19, 25]",48,40,15,52035,19,19
BIOS,"[6, 19, 25]",48,40,16,55723,25,19
BIOS,"[6, 19, 25]",48,40,17,26666,19,6
BIOS,"[6, 19, 25]",48,40,18,20514,25,25
BIOS,"[6, 19, 25]",48,40,19,98498,6,6
BIOS,"[6, 19, 25]",49,40,0,3091,19,19
BIOS,"[6, 19, 25]",49,40,1,11841,19,25
BIOS,"[6, 19, 25]",49,40,2,8322,25,25
BIOS,"[6, 19, 25]",49,40,3,49002,6,25
BIOS,"[6, 19, 25]",49,40,4,97548,19,19
BIOS,"[6, 19, 25]",49,40,5,72981,25,19
BIOS,"[6, 19, 25]",49,40,6,47817,25,19
BIOS,"[6, 19, 25]",49,40,7,79980,25,6
BIOS,"[6, 19, 25]",49,40,8,98941,6,19
BIOS,"[6, 19, 25]",49,40,9,31816,25,19
BIOS,"[6, 19, 25]",49,40,10,23068,19,19
BIOS,"[6, 19, 25]",49,40,11,33504,25,19
BIOS,"[6, 19, 25]",49,40,12,85196,6,6
BIOS,"[6, 19, 25]",49,40,13,93988,6,6
BIOS,"[6, 19, 25]",49,40,14,31149,25,25
BIOS,"[6, 19, 25]",49,40,15,78888,25,25
BIOS,"[6, 19, 25]",49,40,16,22047,19,6
BIOS,"[6, 19, 25]",49,40,17,25874,6,6
BIOS,"[6, 19, 25]",49,40,18,13932,25,6
BIOS,"[6, 19, 25]",49,40,19,43309,19,19
BIOS,"[9, 11, 18]",0,40,0,90271,18,9
BIOS,"[9, 11, 18]",0,40,1,599,18,18
BIOS,"[9, 11, 18]",0,40,2,81252,9,9
BIOS,"[9, 11, 18]",0,40,3,82470,9,18
BIOS,"[9, 11, 18]",0,40,4,30032,11,11
BIOS,"[9, 11, 18]",0,40,5,91114,18,9
BIOS,"[9, 11, 18]",0,40,6,52099,9,18
BIOS,"[9, 11, 18]",0,40,7,65202,9,9
BIOS,"[9, 11, 18]",0,40,8,39863,11,9
BIOS,"[9, 11, 18]",0,40,9,39859,18,18
BIOS,"[9, 11, 18]",0,40,10,30910,9,11
BIOS,"[9, 11, 18]",0,40,11,35645,11,11
BIOS,"[9, 11, 18]",0,40,12,69121,11,11
BIOS,"[9, 11, 18]",0,40,13,85089,9,9
BIOS,"[9, 11, 18]",0,40,14,18375,9,11
BIOS,"[9, 11, 18]",0,40,15,58356,9,18
BIOS,"[9, 11, 18]",0,40,16,42548,11,11
BIOS,"[9, 11, 18]",0,40,17,71851,11,9
BIOS,"[9, 11, 18]",0,40,18,86343,9,11
BIOS,"[9, 11, 18]",0,40,19,42269,9,18
BIOS,"[9, 11, 18]",1,40,0,21899,18,9
BIOS,"[9, 11, 18]",1,40,1,17829,18,11
BIOS,"[9, 11, 18]",1,40,2,58104,18,18
BIOS,"[9, 11, 18]",1,40,3,73921,9,9
BIOS,"[9, 11, 18]",1,40,4,38888,18,9
BIOS,"[9, 11, 18]",1,40,5,55417,18,18
BIOS,"[9, 11, 18]",1,40,6,90294,9,9
BIOS,"[9, 11, 18]",1,40,7,13687,18,11
BIOS,"[9, 11, 18]",1,40,8,97406,9,9
BIOS,"[9, 11, 18]",1,40,9,86662,9,9
BIOS,"[9, 11, 18]",1,40,10,19968,11,9
BIOS,"[9, 11, 18]",1,40,11,7007,11,11
BIOS,"[9, 11, 18]",1,40,12,47982,9,9
BIOS,"[9, 11, 18]",1,40,13,60774,11,18
BIOS,"[9, 11, 18]",1,40,14,78589,9,9
BIOS,"[9, 11, 18]",1,40,15,72877,11,11
BIOS,"[9, 11, 18]",1,40,16,59626,11,18
BIOS,"[9, 11, 18]",1,40,17,70912,18,18
BIOS,"[9, 11, 18]",1,40,18,45566,18,9
BIOS,"[9, 11, 18]",1,40,19,708,11,11
BIOS,"[9, 11, 18]",2,40,0,71988,11,18
BIOS,"[9, 11, 18]",2,40,1,3987,18,11
BIOS,"[9, 11, 18]",2,40,2,66942,9,9
BIOS,"[9, 11, 18]",2,40,3,62300,18,18
BIOS,"[9, 11, 18]",2,40,4,10479,11,18
BIOS,"[9, 11, 18]",2,40,5,80661,18,11
BIOS,"[9, 11, 18]",2,40,6,82863,11,18
BIOS,"[9, 11, 18]",2,40,7,62413,18,11
BIOS,"[9, 11, 18]",2,40,8,83711,18,18
BIOS,"[9, 11, 18]",2,40,9,63124,9,9
BIOS,"[9, 11, 18]",2,40,10,40459,9,9
BIOS,"[9, 11, 18]",2,40,11,44955,11,11
BIOS,"[9, 11, 18]",2,40,12,92787,9,9
BIOS,"[9, 11, 18]",2,40,13,20507,9,11
BIOS,"[9, 11, 18]",2,40,14,61461,9,9
BIOS,"[9, 11, 18]",2,40,15,81900,11,9
BIOS,"[9, 11, 18]",2,40,16,95540,18,9
BIOS,"[9, 11, 18]",2,40,17,14038,18,18
BIOS,"[9, 11, 18]",2,40,18,42030,18,9
BIOS,"[9, 11, 18]",2,40,19,5946,11,11
BIOS,"[9, 11, 18]",3,40,0,2341,18,18
BIOS,"[9, 11, 18]",3,40,1,81857,11,11
BIOS,"[9, 11, 18]",3,40,2,84855,11,9
BIOS,"[9, 11, 18]",3,40,3,128,11,9
BIOS,"[9, 11, 18]",3,40,4,38451,9,11
BIOS,"[9, 11, 18]",3,40,5,96390,18,9
BIOS,"[9, 11, 18]",3,40,6,48904,11,11
BIOS,"[9, 11, 18]",3,40,7,96752,9,11
BIOS,"[9, 11, 18]",3,40,8,21899,18,9
BIOS,"[9, 11, 18]",3,40,9,28675,11,11
BIOS,"[9, 11, 18]",3,40,10,11756,18,11
BIOS,"[9, 11, 18]",3,40,11,86112,18,18
BIOS,"[9, 11, 18]",3,40,12,2731,9,9
BIOS,"[9, 11, 18]",3,40,13,97605,11,11
BIOS,"[9, 11, 18]",3,40,14,86632,9,9
BIOS,"[9, 11, 18]",3,40,15,1668,11,11
BIOS,"[9, 11, 18]",3,40,16,19318,11,18
BIOS,"[9, 11, 18]",3,40,17,75084,9,9
BIOS,"[9, 11, 18]",3,40,18,72030,18,11
BIOS,"[9, 11, 18]",3,40,19,75648,18,11
BIOS,"[9, 11, 18]",4,40,0,77053,18,11
BIOS,"[9, 11, 18]",4,40,1,14154,11,11
BIOS,"[9, 11, 18]",4,40,2,10002,11,11
BIOS,"[9, 11, 18]",4,40,3,66213,18,11
BIOS,"[9, 11, 18]",4,40,4,55480,18,18
BIOS,"[9, 11, 18]",4,40,5,79112,9,9
BIOS,"[9, 11, 18]",4,40,6,31910,11,11
BIOS,"[9, 11, 18]",4,40,7,25759,9,11
BIOS,"[9, 11, 18]",4,40,8,37893,9,11
BIOS,"[9, 11, 18]",4,40,9,38830,11,9
BIOS,"[9, 11, 18]",4,40,10,95565,11,18
BIOS,"[9, 11, 18]",4,40,11,43912,18,9
BIOS,"[9, 11, 18]",4,40,12,5032,9,11
BIOS,"[9, 11, 18]",4,40,13,80992,11,9
BIOS,"[9, 11, 18]",4,40,14,80187,11,11
BIOS,"[9, 11, 18]",4,40,15,95096,9,18
BIOS,"[9, 11, 18]",4,40,16,20082,9,11
BIOS,"[9, 11, 18]",4,40,17,58110,9,11
BIOS,"[9, 11, 18]",4,40,18,47642,11,18
BIOS,"[9, 11, 18]",4,40,19,49627,18,18
BIOS,"[9, 11, 18]",5,40,0,4523,9,11
BIOS,"[9, 11, 18]",5,40,1,85085,18,18
BIOS,"[9, 11, 18]",5,40,2,81847,9,9
BIOS,"[9, 11, 18]",5,40,3,96390,18,9
BIOS,"[9, 11, 18]",5,40,4,12125,9,9
BIOS,"[9, 11, 18]",5,40,5,1261,11,11
BIOS,"[9, 11, 18]",5,40,6,58312,9,11
BIOS,"[9, 11, 18]",5,40,7,10733,9,9
BIOS,"[9, 11, 18]",5,40,8,13102,18,18
BIOS,"[9, 11, 18]",5,40,9,74841,18,11
BIOS,"[9, 11, 18]",5,40,10,88410,18,9
BIOS,"[9, 11, 18]",5,40,11,58895,9,9
BIOS,"[9, 11, 18]",5,40,12,78463,9,9
BIOS,"[9, 11, 18]",5,40,13,21523,11,11
BIOS,"[9, 11, 18]",5,40,14,80014,18,18
BIOS,"[9, 11, 18]",5,40,15,57410,18,18
BIOS,"[9, 11, 18]",5,40,16,73998,9,18
BIOS,"[9, 11, 18]",5,40,17,55533,11,18
BIOS,"[9, 11, 18]",5,40,18,17068,18,9
BIOS,"[9, 11, 18]",5,40,19,3987,18,11
BIOS,"[9, 11, 18]",6,40,0,54455,11,9
BIOS,"[9, 11, 18]",6,40,1,29710,18,11
BIOS,"[9, 11, 18]",6,40,2,17818,9,11
BIOS,"[9, 11, 18]",6,40,3,91642,9,18
BIOS,"[9, 11, 18]",6,40,4,35524,9,18
BIOS,"[9, 11, 18]",6,40,5,62377,18,18
BIOS,"[9, 11, 18]",6,40,6,67600,9,9
BIOS,"[9, 11, 18]",6,40,7,23689,9,18
BIOS,"[9, 11, 18]",6,40,8,86196,11,11
BIOS,"[9, 11, 18]",6,40,9,12281,11,9
BIOS,"[9, 11, 18]",6,40,10,50237,9,18
BIOS,"[9, 11, 18]",6,40,11,43076,18,11
BIOS,"[9, 11, 18]",6,40,12,10297,11,11
BIOS,"[9, 11, 18]",6,40,13,20053,9,9
BIOS,"[9, 11, 18]",6,40,14,88963,9,11
BIOS,"[9, 11, 18]",6,40,15,12939,9,11
BIOS,"[9, 11, 18]",6,40,16,51842,11,11
BIOS,"[9, 11, 18]",6,40,17,5492,11,11
BIOS,"[9, 11, 18]",6,40,18,38632,11,9
BIOS,"[9, 11, 18]",6,40,19,55311,18,9
BIOS,"[9, 11, 18]",7,40,0,69689,11,18
BIOS,"[9, 11, 18]",7,40,1,67452,11,18
BIOS,"[9, 11, 18]",7,40,2,75835,11,18
BIOS,"[9, 11, 18]",7,40,3,36984,11,11
BIOS,"[9, 11, 18]",7,40,4,87509,18,18
BIOS,"[9, 11, 18]",7,40,5,96628,18,18
BIOS,"[9, 11, 18]",7,40,6,128,11,9
BIOS,"[9, 11, 18]",7,40,7,58110,9,11
BIOS,"[9, 11, 18]",7,40,8,39309,18,11
BIOS,"[9, 11, 18]",7,40,9,76579,18,9
BIOS,"[9, 11, 18]",7,40,10,2017,18,18
BIOS,"[9, 11, 18]",7,40,11,11553,9,9
BIOS,"[9, 11, 18]",7,40,12,38888,18,9
BIOS,"[9, 11, 18]",7,40,13,3937,11,11
BIOS,"[9, 11, 18]",7,40,14,11143,11,11
BIOS,"[9, 11, 18]",7,40,15,74024,9,11
BIOS,"[9, 11, 18]",7,40,16,82470,9,18
BIOS,"[9, 11, 18]",7,40,17,94519,18,11
BIOS,"[9, 11, 18]",7,40,18,404,11,9
BIOS,"[9, 11, 18]",7,40,19,91152,11,11
BIOS,"[9, 11, 18]",8,40,0,15608,9,9
BIOS,"[9, 11, 18]",8,40,1,74671,11,18
BIOS,"[9, 11, 18]",8,40,2,93802,18,9
BIOS,"[9, 11, 18]",8,40,3,22820,9,9
BIOS,"[9, 11, 18]",8,40,4,3499,18,18
BIOS,"[9, 11, 18]",8,40,5,272,11,11
BIOS,"[9, 11, 18]",8,40,6,15871,18,11
BIOS,"[9, 11, 18]",8,40,7,91601,9,9
BIOS,"[9, 11, 18]",8,40,8,10100,18,11
BIOS,"[9, 11, 18]",8,40,9,90736,11,18
BIOS,"[9, 11, 18]",8,40,10,83113,9,9
BIOS,"[9, 11, 18]",8,40,11,42718,9,9
BIOS,"[9, 11, 18]",8,40,12,69489,18,18
BIOS,"[9, 11, 18]",8,40,13,4145,18,18
BIOS,"[9, 11, 18]",8,40,14,11966,11,18
BIOS,"[9, 11, 18]",8,40,15,94267,11,11
BIOS,"[9, 11, 18]",8,40,16,1663,18,18
BIOS,"[9, 11, 18]",8,40,17,4567,11,11
BIOS,"[9, 11, 18]",8,40,18,8544,9,18
BIOS,"[9, 11, 18]",8,40,19,1005,18,9
BIOS,"[9, 11, 18]",9,40,0,33909,11,18
BIOS,"[9, 11, 18]",9,40,1,12917,9,18
BIOS,"[9, 11, 18]",9,40,2,95992,9,18
BIOS,"[9, 11, 18]",9,40,3,60774,11,18
BIOS,"[9, 11, 18]",9,40,4,23377,18,9
BIOS,"[9, 11, 18]",9,40,5,47686,9,9
BIOS,"[9, 11, 18]",9,40,6,35670,11,11
BIOS,"[9, 11, 18]",9,40,7,89385,11,18
BIOS,"[9, 11, 18]",9,40,8,94094,9,9
BIOS,"[9, 11, 18]",9,40,9,79147,9,9
BIOS,"[9, 11, 18]",9,40,10,44851,18,18
BIOS,"[9, 11, 18]",9,40,11,83196,11,11
BIOS,"[9, 11, 18]",9,40,12,25759,9,11
BIOS,"[9, 11, 18]",9,40,13,25744,9,11
BIOS,"[9, 11, 18]",9,40,14,1811,9,18
BIOS,"[9, 11, 18]",9,40,15,36340,18,18
BIOS,"[9, 11, 18]",9,40,16,94787,9,9
BIOS,"[9, 11, 18]",9,40,17,45566,18,9
BIOS,"[9, 11, 18]",9,40,18,87595,18,9
BIOS,"[9, 11, 18]",9,40,19,45527,11,11
BIOS,"[9, 11, 18]",10,40,0,77087,18,11
BIOS,"[9, 11, 18]",10,40,1,50258,11,18
BIOS,"[9, 11, 18]",10,40,2,69212,18,18
BIOS,"[9, 11, 18]",10,40,3,75962,9,11
BIOS,"[9, 11, 18]",10,40,4,17293,9,11
BIOS,"[9, 11, 18]",10,40,5,1005,18,9
BIOS,"[9, 11, 18]",10,40,6,26551,9,9
BIOS,"[9, 11, 18]",10,40,7,56032,11,9
BIOS,"[9, 11, 18]",10,40,8,33021,18,18
BIOS,"[9, 11, 18]",10,40,9,52185,11,11
BIOS,"[9, 11, 18]",10,40,10,10643,11,11
BIOS,"[9, 11, 18]",10,40,11,91884,18,18
BIOS,"[9, 11, 18]",10,40,12,85935,11,11
BIOS,"[9, 11, 18]",10,40,13,25759,9,11
BIOS,"[9, 11, 18]",10,40,14,71533,11,11
BIOS,"[9, 11, 18]",10,40,15,20129,9,9
BIOS,"[9, 11, 18]",10,40,16,11636,9,18
BIOS,"[9, 11, 18]",10,40,17,88632,11,11
BIOS,"[9, 11, 18]",10,40,18,95417,9,9
BIOS,"[9, 11, 18]",10,40,19,71851,11,9
BIOS,"[9, 11, 18]",11,40,0,82074,11,11
BIOS,"[9, 11, 18]",11,40,1,91817,18,18
BIOS,"[9, 11, 18]",11,40,2,96196,18,9
BIOS,"[9, 11, 18]",11,40,3,57189,11,11
BIOS,"[9, 11, 18]",11,40,4,22105,11,18
BIOS,"[9, 11, 18]",11,40,5,1234,18,18
BIOS,"[9, 11, 18]",11,40,6,40750,11,11
BIOS,"[9, 11, 18]",11,40,7,36591,18,11
BIOS,"[9, 11, 18]",11,40,8,98730,9,9
BIOS,"[9, 11, 18]",11,40,9,10820,18,18
BIOS,"[9, 11, 18]",11,40,10,41970,9,11
BIOS,"[9, 11, 18]",11,40,11,71851,11,9
BIOS,"[9, 11, 18]",11,40,12,33477,11,18
BIOS,"[9, 11, 18]",11,40,13,18293,11,18
BIOS,"[9, 11, 18]",11,40,14,35470,18,11
BIOS,"[9, 11, 18]",11,40,15,54038,18,18
BIOS,"[9, 11, 18]",11,40,16,41226,11,11
BIOS,"[9, 11, 18]",11,40,17,9762,18,11
BIOS,"[9, 11, 18]",11,40,18,26372,9,9
BIOS,"[9, 11, 18]",11,40,19,43793,9,18
BIOS,"[9, 11, 18]",12,40,0,69721,9,11
BIOS,"[9, 11, 18]",12,40,1,60387,9,18
BIOS,"[9, 11, 18]",12,40,2,53138,9,11
BIOS,"[9, 11, 18]",12,40,3,21122,9,9
BIOS,"[9, 11, 18]",12,40,4,83972,11,18
BIOS,"[9, 11, 18]",12,40,5,89121,9,9
BIOS,"[9, 11, 18]",12,40,6,51404,11,11
BIOS,"[9, 11, 18]",12,40,7,95932,18,18
BIOS,"[9, 11, 18]",12,40,8,3634,9,18
BIOS,"[9, 11, 18]",12,40,9,56843,11,11
BIOS,"[9, 11, 18]",12,40,10,41406,11,11
BIOS,"[9, 11, 18]",12,40,11,10870,11,11
BIOS,"[9, 11, 18]",12,40,12,93693,9,11
BIOS,"[9, 11, 18]",12,40,13,1472,9,9
BIOS,"[9, 11, 18]",12,40,14,65177,9,11
BIOS,"[9, 11, 18]",12,40,15,29745,9,11
BIOS,"[9, 11, 18]",12,40,16,27751,18,9
BIOS,"[9, 11, 18]",12,40,17,97947,18,11
BIOS,"[9, 11, 18]",12,40,18,67159,9,9
BIOS,"[9, 11, 18]",12,40,19,88579,9,9
BIOS,"[9, 11, 18]",13,40,0,47087,18,18
BIOS,"[9, 11, 18]",13,40,1,2127,18,18
BIOS,"[9, 11, 18]",13,40,2,79187,11,11
BIOS,"[9, 11, 18]",13,40,3,49270,11,11
BIOS,"[9, 11, 18]",13,40,4,62912,18,11
BIOS,"[9, 11, 18]",13,40,5,30889,18,9
BIOS,"[9, 11, 18]",13,40,6,16640,11,18
BIOS,"[9, 11, 18]",13,40,7,62965,9,9
BIOS,"[9, 11, 18]",13,40,8,62574,18,18
BIOS,"[9, 11, 18]",13,40,9,13676,9,9
BIOS,"[9, 11, 18]",13,40,10,94551,11,18
BIOS,"[9, 11, 18]",13,40,11,7917,9,9
BIOS,"[9, 11, 18]",13,40,12,2936,18,18
BIOS,"[9, 11, 18]",13,40,13,13898,9,11
BIOS,"[9, 11, 18]",13,40,14,24795,18,11
BIOS,"[9, 11, 18]",13,40,15,37010,18,9
BIOS,"[9, 11, 18]",13,40,16,53071,11,9
BIOS,"[9, 11, 18]",13,40,17,72923,9,11
BIOS,"[9, 11, 18]",13,40,18,98109,11,11
BIOS,"[9, 11, 18]",13,40,19,86170,18,9
BIOS,"[9, 11, 18]",14,40,0,37685,9,18
BIOS,"[9, 11, 18]",14,40,1,95596,11,11
BIOS,"[9, 11, 18]",14,40,2,78806,18,18
BIOS,"[9, 11, 18]",14,40,3,22801,18,18
BIOS,"[9, 11, 18]",14,40,4,21594,11,9
BIOS,"[9, 11, 18]",14,40,5,71087,9,11
BIOS,"[9, 11, 18]",14,40,6,21322,18,9
BIOS,"[9, 11, 18]",14,40,7,51916,18,9
BIOS,"[9, 11, 18]",14,40,8,80126,18,18
BIOS,"[9, 11, 18]",14,40,9,82539,18,18
BIOS,"[9, 11, 18]",14,40,10,37536,11,11
BIOS,"[9, 11, 18]",14,40,11,19159,11,11
BIOS,"[9, 11, 18]",14,40,12,17225,11,11
BIOS,"[9, 11, 18]",14,40,13,98367,9,18
BIOS,"[9, 11, 18]",14,40,14,59170,9,9
BIOS,"[9, 11, 18]",14,40,15,70092,18,9
BIOS,"[9, 11, 18]",14,40,16,82451,9,11
BIOS,"[9, 11, 18]",14,40,17,86579,11,18
BIOS,"[9, 11, 18]",14,40,18,72923,9,11
BIOS,"[9, 11, 18]",14,40,19,53138,9,11
BIOS,"[9, 11, 18]",15,40,0,76579,18,9
BIOS,"[9, 11, 18]",15,40,1,6355,18,18
BIOS,"[9, 11, 18]",15,40,2,48263,18,11
BIOS,"[9, 11, 18]",15,40,3,45688,11,11
BIOS,"[9, 11, 18]",15,40,4,13687,18,11
BIOS,"[9, 11, 18]",15,40,5,27896,18,18
BIOS,"[9, 11, 18]",15,40,6,33138,11,18
BIOS,"[9, 11, 18]",15,40,7,10008,9,18
BIOS,"[9, 11, 18]",15,40,8,63090,18,18
BIOS,"[9, 11, 18]",15,40,9,78292,9,9
BIOS,"[9, 11, 18]",15,40,10,91431,9,9
BIOS,"[9, 11, 18]",15,40,11,56032,11,9
BIOS,"[9, 11, 18]",15,40,12,35706,9,9
BIOS,"[9, 11, 18]",15,40,13,24197,11,11
BIOS,"[9, 11, 18]",15,40,14,13534,18,11
BIOS,"[9, 11, 18]",15,40,15,46539,9,11
BIOS,"[9, 11, 18]",15,40,16,79118,11,11
BIOS,"[9, 11, 18]",15,40,17,37010,18,9
BIOS,"[9, 11, 18]",15,40,18,43545,9,18
BIOS,"[9, 11, 18]",15,40,19,57284,11,11
BIOS,"[9, 11, 18]",16,40,0,38628,9,11
BIOS,"[9, 11, 18]",16,40,1,49810,18,18
BIOS,"[9, 11, 18]",16,40,2,46339,11,9
BIOS,"[9, 11, 18]",16,40,3,86189,9,11
BIOS,"[9, 11, 18]",16,40,4,75047,18,18
BIOS,"[9, 11, 18]",16,40,5,39904,11,11
BIOS,"[9, 11, 18]",16,40,6,91743,11,11
BIOS,"[9, 11, 18]",16,40,7,63763,18,18
BIOS,"[9, 11, 18]",16,40,8,52126,18,9
BIOS,"[9, 11, 18]",16,40,9,67452,11,18
BIOS,"[9, 11, 18]",16,40,10,53462,11,11
BIOS,"[9, 11, 18]",16,40,11,21899,18,9
BIOS,"[9, 11, 18]",16,40,12,39489,11,11
BIOS,"[9, 11, 18]",16,40,13,80832,9,9
BIOS,"[9, 11, 18]",16,40,14,82694,18,18
BIOS,"[9, 11, 18]",16,40,15,73232,9,9
BIOS,"[9, 11, 18]",16,40,16,40960,9,18
BIOS,"[9, 11, 18]",16,40,17,74563,18,9
BIOS,"[9, 11, 18]",16,40,18,40935,9,9
BIOS,"[9, 11, 18]",16,40,19,18256,11,18
BIOS,"[9, 11, 18]",17,40,0,93802,18,9
BIOS,"[9, 11, 18]",17,40,1,7405,9,18
BIOS,"[9, 11, 18]",17,40,2,67189,18,9
BIOS,"[9, 11, 18]",17,40,3,18181,18,18
BIOS,"[9, 11, 18]",17,40,4,71523,9,9
BIOS,"[9, 11, 18]",17,40,5,74024,9,11
BIOS,"[9, 11, 18]",17,40,6,86344,18,18
BIOS,"[9, 11, 18]",17,40,7,26764,9,9
BIOS,"[9, 11, 18]",17,40,8,83176,9,18
BIOS,"[9, 11, 18]",17,40,9,27803,9,9
BIOS,"[9, 11, 18]",17,40,10,53259,9,9
BIOS,"[9, 11, 18]",17,40,11,33477,11,18
BIOS,"[9, 11, 18]",17,40,12,74075,9,11
BIOS,"[9, 11, 18]",17,40,13,49308,18,18
BIOS,"[9, 11, 18]",17,40,14,82863,11,18
BIOS,"[9, 11, 18]",17,40,15,60672,18,18
BIOS,"[9, 11, 18]",17,40,16,83419,18,18
BIOS,"[9, 11, 18]",17,40,17,21594,11,9
BIOS,"[9, 11, 18]",17,40,18,43692,11,11
BIOS,"[9, 11, 18]",17,40,19,46649,11,11
BIOS,"[9, 11, 18]",18,40,0,93693,9,11
BIOS,"[9, 11, 18]",18,40,1,90579,9,18
BIOS,"[9, 11, 18]",18,40,2,79548,11,11
BIOS,"[9, 11, 18]",18,40,3,95565,11,18
BIOS,"[9, 11, 18]",18,40,4,46027,18,18
BIOS,"[9, 11, 18]",18,40,5,48443,9,9
BIOS,"[9, 11, 18]",18,40,6,89083,9,11
BIOS,"[9, 11, 18]",18,40,7,21322,18,9
BIOS,"[9, 11, 18]",18,40,8,9619,9,18
BIOS,"[9, 11, 18]",18,40,9,94787,9,9
BIOS,"[9, 11, 18]",18,40,10,94551,11,18
BIOS,"[9, 11, 18]",18,40,11,17196,11,18
BIOS,"[9, 11, 18]",18,40,12,79448,9,11
BIOS,"[9, 11, 18]",18,40,13,56958,18,18
BIOS,"[9, 11, 18]",18,40,14,16833,18,11
BIOS,"[9, 11, 18]",18,40,15,45566,18,9
BIOS,"[9, 11, 18]",18,40,16,35048,18,18
BIOS,"[9, 11, 18]",18,40,17,55652,18,11
BIOS,"[9, 11, 18]",18,40,18,28505,11,11
BIOS,"[9, 11, 18]",18,40,19,57241,18,18
BIOS,"[9, 11, 18]",19,40,0,97600,18,18
BIOS,"[9, 11, 18]",19,40,1,69721,9,11
BIOS,"[9, 11, 18]",19,40,2,56730,11,18
BIOS,"[9, 11, 18]",19,40,3,90671,11,18
BIOS,"[9, 11, 18]",19,40,4,75994,9,9
BIOS,"[9, 11, 18]",19,40,5,25907,11,9
BIOS,"[9, 11, 18]",19,40,6,63064,9,18
BIOS,"[9, 11, 18]",19,40,7,90476,9,9
BIOS,"[9, 11, 18]",19,40,8,8539,18,18
BIOS,"[9, 11, 18]",19,40,9,49944,11,11
BIOS,"[9, 11, 18]",19,40,10,71502,18,18
BIOS,"[9, 11, 18]",19,40,11,91114,18,9
BIOS,"[9, 11, 18]",19,40,12,28176,11,18
BIOS,"[9, 11, 18]",19,40,13,30925,9,11
BIOS,"[9, 11, 18]",19,40,14,85562,9,18
BIOS,"[9, 11, 18]",19,40,15,2797,18,18
BIOS,"[9, 11, 18]",19,40,16,28236,18,11
BIOS,"[9, 11, 18]",19,40,17,46955,18,18
BIOS,"[9, 11, 18]",19,40,18,84843,9,9
BIOS,"[9, 11, 18]",19,40,19,20218,9,11
BIOS,"[9, 11, 18]",20,40,0,90736,11,18
BIOS,"[9, 11, 18]",20,40,1,54359,11,11
BIOS,"[9, 11, 18]",20,40,2,46510,9,9
BIOS,"[9, 11, 18]",20,40,3,32817,11,11
BIOS,"[9, 11, 18]",20,40,4,16089,9,9
BIOS,"[9, 11, 18]",20,40,5,25909,11,11
BIOS,"[9, 11, 18]",20,40,6,90309,18,9
BIOS,"[9, 11, 18]",20,40,7,63348,11,18
BIOS,"[9, 11, 18]",20,40,8,52861,18,18
BIOS,"[9, 11, 18]",20,40,9,2751,18,11
BIOS,"[9, 11, 18]",20,40,10,54409,18,18
BIOS,"[9, 11, 18]",20,40,11,3871,11,11
BIOS,"[9, 11, 18]",20,40,12,26129,11,11
BIOS,"[9, 11, 18]",20,40,13,23377,18,9
BIOS,"[9, 11, 18]",20,40,14,35470,18,11
BIOS,"[9, 11, 18]",20,40,15,33057,11,18
BIOS,"[9, 11, 18]",20,40,16,43896,18,11
BIOS,"[9, 11, 18]",20,40,17,87151,11,11
BIOS,"[9, 11, 18]",20,40,18,52383,18,18
BIOS,"[9, 11, 18]",20,40,19,80992,11,9
BIOS,"[9, 11, 18]",21,40,0,91623,18,18
BIOS,"[9, 11, 18]",21,40,1,80299,18,9
BIOS,"[9, 11, 18]",21,40,2,65658,18,18
BIOS,"[9, 11, 18]",21,40,3,41003,11,18
BIOS,"[9, 11, 18]",21,40,4,72534,11,18
BIOS,"[9, 11, 18]",21,40,5,19009,11,11
BIOS,"[9, 11, 18]",21,40,6,13447,18,18
BIOS,"[9, 11, 18]",21,40,7,45075,9,9
BIOS,"[9, 11, 18]",21,40,8,56032,11,9
BIOS,"[9, 11, 18]",21,40,9,95843,11,11
BIOS,"[9, 11, 18]",21,40,10,96371,9,18
BIOS,"[9, 11, 18]",21,40,11,82990,11,11
BIOS,"[9, 11, 18]",21,40,12,84313,18,18
BIOS,"[9, 11, 18]",21,40,13,62509,11,18
BIOS,"[9, 11, 18]",21,40,14,95992,9,18
BIOS,"[9, 11, 18]",21,40,15,75427,9,9
BIOS,"[9, 11, 18]",21,40,16,81192,11,18
BIOS,"[9, 11, 18]",21,40,17,55930,9,11
BIOS,"[9, 11, 18]",21,40,18,67598,9,9
BIOS,"[9, 11, 18]",21,40,19,28236,18,11
BIOS,"[9, 11, 18]",22,40,0,59974,18,9
BIOS,"[9, 11, 18]",22,40,1,80,11,11
BIOS,"[9, 11, 18]",22,40,2,26103,11,18
BIOS,"[9, 11, 18]",22,40,3,91114,18,9
BIOS,"[9, 11, 18]",22,40,4,15262,18,18
BIOS,"[9, 11, 18]",22,40,5,16700,9,9
BIOS,"[9, 11, 18]",22,40,6,4174,11,11
BIOS,"[9, 11, 18]",22,40,7,48360,9,18
BIOS,"[9, 11, 18]",22,40,8,4658,18,11
BIOS,"[9, 11, 18]",22,40,9,77821,18,18
BIOS,"[9, 11, 18]",22,40,10,18075,18,18
BIOS,"[9, 11, 18]",22,40,11,41873,9,18
BIOS,"[9, 11, 18]",22,40,12,94639,9,9
BIOS,"[9, 11, 18]",22,40,13,71851,11,9
BIOS,"[9, 11, 18]",22,40,14,89690,9,9
BIOS,"[9, 11, 18]",22,40,15,72468,9,9
BIOS,"[9, 11, 18]",22,40,16,41357,9,11
BIOS,"[9, 11, 18]",22,40,17,63348,11,18
BIOS,"[9, 11, 18]",22,40,18,48006,18,11
BIOS,"[9, 11, 18]",22,40,19,79165,18,18
BIOS,"[9, 11, 18]",23,40,0,1120,9,18
BIOS,"[9, 11, 18]",23,40,1,80299,18,9
BIOS,"[9, 11, 18]",23,40,2,38318,11,11
BIOS,"[9, 11, 18]",23,40,3,82999,18,11
BIOS,"[9, 11, 18]",23,40,4,25422,11,9
BIOS,"[9, 11, 18]",23,40,5,78950,9,9
BIOS,"[9, 11, 18]",23,40,6,67643,9,9
BIOS,"[9, 11, 18]",23,40,7,81414,11,11
BIOS,"[9, 11, 18]",23,40,8,93679,9,11
BIOS,"[9, 11, 18]",23,40,9,23689,9,18
BIOS,"[9, 11, 18]",23,40,10,24502,11,11
BIOS,"[9, 11, 18]",23,40,11,28951,9,11
BIOS,"[9, 11, 18]",23,40,12,65952,9,11
BIOS,"[9, 11, 18]",23,40,13,3534,18,11
BIOS,"[9, 11, 18]",23,40,14,96390,18,9
BIOS,"[9, 11, 18]",23,40,15,61692,18,18
BIOS,"[9, 11, 18]",23,40,16,47568,9,11
BIOS,"[9, 11, 18]",23,40,17,73896,18,18
BIOS,"[9, 11, 18]",23,40,18,94210,11,11
BIOS,"[9, 11, 18]",23,40,19,71988,11,18
BIOS,"[9, 11, 18]",24,40,0,84047,9,11
BIOS,"[9, 11, 18]",24,40,1,37776,18,9
BIOS,"[9, 11, 18]",24,40,2,80071,11,11
BIOS,"[9, 11, 18]",24,40,3,13519,18,11
BIOS,"[9, 11, 18]",24,40,4,36379,9,11
BIOS,"[9, 11, 18]",24,40,5,48445,18,11
BIOS,"[9, 11, 18]",24,40,6,8118,9,9
BIOS,"[9, 11, 18]",24,40,7,85743,18,18
BIOS,"[9, 11, 18]",24,40,8,77707,9,18
BIOS,"[9, 11, 18]",24,40,9,24494,9,18
BIOS,"[9, 11, 18]",24,40,10,46621,11,18
BIOS,"[9, 11, 18]",24,40,11,80299,18,9
BIOS,"[9, 11, 18]",24,40,12,50811,18,18
BIOS,"[9, 11, 18]",24,40,13,83013,9,18
BIOS,"[9, 11, 18]",24,40,14,22234,18,9
BIOS,"[9, 11, 18]",24,40,15,55747,9,9
BIOS,"[9, 11, 18]",24,40,16,8544,9,18
BIOS,"[9, 11, 18]",24,40,17,91358,11,11
BIOS,"[9, 11, 18]",24,40,18,6985,9,9
BIOS,"[9, 11, 18]",24,40,19,87595,18,9
BIOS,"[9, 11, 18]",25,40,0,45074,18,18
BIOS,"[9, 11, 18]",25,40,1,38345,18,18
BIOS,"[9, 11, 18]",25,40,2,2579,11,11
BIOS,"[9, 11, 18]",25,40,3,90271,18,9
BIOS,"[9, 11, 18]",25,40,4,62313,9,9
BIOS,"[9, 11, 18]",25,40,5,43640,18,18
BIOS,"[9, 11, 18]",25,40,6,53071,11,9
BIOS,"[9, 11, 18]",25,40,7,94551,11,18
BIOS,"[9, 11, 18]",25,40,8,54923,9,18
BIOS,"[9, 11, 18]",25,40,9,58719,9,18
BIOS,"[9, 11, 18]",25,40,10,79627,9,9
BIOS,"[9, 11, 18]",25,40,11,53230,9,11
BIOS,"[9, 11, 18]",25,40,12,68721,11,9
BIOS,"[9, 11, 18]",25,40,13,72697,18,18
BIOS,"[9, 11, 18]",25,40,14,7334,11,18
BIOS,"[9, 11, 18]",25,40,15,35174,18,18
BIOS,"[9, 11, 18]",25,40,16,22105,11,18
BIOS,"[9, 11, 18]",25,40,17,65020,9,18
BIOS,"[9, 11, 18]",25,40,18,24270,18,18
BIOS,"[9, 11, 18]",25,40,19,74866,18,18
BIOS,"[9, 11, 18]",26,40,0,20901,11,11
BIOS,"[9, 11, 18]",26,40,1,65020,9,18
BIOS,"[9, 11, 18]",26,40,2,58466,11,9
BIOS,"[9, 11, 18]",26,40,3,36853,9,9
BIOS,"[9, 11, 18]",26,40,4,85766,18,18
BIOS,"[9, 11, 18]",26,40,5,73050,9,18
BIOS,"[9, 11, 18]",26,40,6,59642,11,11
BIOS,"[9, 11, 18]",26,40,7,5080,11,11
BIOS,"[9, 11, 18]",26,40,8,63757,18,18
BIOS,"[9, 11, 18]",26,40,9,17636,11,11
BIOS,"[9, 11, 18]",26,40,10,61916,11,11
BIOS,"[9, 11, 18]",26,40,11,24494,9,18
BIOS,"[9, 11, 18]",26,40,12,87836,9,11
BIOS,"[9, 11, 18]",26,40,13,14415,11,11
BIOS,"[9, 11, 18]",26,40,14,816,9,9
BIOS,"[9, 11, 18]",26,40,15,91081,18,9
BIOS,"[9, 11, 18]",26,40,16,91744,9,9
BIOS,"[9, 11, 18]",26,40,17,51916,18,9
BIOS,"[9, 11, 18]",26,40,18,19473,9,11
BIOS,"[9, 11, 18]",26,40,19,1250,11,18
BIOS,"[9, 11, 18]",27,40,0,52560,9,9
BIOS,"[9, 11, 18]",27,40,1,68880,9,11
BIOS,"[9, 11, 18]",27,40,2,19875,11,11
BIOS,"[9, 11, 18]",27,40,3,23377,18,9
BIOS,"[9, 11, 18]",27,40,4,82849,9,9
BIOS,"[9, 11, 18]",27,40,5,95043,18,11
BIOS,"[9, 11, 18]",27,40,6,42036,11,11
BIOS,"[9, 11, 18]",27,40,7,36379,9,11
BIOS,"[9, 11, 18]",27,40,8,94626,9,9
BIOS,"[9, 11, 18]",27,40,9,67189,18,9
BIOS,"[9, 11, 18]",27,40,10,83077,18,11
BIOS,"[9, 11, 18]",27,40,11,86507,18,18
BIOS,"[9, 11, 18]",27,40,12,41313,9,18
BIOS,"[9, 11, 18]",27,40,13,51916,18,9
BIOS,"[9, 11, 18]",27,40,14,43526,9,11
BIOS,"[9, 11, 18]",27,40,15,37704,18,18
BIOS,"[9, 11, 18]",27,40,16,28530,11,18
BIOS,"[9, 11, 18]",27,40,17,82359,9,11
BIOS,"[9, 11, 18]",27,40,18,21594,11,9
BIOS,"[9, 11, 18]",27,40,19,71851,11,9
BIOS,"[9, 11, 18]",28,40,0,90671,11,18
BIOS,"[9, 11, 18]",28,40,1,34942,11,11
BIOS,"[9, 11, 18]",28,40,2,37854,11,11
BIOS,"[9, 11, 18]",28,40,3,128,11,9
BIOS,"[9, 11, 18]",28,40,4,70092,18,9
BIOS,"[9, 11, 18]",28,40,5,13390,9,9
BIOS,"[9, 11, 18]",28,40,6,58466,11,9
BIOS,"[9, 11, 18]",28,40,7,19432,11,18
BIOS,"[9, 11, 18]",28,40,8,11750,9,11
BIOS,"[9, 11, 18]",28,40,9,78,9,9
BIOS,"[9, 11, 18]",28,40,10,48932,9,9
BIOS,"[9, 11, 18]",28,40,11,45382,11,11
BIOS,"[9, 11, 18]",28,40,12,82863,11,18
BIOS,"[9, 11, 18]",28,40,13,34772,9,11
BIOS,"[9, 11, 18]",28,40,14,4495,18,9
BIOS,"[9, 11, 18]",28,40,15,8037,18,18
BIOS,"[9, 11, 18]",28,40,16,23849,11,11
BIOS,"[9, 11, 18]",28,40,17,68004,18,18
BIOS,"[9, 11, 18]",28,40,18,90309,18,9
BIOS,"[9, 11, 18]",28,40,19,32471,9,9
BIOS,"[9, 11, 18]",29,40,0,42895,18,18
BIOS,"[9, 11, 18]",29,40,1,17530,18,18
BIOS,"[9, 11, 18]",29,40,2,58921,18,11
BIOS,"[9, 11, 18]",29,40,3,66205,9,18
BIOS,"[9, 11, 18]",29,40,4,96722,18,18
BIOS,"[9, 11, 18]",29,40,5,59014,11,9
BIOS,"[9, 11, 18]",29,40,6,13519,18,11
BIOS,"[9, 11, 18]",29,40,7,68640,9,9
BIOS,"[9, 11, 18]",29,40,8,27413,9,11
BIOS,"[9, 11, 18]",29,40,9,18708,18,18
BIOS,"[9, 11, 18]",29,40,10,78967,9,9
BIOS,"[9, 11, 18]",29,40,11,14078,11,11
BIOS,"[9, 11, 18]",29,40,12,20032,11,11
BIOS,"[9, 11, 18]",29,40,13,29313,18,18
BIOS,"[9, 11, 18]",29,40,14,98987,18,18
BIOS,"[9, 11, 18]",29,40,15,49346,9,11
BIOS,"[9, 11, 18]",29,40,16,15013,11,11
BIOS,"[9, 11, 18]",29,40,17,98811,18,9
BIOS,"[9, 11, 18]",29,40,18,63318,9,9
BIOS,"[9, 11, 18]",29,40,19,23093,11,18
BIOS,"[9, 11, 18]",30,40,0,21899,18,9
BIOS,"[9, 11, 18]",30,40,1,82498,18,11
BIOS,"[9, 11, 18]",30,40,2,6387,18,18
BIOS,"[9, 11, 18]",30,40,3,43967,9,18
BIOS,"[9, 11, 18]",30,40,4,67452,11,18
BIOS,"[9, 11, 18]",30,40,5,43848,11,11
BIOS,"[9, 11, 18]",30,40,6,67189,18,9
BIOS,"[9, 11, 18]",30,40,7,25709,9,11
BIOS,"[9, 11, 18]",30,40,8,38451,9,11
BIOS,"[9, 11, 18]",30,40,9,23228,11,11
BIOS,"[9, 11, 18]",30,40,10,8476,11,11
BIOS,"[9, 11, 18]",30,40,11,25744,9,11
BIOS,"[9, 11, 18]",30,40,12,17352,18,18
BIOS,"[9, 11, 18]",30,40,13,96798,9,9
BIOS,"[9, 11, 18]",30,40,14,63050,11,11
BIOS,"[9, 11, 18]",30,40,15,84399,11,11
BIOS,"[9, 11, 18]",30,40,16,70309,9,9
BIOS,"[9, 11, 18]",30,40,17,1250,11,18
BIOS,"[9, 11, 18]",30,40,18,42387,9,9
BIOS,"[9, 11, 18]",30,40,19,58986,11,11
BIOS,"[9, 11, 18]",31,40,0,89801,9,9
BIOS,"[9, 11, 18]",31,40,1,6524,9,11
BIOS,"[9, 11, 18]",31,40,2,70642,11,18
BIOS,"[9, 11, 18]",31,40,3,79131,18,18
BIOS,"[9, 11, 18]",31,40,4,82361,11,11
BIOS,"[9, 11, 18]",31,40,5,90271,18,9
BIOS,"[9, 11, 18]",31,40,6,64842,11,18
BIOS,"[9, 11, 18]",31,40,7,66666,18,18
BIOS,"[9, 11, 18]",31,40,8,31710,9,9
BIOS,"[9, 11, 18]",31,40,9,88362,18,18
BIOS,"[9, 11, 18]",31,40,10,43912,18,9
BIOS,"[9, 11, 18]",31,40,11,1005,18,9
BIOS,"[9, 11, 18]",31,40,12,71025,11,11
BIOS,"[9, 11, 18]",31,40,13,24826,11,18
BIOS,"[9, 11, 18]",31,40,14,81900,11,9
BIOS,"[9, 11, 18]",31,40,15,23841,18,11
BIOS,"[9, 11, 18]",31,40,16,79615,18,11
BIOS,"[9, 11, 18]",31,40,17,79720,9,9
BIOS,"[9, 11, 18]",31,40,18,59014,11,9
BIOS,"[9, 11, 18]",31,40,19,77037,9,9
BIOS,"[9, 11, 18]",32,40,0,67189,18,9
BIOS,"[9, 11, 18]",32,40,1,30653,18,11
BIOS,"[9, 11, 18]",32,40,2,90949,9,18
BIOS,"[9, 11, 18]",32,40,3,27156,11,11
BIOS,"[9, 11, 18]",32,40,4,58719,9,18
BIOS,"[9, 11, 18]",32,40,5,12281,11,9
BIOS,"[9, 11, 18]",32,40,6,81500,11,11
BIOS,"[9, 11, 18]",32,40,7,72858,9,9
BIOS,"[9, 11, 18]",32,40,8,24334,18,18
BIOS,"[9, 11, 18]",32,40,9,96078,11,11
BIOS,"[9, 11, 18]",32,40,10,50767,9,9
BIOS,"[9, 11, 18]",32,40,11,75205,11,11
BIOS,"[9, 11, 18]",32,40,12,88410,18,9
BIOS,"[9, 11, 18]",32,40,13,34851,18,18
BIOS,"[9, 11, 18]",32,40,14,98780,9,9
BIOS,"[9, 11, 18]",32,40,15,36537,9,11
BIOS,"[9, 11, 18]",32,40,16,52126,18,9
BIOS,"[9, 11, 18]",32,40,17,88787,9,9
BIOS,"[9, 11, 18]",32,40,18,47433,9,11
BIOS,"[9, 11, 18]",32,40,19,51124,9,9
BIOS,"[9, 11, 18]",33,40,0,88986,18,18
BIOS,"[9, 11, 18]",33,40,1,95440,11,11
BIOS,"[9, 11, 18]",33,40,2,13255,9,9
BIOS,"[9, 11, 18]",33,40,3,45077,9,9
BIOS,"[9, 11, 18]",33,40,4,82564,9,18
BIOS,"[9, 11, 18]",33,40,5,11553,9,9
BIOS,"[9, 11, 18]",33,40,6,62062,18,11
BIOS,"[9, 11, 18]",33,40,7,27153,9,9
BIOS,"[9, 11, 18]",33,40,8,89276,11,11
BIOS,"[9, 11, 18]",33,40,9,1495,9,9
BIOS,"[9, 11, 18]",33,40,10,96196,18,9
BIOS,"[9, 11, 18]",33,40,11,41624,9,18
BIOS,"[9, 11, 18]",33,40,12,73938,18,18
BIOS,"[9, 11, 18]",33,40,13,96163,18,18
BIOS,"[9, 11, 18]",33,40,14,26231,11,11
BIOS,"[9, 11, 18]",33,40,15,83077,18,11
BIOS,"[9, 11, 18]",33,40,16,24672,9,11
BIOS,"[9, 11, 18]",33,40,17,46836,9,18
BIOS,"[9, 11, 18]",33,40,18,90736,11,18
BIOS,"[9, 11, 18]",33,40,19,22234,18,9
BIOS,"[9, 11, 18]",34,40,0,93891,11,11
BIOS,"[9, 11, 18]",34,40,1,68238,9,11
BIOS,"[9, 11, 18]",34,40,2,41624,9,18
BIOS,"[9, 11, 18]",34,40,3,39887,18,18
BIOS,"[9, 11, 18]",34,40,4,93679,9,11
BIOS,"[9, 11, 18]",34,40,5,79957,9,9
BIOS,"[9, 11, 18]",34,40,6,84855,11,9
BIOS,"[9, 11, 18]",34,40,7,17425,18,18
BIOS,"[9, 11, 18]",34,40,8,76579,18,9
BIOS,"[9, 11, 18]",34,40,9,84967,9,18
BIOS,"[9, 11, 18]",34,40,10,4060,11,11
BIOS,"[9, 11, 18]",34,40,11,43912,18,9
BIOS,"[9, 11, 18]",34,40,12,70248,11,18
BIOS,"[9, 11, 18]",34,40,13,48006,18,11
BIOS,"[9, 11, 18]",34,40,14,60774,11,18
BIOS,"[9, 11, 18]",34,40,15,21874,11,11
BIOS,"[9, 11, 18]",34,40,16,49016,18,11
BIOS,"[9, 11, 18]",34,40,17,67622,9,11
BIOS,"[9, 11, 18]",34,40,18,88627,11,11
BIOS,"[9, 11, 18]",34,40,19,65949,9,9
BIOS,"[9, 11, 18]",35,40,0,88171,9,18
BIOS,"[9, 11, 18]",35,40,1,90380,9,18
BIOS,"[9, 11, 18]",35,40,2,29795,11,11
BIOS,"[9, 11, 18]",35,40,3,8756,9,9
BIOS,"[9, 11, 18]",35,40,4,36185,11,11
BIOS,"[9, 11, 18]",35,40,5,74202,11,11
BIOS,"[9, 11, 18]",35,40,6,81900,11,9
BIOS,"[9, 11, 18]",35,40,7,90379,18,18
BIOS,"[9, 11, 18]",35,40,8,59021,11,11
BIOS,"[9, 11, 18]",35,40,9,29978,11,9
BIOS,"[9, 11, 18]",35,40,10,10733,9,9
BIOS,"[9, 11, 18]",35,40,11,24719,11,11
BIOS,"[9, 11, 18]",35,40,12,78602,9,18
BIOS,"[9, 11, 18]",35,40,13,70741,9,11
BIOS,"[9, 11, 18]",35,40,14,52773,11,11
BIOS,"[9, 11, 18]",35,40,15,60403,18,18
BIOS,"[9, 11, 18]",35,40,16,97671,9,11
BIOS,"[9, 11, 18]",35,40,17,90949,9,18
BIOS,"[9, 11, 18]",35,40,18,59974,18,9
BIOS,"[9, 11, 18]",35,40,19,50127,9,9
BIOS,"[9, 11, 18]",36,40,0,6578,9,9
BIOS,"[9, 11, 18]",36,40,1,94210,11,11
BIOS,"[9, 11, 18]",36,40,2,70586,9,11
BIOS,"[9, 11, 18]",36,40,3,69727,18,18
BIOS,"[9, 11, 18]",36,40,4,84967,9,18
BIOS,"[9, 11, 18]",36,40,5,90076,18,18
BIOS,"[9, 11, 18]",36,40,6,93320,11,11
BIOS,"[9, 11, 18]",36,40,7,55900,11,11
BIOS,"[9, 11, 18]",36,40,8,7024,18,11
BIOS,"[9, 11, 18]",36,40,9,55886,18,18
BIOS,"[9, 11, 18]",36,40,10,18264,18,18
BIOS,"[9, 11, 18]",36,40,11,96196,18,9
BIOS,"[9, 11, 18]",36,40,12,77518,18,9
BIOS,"[9, 11, 18]",36,40,13,89922,11,11
BIOS,"[9, 11, 18]",36,40,14,52034,9,9
BIOS,"[9, 11, 18]",36,40,15,74841,18,11
BIOS,"[9, 11, 18]",36,40,16,35444,11,11
BIOS,"[9, 11, 18]",36,40,17,60175,11,18
BIOS,"[9, 11, 18]",36,40,18,75152,9,11
BIOS,"[9, 11, 18]",36,40,19,11231,11,18
BIOS,"[9, 11, 18]",37,40,0,37885,11,11
BIOS,"[9, 11, 18]",37,40,1,91980,11,11
BIOS,"[9, 11, 18]",37,40,2,33204,9,18
BIOS,"[9, 11, 18]",37,40,3,28036,9,9
BIOS,"[9, 11, 18]",37,40,4,4157,9,9
BIOS,"[9, 11, 18]",37,40,5,21594,11,9
BIOS,"[9, 11, 18]",37,40,6,43896,18,11
BIOS,"[9, 11, 18]",37,40,7,11129,9,9
BIOS,"[9, 11, 18]",37,40,8,7546,18,11
BIOS,"[9, 11, 18]",37,40,9,84527,9,9
BIOS,"[9, 11, 18]",37,40,10,36633,9,9
BIOS,"[9, 11, 18]",37,40,11,94703,18,11
BIOS,"[9, 11, 18]",37,40,12,62689,11,18
BIOS,"[9, 11, 18]",37,40,13,46836,9,18
BIOS,"[9, 11, 18]",37,40,14,12182,18,18
BIOS,"[9, 11, 18]",37,40,15,88178,9,18
BIOS,"[9, 11, 18]",37,40,16,56959,18,18
BIOS,"[9, 11, 18]",37,40,17,3805,11,11
BIOS,"[9, 11, 18]",37,40,18,97473,11,11
BIOS,"[9, 11, 18]",37,40,19,58356,9,18
BIOS,"[9, 11, 18]",38,40,0,11607,18,18
BIOS,"[9, 11, 18]",38,40,1,52839,11,18
BIOS,"[9, 11, 18]",38,40,2,79563,9,18
BIOS,"[9, 11, 18]",38,40,3,41624,9,18
BIOS,"[9, 11, 18]",38,40,4,80113,18,18
BIOS,"[9, 11, 18]",38,40,5,81421,9,11
BIOS,"[9, 11, 18]",38,40,6,24907,18,18
BIOS,"[9, 11, 18]",38,40,7,40936,11,11
BIOS,"[9, 11, 18]",38,40,8,71851,11,9
BIOS,"[9, 11, 18]",38,40,9,57593,18,18
BIOS,"[9, 11, 18]",38,40,10,19802,9,9
BIOS,"[9, 11, 18]",38,40,11,2631,11,11
BIOS,"[9, 11, 18]",38,40,12,77975,11,11
BIOS,"[9, 11, 18]",38,40,13,81084,18,18
BIOS,"[9, 11, 18]",38,40,14,38888,18,9
BIOS,"[9, 11, 18]",38,40,15,21228,9,9
BIOS,"[9, 11, 18]",38,40,16,29496,9,9
BIOS,"[9, 11, 18]",38,40,17,12281,11,9
BIOS,"[9, 11, 18]",38,40,18,95540,18,9
BIOS,"[9, 11, 18]",38,40,19,55652,18,11
BIOS,"[9, 11, 18]",39,40,0,87626,11,11
BIOS,"[9, 11, 18]",39,40,1,21857,9,9
BIOS,"[9, 11, 18]",39,40,2,39863,11,9
BIOS,"[9, 11, 18]",39,40,3,95594,9,18
BIOS,"[9, 11, 18]",39,40,4,48360,9,18
BIOS,"[9, 11, 18]",39,40,5,58466,11,9
BIOS,"[9, 11, 18]",39,40,6,40440,18,18
BIOS,"[9, 11, 18]",39,40,7,76507,18,18
BIOS,"[9, 11, 18]",39,40,8,91430,9,9
BIOS,"[9, 11, 18]",39,40,9,80237,9,9
BIOS,"[9, 11, 18]",39,40,10,98367,9,18
BIOS,"[9, 11, 18]",39,40,11,53229,9,9
BIOS,"[9, 11, 18]",39,40,12,33861,18,18
BIOS,"[9, 11, 18]",39,40,13,67962,18,18
BIOS,"[9, 11, 18]",39,40,14,37893,9,11
BIOS,"[9, 11, 18]",39,40,15,73902,9,11
BIOS,"[9, 11, 18]",39,40,16,24795,18,11
BIOS,"[9, 11, 18]",39,40,17,38628,9,11
BIOS,"[9, 11, 18]",39,40,18,65283,18,9
BIOS,"[9, 11, 18]",39,40,19,23193,11,11
BIOS,"[9, 11, 18]",40,40,0,8544,9,18
BIOS,"[9, 11, 18]",40,40,1,68421,11,11
BIOS,"[9, 11, 18]",40,40,2,1374,18,18
BIOS,"[9, 11, 18]",40,40,3,79964,18,18
BIOS,"[9, 11, 18]",40,40,4,26372,9,9
BIOS,"[9, 11, 18]",40,40,5,90579,9,18
BIOS,"[9, 11, 18]",40,40,6,54755,11,11
BIOS,"[9, 11, 18]",40,40,7,89385,11,18
BIOS,"[9, 11, 18]",40,40,8,21449,18,9
BIOS,"[9, 11, 18]",40,40,9,19968,11,9
BIOS,"[9, 11, 18]",40,40,10,63348,11,18
BIOS,"[9, 11, 18]",40,40,11,42661,9,9
BIOS,"[9, 11, 18]",40,40,12,24577,18,18
BIOS,"[9, 11, 18]",40,40,13,35951,9,9
BIOS,"[9, 11, 18]",40,40,14,13519,18,11
BIOS,"[9, 11, 18]",40,40,15,25907,11,9
BIOS,"[9, 11, 18]",40,40,16,65015,9,11
BIOS,"[9, 11, 18]",40,40,17,28107,9,9
BIOS,"[9, 11, 18]",40,40,18,6728,11,11
BIOS,"[9, 11, 18]",40,40,19,8086,11,18
BIOS,"[9, 11, 18]",41,40,0,93057,11,11
BIOS,"[9, 11, 18]",41,40,1,21899,18,9
BIOS,"[9, 11, 18]",41,40,2,43483,11,18
BIOS,"[9, 11, 18]",41,40,3,45675,9,9
BIOS,"[9, 11, 18]",41,40,4,29496,9,9
BIOS,"[9, 11, 18]",41,40,5,10788,18,11
BIOS,"[9, 11, 18]",41,40,6,27986,18,11
BIOS,"[9, 11, 18]",41,40,7,24400,18,18
BIOS,"[9, 11, 18]",41,40,8,37992,18,18
BIOS,"[9, 11, 18]",41,40,9,83718,9,11
BIOS,"[9, 11, 18]",41,40,10,91642,9,18
BIOS,"[9, 11, 18]",41,40,11,10485,9,9
BIOS,"[9, 11, 18]",41,40,12,5233,11,18
BIOS,"[9, 11, 18]",41,40,13,73755,18,18
BIOS,"[9, 11, 18]",41,40,14,25907,11,9
BIOS,"[9, 11, 18]",41,40,15,81609,9,9
BIOS,"[9, 11, 18]",41,40,16,66548,18,18
BIOS,"[9, 11, 18]",41,40,17,94058,11,11
BIOS,"[9, 11, 18]",41,40,18,97947,18,11
BIOS,"[9, 11, 18]",41,40,19,91119,18,18
BIOS,"[9, 11, 18]",42,40,0,63598,18,18
BIOS,"[9, 11, 18]",42,40,1,12281,11,9
BIOS,"[9, 11, 18]",42,40,2,65328,11,11
BIOS,"[9, 11, 18]",42,40,3,26014,11,11
BIOS,"[9, 11, 18]",42,40,4,66205,9,18
BIOS,"[9, 11, 18]",42,40,5,81108,18,18
BIOS,"[9, 11, 18]",42,40,6,22467,9,9
BIOS,"[9, 11, 18]",42,40,7,60712,9,9
BIOS,"[9, 11, 18]",42,40,8,58466,11,9
BIOS,"[9, 11, 18]",42,40,9,68238,9,11
BIOS,"[9, 11, 18]",42,40,10,42748,18,18
BIOS,"[9, 11, 18]",42,40,11,17041,11,11
BIOS,"[9, 11, 18]",42,40,12,11780,18,18
BIOS,"[9, 11, 18]",42,40,13,25807,9,11
BIOS,"[9, 11, 18]",42,40,14,77053,18,11
BIOS,"[9, 11, 18]",42,40,15,59410,11,18
BIOS,"[9, 11, 18]",42,40,16,81900,11,9
BIOS,"[9, 11, 18]",42,40,17,32277,9,11
BIOS,"[9, 11, 18]",42,40,18,60793,11,11
BIOS,"[9, 11, 18]",42,40,19,28449,11,18
BIOS,"[9, 11, 18]",43,40,0,54443,18,18
BIOS,"[9, 11, 18]",43,40,1,96144,18,11
BIOS,"[9, 11, 18]",43,40,2,91945,9,18
BIOS,"[9, 11, 18]",43,40,3,43912,18,9
BIOS,"[9, 11, 18]",43,40,4,50525,18,18
BIOS,"[9, 11, 18]",43,40,5,33477,11,18
BIOS,"[9, 11, 18]",43,40,6,2919,9,9
BIOS,"[9, 11, 18]",43,40,7,17068,18,9
BIOS,"[9, 11, 18]",43,40,8,34099,9,11
BIOS,"[9, 11, 18]",43,40,9,24566,18,18
BIOS,"[9, 11, 18]",43,40,10,42030,18,9
BIOS,"[9, 11, 18]",43,40,11,75381,11,11
BIOS,"[9, 11, 18]",43,40,12,18278,9,9
BIOS,"[9, 11, 18]",43,40,13,96942,18,11
BIOS,"[9, 11, 18]",43,40,14,45365,9,9
BIOS,"[9, 11, 18]",43,40,15,98841,18,18
BIOS,"[9, 11, 18]",43,40,16,72156,11,18
BIOS,"[9, 11, 18]",43,40,17,48836,18,11
BIOS,"[9, 11, 18]",43,40,18,80692,9,9
BIOS,"[9, 11, 18]",43,40,19,38628,9,11
BIOS,"[9, 11, 18]",44,40,0,43793,9,18
BIOS,"[9, 11, 18]",44,40,1,31173,9,9
BIOS,"[9, 11, 18]",44,40,2,75994,9,9
BIOS,"[9, 11, 18]",44,40,3,19305,9,9
BIOS,"[9, 11, 18]",44,40,4,86482,18,18
BIOS,"[9, 11, 18]",44,40,5,45790,11,18
BIOS,"[9, 11, 18]",44,40,6,404,11,9
BIOS,"[9, 11, 18]",44,40,7,44544,18,18
BIOS,"[9, 11, 18]",44,40,8,70812,11,11
BIOS,"[9, 11, 18]",44,40,9,62813,11,11
BIOS,"[9, 11, 18]",44,40,10,82276,18,11
BIOS,"[9, 11, 18]",44,40,11,88178,9,18
BIOS,"[9, 11, 18]",44,40,12,43028,11,11
BIOS,"[9, 11, 18]",44,40,13,1816,11,11
BIOS,"[9, 11, 18]",44,40,14,59014,11,9
BIOS,"[9, 11, 18]",44,40,15,75962,9,11
BIOS,"[9, 11, 18]",44,40,16,15371,9,11
BIOS,"[9, 11, 18]",44,40,17,28991,18,18
BIOS,"[9, 11, 18]",44,40,18,29896,18,18
BIOS,"[9, 11, 18]",44,40,19,90380,9,18
BIOS,"[9, 11, 18]",45,40,0,44112,18,18
BIOS,"[9, 11, 18]",45,40,1,16175,18,18
BIOS,"[9, 11, 18]",45,40,2,46539,9,11
BIOS,"[9, 11, 18]",45,40,3,49618,11,11
BIOS,"[9, 11, 18]",45,40,4,25422,11,9
BIOS,"[9, 11, 18]",45,40,5,30925,9,11
BIOS,"[9, 11, 18]",45,40,6,95565,11,18
BIOS,"[9, 11, 18]",45,40,7,6307,18,11
BIOS,"[9, 11, 18]",45,40,8,86112,18,18
BIOS,"[9, 11, 18]",45,40,9,14724,18,18
BIOS,"[9, 11, 18]",45,40,10,67660,9,9
BIOS,"[9, 11, 18]",45,40,11,72923,9,11
BIOS,"[9, 11, 18]",45,40,12,72733,9,9
BIOS,"[9, 11, 18]",45,40,13,69519,9,9
BIOS,"[9, 11, 18]",45,40,14,58481,11,9
BIOS,"[9, 11, 18]",45,40,15,18256,11,18
BIOS,"[9, 11, 18]",45,40,16,29978,11,9
BIOS,"[9, 11, 18]",45,40,17,38632,11,9
BIOS,"[9, 11, 18]",45,40,18,56493,18,18
BIOS,"[9, 11, 18]",45,40,19,29684,11,11
BIOS,"[9, 11, 18]",46,40,0,74595,11,18
BIOS,"[9, 11, 18]",46,40,1,75362,11,11
BIOS,"[9, 11, 18]",46,40,2,53324,18,11
BIOS,"[9, 11, 18]",46,40,3,82902,9,9
BIOS,"[9, 11, 18]",46,40,4,89194,18,18
BIOS,"[9, 11, 18]",46,40,5,95565,11,18
BIOS,"[9, 11, 18]",46,40,6,91667,9,9
BIOS,"[9, 11, 18]",46,40,7,67537,11,11
BIOS,"[9, 11, 18]",46,40,8,84822,11,11
BIOS,"[9, 11, 18]",46,40,9,64039,9,11
BIOS,"[9, 11, 18]",46,40,10,87675,9,9
BIOS,"[9, 11, 18]",46,40,11,24795,18,11
BIOS,"[9, 11, 18]",46,40,12,34655,11,11
BIOS,"[9, 11, 18]",46,40,13,22234,18,9
BIOS,"[9, 11, 18]",46,40,14,91817,18,18
BIOS,"[9, 11, 18]",46,40,15,60349,18,9
BIOS,"[9, 11, 18]",46,40,16,18676,18,18
BIOS,"[9, 11, 18]",46,40,17,16026,11,11
BIOS,"[9, 11, 18]",46,40,18,41357,9,11
BIOS,"[9, 11, 18]",46,40,19,62114,11,11
BIOS,"[9, 11, 18]",47,40,0,8673,11,11
BIOS,"[9, 11, 18]",47,40,1,43793,9,18
BIOS,"[9, 11, 18]",47,40,2,85457,18,9
BIOS,"[9, 11, 18]",47,40,3,62313,9,9
BIOS,"[9, 11, 18]",47,40,4,55930,9,11
BIOS,"[9, 11, 18]",47,40,5,94738,18,18
BIOS,"[9, 11, 18]",47,40,6,15541,18,11
BIOS,"[9, 11, 18]",47,40,7,37574,11,11
BIOS,"[9, 11, 18]",47,40,8,53877,9,9
BIOS,"[9, 11, 18]",47,40,9,42269,9,18
BIOS,"[9, 11, 18]",47,40,10,4495,18,9
BIOS,"[9, 11, 18]",47,40,11,59410,11,18
BIOS,"[9, 11, 18]",47,40,12,46865,11,11
BIOS,"[9, 11, 18]",47,40,13,88963,9,11
BIOS,"[9, 11, 18]",47,40,14,86343,9,11
BIOS,"[9, 11, 18]",47,40,15,74671,11,18
BIOS,"[9, 11, 18]",47,40,16,75193,9,18
BIOS,"[9, 11, 18]",47,40,17,63928,11,11
BIOS,"[9, 11, 18]",47,40,18,23910,11,11
BIOS,"[9, 11, 18]",47,40,19,80299,18,9
BIOS,"[9, 11, 18]",48,40,0,75394,9,11
BIOS,"[9, 11, 18]",48,40,1,91019,18,18
BIOS,"[9, 11, 18]",48,40,2,47579,9,9
BIOS,"[9, 11, 18]",48,40,3,72310,18,18
BIOS,"[9, 11, 18]",48,40,4,49960,18,18
BIOS,"[9, 11, 18]",48,40,5,88410,18,9
BIOS,"[9, 11, 18]",48,40,6,17293,9,11
BIOS,"[9, 11, 18]",48,40,7,30283,18,18
BIOS,"[9, 11, 18]",48,40,8,16598,18,18
BIOS,"[9, 11, 18]",48,40,9,84855,11,9
BIOS,"[9, 11, 18]",48,40,10,93062,9,9
BIOS,"[9, 11, 18]",48,40,11,59548,9,18
BIOS,"[9, 11, 18]",48,40,12,42269,9,18
BIOS,"[9, 11, 18]",48,40,13,95091,11,11
BIOS,"[9, 11, 18]",48,40,14,28008,11,11
BIOS,"[9, 11, 18]",48,40,15,83718,9,11
BIOS,"[9, 11, 18]",48,40,16,16971,11,11
BIOS,"[9, 11, 18]",48,40,17,15611,11,11
BIOS,"[9, 11, 18]",48,40,18,91772,18,11
BIOS,"[9, 11, 18]",48,40,19,86773,11,11
BIOS,"[9, 11, 18]",49,40,0,86170,18,9
BIOS,"[9, 11, 18]",49,40,1,98491,9,11
BIOS,"[9, 11, 18]",49,40,2,43346,9,18
BIOS,"[9, 11, 18]",49,40,3,86520,11,9
BIOS,"[9, 11, 18]",49,40,4,7068,11,18
BIOS,"[9, 11, 18]",49,40,5,55111,11,11
BIOS,"[9, 11, 18]",49,40,6,76404,18,18
BIOS,"[9, 11, 18]",49,40,7,83862,18,18
BIOS,"[9, 11, 18]",49,40,8,88178,9,18
BIOS,"[9, 11, 18]",49,40,9,80614,11,11
BIOS,"[9, 11, 18]",49,40,10,7381,9,11
BIOS,"[9, 11, 18]",49,40,11,94404,9,9
BIOS,"[9, 11, 18]",49,40,12,69541,11,11
BIOS,"[9, 11, 18]",49,40,13,50368,11,11
BIOS,"[9, 11, 18]",49,40,14,2212,11,11
BIOS,"[9, 11, 18]",49,40,15,98811,18,9
BIOS,"[9, 11, 18]",49,40,16,80121,11,11
BIOS,"[9, 11, 18]",49,40,17,96437,18,18
BIOS,"[9, 11, 18]",49,40,18,90346,9,11
BIOS,"[9, 11, 18]",49,40,19,43076,18,11
E,"[0, 1, 2, 3, 4, 5]",0,40,0,1031,3,0
E,"[0, 1, 2, 3, 4, 5]",0,40,1,1188,0,4
E,"[0, 1, 2, 3, 4, 5]",0,40,2,1401,3,3
E,"[0, 1, 2, 3, 4, 5]",0,40,3,457,4,5
E,"[0, 1, 2, 3, 4, 5]",0,40,4,1270,1,0
E,"[0, 1, 2, 3, 4, 5]",0,40,5,1627,0,1
E,"[0, 1, 2, 3, 4, 5]",0,40,6,1592,2,1
E,"[0, 1, 2, 3, 4, 5]",0,40,7,1190,3,0
E,"[0, 1, 2, 3, 4, 5]",0,40,8,3,1,1
E,"[0, 1, 2, 3, 4, 5]",0,40,9,108,4,5
E,"[0, 1, 2, 3, 4, 5]",0,40,10,1383,0,3
E,"[0, 1, 2, 3, 4, 5]",0,40,11,235,1,1
E,"[0, 1, 2, 3, 4, 5]",0,40,12,1659,0,0
E,"[0, 1, 2, 3, 4, 5]",0,40,13,94,3,4
E,"[0, 1, 2, 3, 4, 5]",0,40,14,382,5,5
E,"[0, 1, 2, 3, 4, 5]",0,40,15,564,3,0
E,"[0, 1, 2, 3, 4, 5]",0,40,16,229,4,4
E,"[0, 1, 2, 3, 4, 5]",0,40,17,1015,2,2
E,"[0, 1, 2, 3, 4, 5]",0,40,18,901,1,2
E,"[0, 1, 2, 3, 4, 5]",0,40,19,307,2,2
E,"[0, 1, 2, 3, 4, 5]",1,40,0,1010,4,3
E,"[0, 1, 2, 3, 4, 5]",1,40,1,1585,1,2
E,"[0, 1, 2, 3, 4, 5]",1,40,2,1003,1,5
E,"[0, 1, 2, 3, 4, 5]",1,40,3,564,3,0
E,"[0, 1, 2, 3, 4, 5]",1,40,4,1718,4,4
E,"[0, 1, 2, 3, 4, 5]",1,40,5,1125,0,0
E,"[0, 1, 2, 3, 4, 5]",1,40,6,419,4,0
E,"[0, 1, 2, 3, 4, 5]",1,40,7,610,3,3
E,"[0, 1, 2, 3, 4, 5]",1,40,8,202,2,2
E,"[0, 1, 2, 3, 4, 5]",1,40,9,1945,2,2
E,"[0, 1, 2, 3, 4, 5]",1,40,10,31,3,3
E,"[0, 1, 2, 3, 4, 5]",1,40,11,1025,3,4
E,"[0, 1, 2, 3, 4, 5]",1,40,12,1024,4,4
E,"[0, 1, 2, 3, 4, 5]",1,40,13,404,2,2
E,"[0, 1, 2, 3, 4, 5]",1,40,14,1383,0,3
E,"[0, 1, 2, 3, 4, 5]",1,40,15,756,1,3
E,"[0, 1, 2, 3, 4, 5]",1,40,16,1168,4,4
E,"[0, 1, 2, 3, 4, 5]",1,40,17,457,4,5
E,"[0, 1, 2, 3, 4, 5]",1,40,18,1533,3,0
E,"[0, 1, 2, 3, 4, 5]",1,40,19,1195,0,1
E,"[0, 1, 2, 3, 4, 5]",2,40,0,1655,4,0
E,"[0, 1, 2, 3, 4, 5]",2,40,1,1956,1,5
E,"[0, 1, 2, 3, 4, 5]",2,40,2,5,4,4
E,"[0, 1, 2, 3, 4, 5]",2,40,3,1747,4,5
E,"[0, 1, 2, 3, 4, 5]",2,40,4,1739,2,2
E,"[0, 1, 2, 3, 4, 5]",2,40,5,1321,4,4
E,"[0, 1, 2, 3, 4, 5]",2,40,6,1691,3,3
E,"[0, 1, 2, 3, 4, 5]",2,40,7,1026,0,4
E,"[0, 1, 2, 3, 4, 5]",2,40,8,471,0,0
E,"[0, 1, 2, 3, 4, 5]",2,40,9,1697,0,0
E,"[0, 1, 2, 3, 4, 5]",2,40,10,1187,5,5
E,"[0, 1, 2, 3, 4, 5]",2,40,11,1561,4,4
E,"[0, 1, 2, 3, 4, 5]",2,40,12,111,2,1
E,"[0, 1, 2, 3, 4, 5]",2,40,13,1048,5,4
E,"[0, 1, 2, 3, 4, 5]",2,40,14,426,0,4
E,"[0, 1, 2, 3, 4, 5]",2,40,15,904,0,0
E,"[0, 1, 2, 3, 4, 5]",2,40,16,1093,0,3
E,"[0, 1, 2, 3, 4, 5]",2,40,17,529,2,1
E,"[0, 1, 2, 3, 4, 5]",2,40,18,625,5,4
E,"[0, 1, 2, 3, 4, 5]",2,40,19,637,1,2
E,"[0, 1, 2, 3, 4, 5]",3,40,0,30,4,4
E,"[0, 1, 2, 3, 4, 5]",3,40,1,529,2,1
E,"[0, 1, 2, 3, 4, 5]",3,40,2,1583,1,2
E,"[0, 1, 2, 3, 4, 5]",3,40,3,1874,4,4
E,"[0, 1, 2, 3, 4, 5]",3,40,4,1072,2,2
E,"[0, 1, 2, 3, 4, 5]",3,40,5,1701,2,2
E,"[0, 1, 2, 3, 4, 5]",3,40,6,879,5,5
E,"[0, 1, 2, 3, 4, 5]",3,40,7,639,1,2
E,"[0, 1, 2, 3, 4, 5]",3,40,8,1185,5,5
E,"[0, 1, 2, 3, 4, 5]",3,40,9,832,4,5
E,"[0, 1, 2, 3, 4, 5]",3,40,10,630,2,2
E,"[0, 1, 2, 3, 4, 5]",3,40,11,1080,0,0
E,"[0, 1, 2, 3, 4, 5]",3,40,12,208,4,4
E,"[0, 1, 2, 3, 4, 5]",3,40,13,1653,4,4
E,"[0, 1, 2, 3, 4, 5]",3,40,14,1393,0,0
E,"[0, 1, 2, 3, 4, 5]",3,40,15,875,5,5
E,"[0, 1, 2, 3, 4, 5]",3,40,16,64,0,0
E,"[0, 1, 2, 3, 4, 5]",3,40,17,929,1,1
E,"[0, 1, 2, 3, 4, 5]",3,40,18,775,1,1
E,"[0, 1, 2, 3, 4, 5]",3,40,19,583,1,1
E,"[0, 1, 2, 3, 4, 5]",4,40,0,1477,4,4
E,"[0, 1, 2, 3, 4, 5]",4,40,1,65,5,5
E,"[0, 1, 2, 3, 4, 5]",4,40,2,254,2,2
E,"[0, 1, 2, 3, 4, 5]",4,40,3,1317,1,1
E,"[0, 1, 2, 3, 4, 5]",4,40,4,68,4,4
E,"[0, 1, 2, 3, 4, 5]",4,40,5,790,1,2
E,"[0, 1, 2, 3, 4, 5]",4,40,6,970,3,3
E,"[0, 1, 2, 3, 4, 5]",4,40,7,1117,2,2
E,"[0, 1, 2, 3, 4, 5]",4,40,8,10,4,3
E,"[0, 1, 2, 3, 4, 5]",4,40,9,292,2,2
E,"[0, 1, 2, 3, 4, 5]",4,40,10,1167,0,0
E,"[0, 1, 2, 3, 4, 5]",4,40,11,1038,4,4
E,"[0, 1, 2, 3, 4, 5]",4,40,12,1154,1,2
E,"[0, 1, 2, 3, 4, 5]",4,40,13,72,5,4
E,"[0, 1, 2, 3, 4, 5]",4,40,14,402,5,5
E,"[0, 1, 2, 3, 4, 5]",4,40,15,845,1,2
E,"[0, 1, 2, 3, 4, 5]",4,40,16,657,3,0
E,"[0, 1, 2, 3, 4, 5]",4,40,17,1978,0,3
E,"[0, 1, 2, 3, 4, 5]",4,40,18,263,3,3
E,"[0, 1, 2, 3, 4, 5]",4,40,19,928,1,1
E,"[0, 1, 2, 3, 4, 5]",5,40,0,523,3,3
E,"[0, 1, 2, 3, 4, 5]",5,40,1,1533,3,0
E,"[0, 1, 2, 3, 4, 5]",5,40,2,1535,3,3
E,"[0, 1, 2, 3, 4, 5]",5,40,3,1205,5,5
E,"[0, 1, 2, 3, 4, 5]",5,40,4,1621,0,3
E,"[0, 1, 2, 3, 4, 5]",5,40,5,429,4,5
E,"[0, 1, 2, 3, 4, 5]",5,40,6,454,4,4
E,"[0, 1, 2, 3, 4, 5]",5,40,7,1589,1,2
E,"[0, 1, 2, 3, 4, 5]",5,40,8,1887,1,2
E,"[0, 1, 2, 3, 4, 5]",5,40,9,755,0,0
E,"[0, 1, 2, 3, 4, 5]",5,40,10,671,5,4
E,"[0, 1, 2, 3, 4, 5]",5,40,11,1629,3,3
E,"[0, 1, 2, 3, 4, 5]",5,40,12,1160,1,1
E,"[0, 1, 2, 3, 4, 5]",5,40,13,969,5,5
E,"[0, 1, 2, 3, 4, 5]",5,40,14,546,1,2
E,"[0, 1, 2, 3, 4, 5]",5,40,15,1003,1,5
E,"[0, 1, 2, 3, 4, 5]",5,40,16,1943,0,3
E,"[0, 1, 2, 3, 4, 5]",5,40,17,1195,0,1
E,"[0, 1, 2, 3, 4, 5]",5,40,18,722,1,1
E,"[0, 1, 2, 3, 4, 5]",5,40,19,317,5,5
E,"[0, 1, 2, 3, 4, 5]",6,40,0,884,0,0
E,"[0, 1, 2, 3, 4, 5]",6,40,1,1029,0,0
E,"[0, 1, 2, 3, 4, 5]",6,40,2,96,2,2
E,"[0, 1, 2, 3, 4, 5]",6,40,3,1876,3,0
E,"[0, 1, 2, 3, 4, 5]",6,40,4,1639,1,1
E,"[0, 1, 2, 3, 4, 5]",6,40,5,1506,1,3
E,"[0, 1, 2, 3, 4, 5]",6,40,6,660,3,1
E,"[0, 1, 2, 3, 4, 5]",6,40,7,1360,1,2
E,"[0, 1, 2, 3, 4, 5]",6,40,8,832,4,5
E,"[0, 1, 2, 3, 4, 5]",6,40,9,692,4,4
E,"[0, 1, 2, 3, 4, 5]",6,40,10,968,3,3
E,"[0, 1, 2, 3, 4, 5]",6,40,11,94,3,4
E,"[0, 1, 2, 3, 4, 5]",6,40,12,1146,2,1
E,"[0, 1, 2, 3, 4, 5]",6,40,13,543,5,5
E,"[0, 1, 2, 3, 4, 5]",6,40,14,1078,3,3
E,"[0, 1, 2, 3, 4, 5]",6,40,15,199,1,1
E,"[0, 1, 2, 3, 4, 5]",6,40,16,869,2,2
E,"[0, 1, 2, 3, 4, 5]",6,40,17,1467,4,3
E,"[0, 1, 2, 3, 4, 5]",6,40,18,520,2,1
E,"[0, 1, 2, 3, 4, 5]",6,40,19,108,4,5
E,"[0, 1, 2, 3, 4, 5]",7,40,0,816,3,1
E,"[0, 1, 2, 3, 4, 5]",7,40,1,664,3,3
E,"[0, 1, 2, 3, 4, 5]",7,40,2,654,1,3
E,"[0, 1, 2, 3, 4, 5]",7,40,3,1782,1,4
E,"[0, 1, 2, 3, 4, 5]",7,40,4,69,5,5
E,"[0, 1, 2, 3, 4, 5]",7,40,5,1609,4,4
E,"[0, 1, 2, 3, 4, 5]",7,40,6,272,4,4
E,"[0, 1, 2, 3, 4, 5]",7,40,7,1117,2,2
E,"[0, 1, 2, 3, 4, 5]",7,40,8,705,5,4
E,"[0, 1, 2, 3, 4, 5]",7,40,9,1508,4,4
E,"[0, 1, 2, 3, 4, 5]",7,40,10,1621,0,3
E,"[0, 1, 2, 3, 4, 5]",7,40,11,72,5,4
E,"[0, 1, 2, 3, 4, 5]",7,40,12,1772,1,2
E,"[0, 1, 2, 3, 4, 5]",7,40,13,429,4,5
E,"[0, 1, 2, 3, 4, 5]",7,40,14,1911,5,5
E,"[0, 1, 2, 3, 4, 5]",7,40,15,1970,2,2
E,"[0, 1, 2, 3, 4, 5]",7,40,16,531,1,2
E,"[0, 1, 2, 3, 4, 5]",7,40,17,234,4,0
E,"[0, 1, 2, 3, 4, 5]",7,40,18,1905,0,0
E,"[0, 1, 2, 3, 4, 5]",7,40,19,1330,1,1
E,"[0, 1, 2, 3, 4, 5]",8,40,0,1560,0,4
E,"[0, 1, 2, 3, 4, 5]",8,40,1,1677,4,5
E,"[0, 1, 2, 3, 4, 5]",8,40,2,203,1,1
E,"[0, 1, 2, 3, 4, 5]",8,40,3,1537,1,2
E,"[0, 1, 2, 3, 4, 5]",8,40,4,20,0,1
E,"[0, 1, 2, 3, 4, 5]",8,40,5,1887,1,2
E,"[0, 1, 2, 3, 4, 5]",8,40,6,498,1,1
E,"[0, 1, 2, 3, 4, 5]",8,40,7,1899,2,2
E,"[0, 1, 2, 3, 4, 5]",8,40,8,1051,5,1
E,"[0, 1, 2, 3, 4, 5]",8,40,9,1258,4,4
E,"[0, 1, 2, 3, 4, 5]",8,40,10,1984,3,3
E,"[0, 1, 2, 3, 4, 5]",8,40,11,1117,2,2
E,"[0, 1, 2, 3, 4, 5]",8,40,12,1185,5,5
E,"[0, 1, 2, 3, 4, 5]",8,40,13,1025,3,4
E,"[0, 1, 2, 3, 4, 5]",8,40,14,1032,0,0
E,"[0, 1, 2, 3, 4, 5]",8,40,15,1842,1,5
E,"[0, 1, 2, 3, 4, 5]",8,40,16,316,2,2
E,"[0, 1, 2, 3, 4, 5]",8,40,17,1124,0,0
E,"[0, 1, 2, 3, 4, 5]",8,40,18,701,1,1
E,"[0, 1, 2, 3, 4, 5]",8,40,19,1138,3,3
E,"[0, 1, 2, 3, 4, 5]",9,40,0,1568,1,1
E,"[0, 1, 2, 3, 4, 5]",9,40,1,1743,4,4
E,"[0, 1, 2, 3, 4, 5]",9,40,2,922,3,4
E,"[0, 1, 2, 3, 4, 5]",9,40,3,1918,0,0
E,"[0, 1, 2, 3, 4, 5]",9,40,4,694,4,5
E,"[0, 1, 2, 3, 4, 5]",9,40,5,249,5,4
E,"[0, 1, 2, 3, 4, 5]",9,40,6,125,2,3
E,"[0, 1, 2, 3, 4, 5]",9,40,7,319,4,5
E,"[0, 1, 2, 3, 4, 5]",9,40,8,1721,5,5
E,"[0, 1, 2, 3, 4, 5]",9,40,9,1150,0,3
E,"[0, 1, 2, 3, 4, 5]",9,40,10,181,1,1
E,"[0, 1, 2, 3, 4, 5]",9,40,11,1253,5,0
E,"[0, 1, 2, 3, 4, 5]",9,40,12,1257,3,3
E,"[0, 1, 2, 3, 4, 5]",9,40,13,683,0,0
E,"[0, 1, 2, 3, 4, 5]",9,40,14,1202,5,5
E,"[0, 1, 2, 3, 4, 5]",9,40,15,982,2,2
E,"[0, 1, 2, 3, 4, 5]",9,40,16,1382,5,0
E,"[0, 1, 2, 3, 4, 5]",9,40,17,1755,0,0
E,"[0, 1, 2, 3, 4, 5]",9,40,18,1990,2,2
E,"[0, 1, 2, 3, 4, 5]",9,40,19,149,2,1
E,"[0, 1, 2, 3, 4, 5]",10,40,0,897,1,5
E,"[0, 1, 2, 3, 4, 5]",10,40,1,299,3,3
E,"[0, 1, 2, 3, 4, 5]",10,40,2,1759,0,0
E,"[0, 1, 2, 3, 4, 5]",10,40,3,591,0,4
E,"[0, 1, 2, 3, 4, 5]",10,40,4,125,2,3
E,"[0, 1, 2, 3, 4, 5]",10,40,5,136,4,4
E,"[0, 1, 2, 3, 4, 5]",10,40,6,341,2,2
E,"[0, 1, 2, 3, 4, 5]",10,40,7,643,2,2
E,"[0, 1, 2, 3, 4, 5]",10,40,8,1351,1,1
E,"[0, 1, 2, 3, 4, 5]",10,40,9,1262,1,1
E,"[0, 1, 2, 3, 4, 5]",10,40,10,394,4,4
E,"[0, 1, 2, 3, 4, 5]",10,40,11,1079,3,3
E,"[0, 1, 2, 3, 4, 5]",10,40,12,1146,2,1
E,"[0, 1, 2, 3, 4, 5]",10,40,13,845,1,2
E,"[0, 1, 2, 3, 4, 5]",10,40,14,26,3,3
E,"[0, 1, 2, 3, 4, 5]",10,40,15,1533,3,0
E,"[0, 1, 2, 3, 4, 5]",10,40,16,1961,2,2
E,"[0, 1, 2, 3, 4, 5]",10,40,17,832,4,5
E,"[0, 1, 2, 3, 4, 5]",10,40,18,159,0,0
E,"[0, 1, 2, 3, 4, 5]",10,40,19,1181,5,5
E,"[0, 1, 2, 3, 4, 5]",11,40,0,239,1,1
E,"[0, 1, 2, 3, 4, 5]",11,40,1,322,0,3
E,"[0, 1, 2, 3, 4, 5]",11,40,2,415,1,5
E,"[0, 1, 2, 3, 4, 5]",11,40,3,729,1,2
E,"[0, 1, 2, 3, 4, 5]",11,40,4,117,4,4
E,"[0, 1, 2, 3, 4, 5]",11,40,5,1797,5,5
E,"[0, 1, 2, 3, 4, 5]",11,40,6,439,0,0
E,"[0, 1, 2, 3, 4, 5]",11,40,7,1062,4,5
E,"[0, 1, 2, 3, 4, 5]",11,40,8,1187,5,5
E,"[0, 1, 2, 3, 4, 5]",11,40,9,1070,5,4
E,"[0, 1, 2, 3, 4, 5]",11,40,10,290,5,0
E,"[0, 1, 2, 3, 4, 5]",11,40,11,418,3,0
E,"[0, 1, 2, 3, 4, 5]",11,40,12,202,2,2
E,"[0, 1, 2, 3, 4, 5]",11,40,13,917,1,2
E,"[0, 1, 2, 3, 4, 5]",11,40,14,487,3,3
E,"[0, 1, 2, 3, 4, 5]",11,40,15,1935,4,3
E,"[0, 1, 2, 3, 4, 5]",11,40,16,1195,0,1
E,"[0, 1, 2, 3, 4, 5]",11,40,17,1258,4,4
E,"[0, 1, 2, 3, 4, 5]",11,40,18,639,1,2
E,"[0, 1, 2, 3, 4, 5]",11,40,19,1007,3,3
E,"[0, 1, 2, 3, 4, 5]",12,40,0,1627,0,1
E,"[0, 1, 2, 3, 4, 5]",12,40,1,1084,0,0
E,"[0, 1, 2, 3, 4, 5]",12,40,2,1876,3,0
E,"[0, 1, 2, 3, 4, 5]",12,40,3,654,1,3
E,"[0, 1, 2, 3, 4, 5]",12,40,4,356,2,2
E,"[0, 1, 2, 3, 4, 5]",12,40,5,1185,5,5
E,"[0, 1, 2, 3, 4, 5]",12,40,6,365,1,1
E,"[0, 1, 2, 3, 4, 5]",12,40,7,1017,2,2
E,"[0, 1, 2, 3, 4, 5]",12,40,8,156,1,1
E,"[0, 1, 2, 3, 4, 5]",12,40,9,228,2,2
E,"[0, 1, 2, 3, 4, 5]",12,40,10,815,1,2
E,"[0, 1, 2, 3, 4, 5]",12,40,11,1121,3,3
E,"[0, 1, 2, 3, 4, 5]",12,40,12,1877,4,4
E,"[0, 1, 2, 3, 4, 5]",12,40,13,596,5,5
E,"[0, 1, 2, 3, 4, 5]",12,40,14,414,3,3
E,"[0, 1, 2, 3, 4, 5]",12,40,15,881,3,3
E,"[0, 1, 2, 3, 4, 5]",12,40,16,1589,1,2
E,"[0, 1, 2, 3, 4, 5]",12,40,17,1093,0,3
E,"[0, 1, 2, 3, 4, 5]",12,40,18,1552,4,5
E,"[0, 1, 2, 3, 4, 5]",12,40,19,521,0,3
E,"[0, 1, 2, 3, 4, 5]",13,40,0,901,1,2
E,"[0, 1, 2, 3, 4, 5]",13,40,1,529,2,1
E,"[0, 1, 2, 3, 4, 5]",13,40,2,429,4,5
E,"[0, 1, 2, 3, 4, 5]",13,40,3,1522,0,0
E,"[0, 1, 2, 3, 4, 5]",13,40,4,468,0,1
E,"[0, 1, 2, 3, 4, 5]",13,40,5,1026,0,4
E,"[0, 1, 2, 3, 4, 5]",13,40,6,408,1,2
E,"[0, 1, 2, 3, 4, 5]",13,40,7,922,3,4
E,"[0, 1, 2, 3, 4, 5]",13,40,8,436,1,2
E,"[0, 1, 2, 3, 4, 5]",13,40,9,596,5,5
E,"[0, 1, 2, 3, 4, 5]",13,40,10,1876,3,0
E,"[0, 1, 2, 3, 4, 5]",13,40,11,419,4,0
E,"[0, 1, 2, 3, 4, 5]",13,40,12,1680,2,2
E,"[0, 1, 2, 3, 4, 5]",13,40,13,1681,3,3
E,"[0, 1, 2, 3, 4, 5]",13,40,14,317,5,5
E,"[0, 1, 2, 3, 4, 5]",13,40,15,1795,0,0
E,"[0, 1, 2, 3, 4, 5]",13,40,16,1845,1,1
E,"[0, 1, 2, 3, 4, 5]",13,40,17,1394,5,5
E,"[0, 1, 2, 3, 4, 5]",13,40,18,1090,4,4
E,"[0, 1, 2, 3, 4, 5]",13,40,19,1123,2,2
E,"[0, 1, 2, 3, 4, 5]",14,40,0,513,2,1
E,"[0, 1, 2, 3, 4, 5]",14,40,1,756,1,3
E,"[0, 1, 2, 3, 4, 5]",14,40,2,249,5,4
E,"[0, 1, 2, 3, 4, 5]",14,40,3,1999,4,5
E,"[0, 1, 2, 3, 4, 5]",14,40,4,790,1,2
E,"[0, 1, 2, 3, 4, 5]",14,40,5,1698,0,0
E,"[0, 1, 2, 3, 4, 5]",14,40,6,1440,1,1
E,"[0, 1, 2, 3, 4, 5]",14,40,7,1497,2,2
E,"[0, 1, 2, 3, 4, 5]",14,40,8,1904,1,1
E,"[0, 1, 2, 3, 4, 5]",14,40,9,168,2,2
E,"[0, 1, 2, 3, 4, 5]",14,40,10,1627,0,1
E,"[0, 1, 2, 3, 4, 5]",14,40,11,317,5,5
E,"[0, 1, 2, 3, 4, 5]",14,40,12,1314,5,4
E,"[0, 1, 2, 3, 4, 5]",14,40,13,8,1,1
E,"[0, 1, 2, 3, 4, 5]",14,40,14,1452,3,3
E,"[0, 1, 2, 3, 4, 5]",14,40,15,265,2,1
E,"[0, 1, 2, 3, 4, 5]",14,40,16,1496,4,4
E,"[0, 1, 2, 3, 4, 5]",14,40,17,358,0,0
E,"[0, 1, 2, 3, 4, 5]",14,40,18,67,3,0
E,"[0, 1, 2, 3, 4, 5]",14,40,19,1829,4,4
E,"[0, 1, 2, 3, 4, 5]",15,40,0,68,4,4
E,"[0, 1, 2, 3, 4, 5]",15,40,1,897,1,5
E,"[0, 1, 2, 3, 4, 5]",15,40,2,149,2,1
E,"[0, 1, 2, 3, 4, 5]",15,40,3,1647,1,1
E,"[0, 1, 2, 3, 4, 5]",15,40,4,382,5,5
E,"[0, 1, 2, 3, 4, 5]",15,40,5,1734,5,5
E,"[0, 1, 2, 3, 4, 5]",15,40,6,1680,2,2
E,"[0, 1, 2, 3, 4, 5]",15,40,7,1509,4,3
E,"[0, 1, 2, 3, 4, 5]",15,40,8,542,1,2
E,"[0, 1, 2, 3, 4, 5]",15,40,9,1202,5,5
E,"[0, 1, 2, 3, 4, 5]",15,40,10,93,4,4
E,"[0, 1, 2, 3, 4, 5]",15,40,11,13,1,1
E,"[0, 1, 2, 3, 4, 5]",15,40,12,1436,2,2
E,"[0, 1, 2, 3, 4, 5]",15,40,13,428,3,3
E,"[0, 1, 2, 3, 4, 5]",15,40,14,1533,3,0
E,"[0, 1, 2, 3, 4, 5]",15,40,15,150,0,2
E,"[0, 1, 2, 3, 4, 5]",15,40,16,795,5,4
E,"[0, 1, 2, 3, 4, 5]",15,40,17,103,4,3
E,"[0, 1, 2, 3, 4, 5]",15,40,18,367,0,0
E,"[0, 1, 2, 3, 4, 5]",15,40,19,1290,0,0
E,"[0, 1, 2, 3, 4, 5]",16,40,0,777,0,0
E,"[0, 1, 2, 3, 4, 5]",16,40,1,1010,4,3
E,"[0, 1, 2, 3, 4, 5]",16,40,2,319,4,5
E,"[0, 1, 2, 3, 4, 5]",16,40,3,1296,4,3
E,"[0, 1, 2, 3, 4, 5]",16,40,4,1377,2,1
E,"[0, 1, 2, 3, 4, 5]",16,40,5,919,0,0
E,"[0, 1, 2, 3, 4, 5]",16,40,6,1405,3,3
E,"[0, 1, 2, 3, 4, 5]",16,40,7,1364,4,4
E,"[0, 1, 2, 3, 4, 5]",16,40,8,1624,4,4
E,"[0, 1, 2, 3, 4, 5]",16,40,9,1747,4,5
E,"[0, 1, 2, 3, 4, 5]",16,40,10,83,1,1
E,"[0, 1, 2, 3, 4, 5]",16,40,11,1427,1,1
E,"[0, 1, 2, 3, 4, 5]",16,40,12,1517,4,5
E,"[0, 1, 2, 3, 4, 5]",16,40,13,426,0,4
E,"[0, 1, 2, 3, 4, 5]",16,40,14,905,3,4
E,"[0, 1, 2, 3, 4, 5]",16,40,15,268,3,3
E,"[0, 1, 2, 3, 4, 5]",16,40,16,415,1,5
E,"[0, 1, 2, 3, 4, 5]",16,40,17,402,5,5
E,"[0, 1, 2, 3, 4, 5]",16,40,18,130,1,1
E,"[0, 1, 2, 3, 4, 5]",16,40,19,861,4,0
E,"[0, 1, 2, 3, 4, 5]",17,40,0,669,0,0
E,"[0, 1, 2, 3, 4, 5]",17,40,1,789,1,2
E,"[0, 1, 2, 3, 4, 5]",17,40,2,189,3,3
E,"[0, 1, 2, 3, 4, 5]",17,40,3,1195,0,1
E,"[0, 1, 2, 3, 4, 5]",17,40,4,1586,3,3
E,"[0, 1, 2, 3, 4, 5]",17,40,5,658,4,4
E,"[0, 1, 2, 3, 4, 5]",17,40,6,111,2,1
E,"[0, 1, 2, 3, 4, 5]",17,40,7,1935,4,3
E,"[0, 1, 2, 3, 4, 5]",17,40,8,520,2,1
E,"[0, 1, 2, 3, 4, 5]",17,40,9,457,4,5
E,"[0, 1, 2, 3, 4, 5]",17,40,10,355,2,2
E,"[0, 1, 2, 3, 4, 5]",17,40,11,426,0,4
E,"[0, 1, 2, 3, 4, 5]",17,40,12,1634,5,5
E,"[0, 1, 2, 3, 4, 5]",17,40,13,1655,4,0
E,"[0, 1, 2, 3, 4, 5]",17,40,14,441,5,5
E,"[0, 1, 2, 3, 4, 5]",17,40,15,552,5,5
E,"[0, 1, 2, 3, 4, 5]",17,40,16,353,1,2
E,"[0, 1, 2, 3, 4, 5]",17,40,17,419,4,0
E,"[0, 1, 2, 3, 4, 5]",17,40,18,1428,1,1
E,"[0, 1, 2, 3, 4, 5]",17,40,19,136,4,4
E,"[0, 1, 2, 3, 4, 5]",18,40,0,994,2,2
E,"[0, 1, 2, 3, 4, 5]",18,40,1,1154,1,2
E,"[0, 1, 2, 3, 4, 5]",18,40,2,1592,2,1
E,"[0, 1, 2, 3, 4, 5]",18,40,3,1232,3,3
E,"[0, 1, 2, 3, 4, 5]",18,40,4,1188,0,4
E,"[0, 1, 2, 3, 4, 5]",18,40,5,637,1,2
E,"[0, 1, 2, 3, 4, 5]",18,40,6,705,5,4
E,"[0, 1, 2, 3, 4, 5]",18,40,7,485,0,0
E,"[0, 1, 2, 3, 4, 5]",18,40,8,1684,2,2
E,"[0, 1, 2, 3, 4, 5]",18,40,9,863,3,0
E,"[0, 1, 2, 3, 4, 5]",18,40,10,251,0,3
E,"[0, 1, 2, 3, 4, 5]",18,40,11,1185,5,5
E,"[0, 1, 2, 3, 4, 5]",18,40,12,19,1,1
E,"[0, 1, 2, 3, 4, 5]",18,40,13,149,2,1
E,"[0, 1, 2, 3, 4, 5]",18,40,14,565,0,0
E,"[0, 1, 2, 3, 4, 5]",18,40,15,1371,3,3
E,"[0, 1, 2, 3, 4, 5]",18,40,16,997,1,2
E,"[0, 1, 2, 3, 4, 5]",18,40,17,242,4,4
E,"[0, 1, 2, 3, 4, 5]",18,40,18,621,2,2
E,"[0, 1, 2, 3, 4, 5]",18,40,19,103,4,3
E,"[0, 1, 2, 3, 4, 5]",19,40,0,1260,1,1
E,"[0, 1, 2, 3, 4, 5]",19,40,1,1887,1,2
E,"[0, 1, 2, 3, 4, 5]",19,40,2,319,4,5
E,"[0, 1, 2, 3, 4, 5]",19,40,3,952,1,1
E,"[0, 1, 2, 3, 4, 5]",19,40,4,1513,2,1
E,"[0, 1, 2, 3, 4, 5]",19,40,5,1554,0,0
E,"[0, 1, 2, 3, 4, 5]",19,40,6,183,2,2
E,"[0, 1, 2, 3, 4, 5]",19,40,7,177,1,1
E,"[0, 1, 2, 3, 4, 5]",19,40,8,823,3,3
E,"[0, 1, 2, 3, 4, 5]",19,40,9,694,4,5
E,"[0, 1, 2, 3, 4, 5]",19,40,10,51,4,4
E,"[0, 1, 2, 3, 4, 5]",19,40,11,1999,4,5
E,"[0, 1, 2, 3, 4, 5]",19,40,12,419,4,0
E,"[0, 1, 2, 3, 4, 5]",19,40,13,1221,1,1
E,"[0, 1, 2, 3, 4, 5]",19,40,14,1545,2,2
E,"[0, 1, 2, 3, 4, 5]",19,40,15,967,3,3
E,"[0, 1, 2, 3, 4, 5]",19,40,16,1621,0,3
E,"[0, 1, 2, 3, 4, 5]",19,40,17,578,4,4
E,"[0, 1, 2, 3, 4, 5]",19,40,18,1759,0,0
E,"[0, 1, 2, 3, 4, 5]",19,40,19,0,0,0
E,"[0, 1, 2, 3, 4, 5]",20,40,0,1051,5,1
E,"[0, 1, 2, 3, 4, 5]",20,40,1,1797,5,5
E,"[0, 1, 2, 3, 4, 5]",20,40,2,1008,0,0
E,"[0, 1, 2, 3, 4, 5]",20,40,3,574,2,2
E,"[0, 1, 2, 3, 4, 5]",20,40,4,1025,3,4
E,"[0, 1, 2, 3, 4, 5]",20,40,5,308,4,3
E,"[0, 1, 2, 3, 4, 5]",20,40,6,564,3,0
E,"[0, 1, 2, 3, 4, 5]",20,40,7,911,1,1
E,"[0, 1, 2, 3, 4, 5]",20,40,8,1195,0,1
E,"[0, 1, 2, 3, 4, 5]",20,40,9,348,4,4
E,"[0, 1, 2, 3, 4, 5]",20,40,10,623,4,4
E,"[0, 1, 2, 3, 4, 5]",20,40,11,1720,0,0
E,"[0, 1, 2, 3, 4, 5]",20,40,12,1708,1,2
E,"[0, 1, 2, 3, 4, 5]",20,40,13,482,3,3
E,"[0, 1, 2, 3, 4, 5]",20,40,14,1003,1,5
E,"[0, 1, 2, 3, 4, 5]",20,40,15,774,0,0
E,"[0, 1, 2, 3, 4, 5]",20,40,16,671,5,4
E,"[0, 1, 2, 3, 4, 5]",20,40,17,103,4,3
E,"[0, 1, 2, 3, 4, 5]",20,40,18,790,1,2
E,"[0, 1, 2, 3, 4, 5]",20,40,19,735,2,2
E,"[0, 1, 2, 3, 4, 5]",21,40,0,711,3,1
E,"[0, 1, 2, 3, 4, 5]",21,40,1,1062,4,5
E,"[0, 1, 2, 3, 4, 5]",21,40,2,1979,3,0
E,"[0, 1, 2, 3, 4, 5]",21,40,3,1925,5,4
E,"[0, 1, 2, 3, 4, 5]",21,40,4,1760,4,4
E,"[0, 1, 2, 3, 4, 5]",21,40,5,1405,3,3
E,"[0, 1, 2, 3, 4, 5]",21,40,6,117,4,4
E,"[0, 1, 2, 3, 4, 5]",21,40,7,1393,0,0
E,"[0, 1, 2, 3, 4, 5]",21,40,8,1400,1,1
E,"[0, 1, 2, 3, 4, 5]",21,40,9,1394,5,5
E,"[0, 1, 2, 3, 4, 5]",21,40,10,1419,3,3
E,"[0, 1, 2, 3, 4, 5]",21,40,11,108,4,5
E,"[0, 1, 2, 3, 4, 5]",21,40,12,1560,0,4
E,"[0, 1, 2, 3, 4, 5]",21,40,13,103,4,3
E,"[0, 1, 2, 3, 4, 5]",21,40,14,542,1,2
E,"[0, 1, 2, 3, 4, 5]",21,40,15,1877,4,4
E,"[0, 1, 2, 3, 4, 5]",21,40,16,1141,3,3
E,"[0, 1, 2, 3, 4, 5]",21,40,17,1902,2,2
E,"[0, 1, 2, 3, 4, 5]",21,40,18,1664,0,0
E,"[0, 1, 2, 3, 4, 5]",21,40,19,866,0,0
E,"[0, 1, 2, 3, 4, 5]",22,40,0,574,2,2
E,"[0, 1, 2, 3, 4, 5]",22,40,1,1764,1,2
E,"[0, 1, 2, 3, 4, 5]",22,40,2,894,2,2
E,"[0, 1, 2, 3, 4, 5]",22,40,3,1051,5,1
E,"[0, 1, 2, 3, 4, 5]",22,40,4,1312,4,4
E,"[0, 1, 2, 3, 4, 5]",22,40,5,459,3,3
E,"[0, 1, 2, 3, 4, 5]",22,40,6,1982,3,3
E,"[0, 1, 2, 3, 4, 5]",22,40,7,418,3,0
E,"[0, 1, 2, 3, 4, 5]",22,40,8,821,2,2
E,"[0, 1, 2, 3, 4, 5]",22,40,9,599,4,4
E,"[0, 1, 2, 3, 4, 5]",22,40,10,2,0,0
E,"[0, 1, 2, 3, 4, 5]",22,40,11,41,0,0
E,"[0, 1, 2, 3, 4, 5]",22,40,12,369,2,0
E,"[0, 1, 2, 3, 4, 5]",22,40,13,1093,0,3
E,"[0, 1, 2, 3, 4, 5]",22,40,14,1925,5,4
E,"[0, 1, 2, 3, 4, 5]",22,40,15,1936,2,1
E,"[0, 1, 2, 3, 4, 5]",22,40,16,969,5,5
E,"[0, 1, 2, 3, 4, 5]",22,40,17,200,1,1
E,"[0, 1, 2, 3, 4, 5]",22,40,18,300,1,1
E,"[0, 1, 2, 3, 4, 5]",22,40,19,314,0,3
E,"[0, 1, 2, 3, 4, 5]",23,40,0,726,4,4
E,"[0, 1, 2, 3, 4, 5]",23,40,1,1613,1,0
E,"[0, 1, 2, 3, 4, 5]",23,40,2,489,1,2
E,"[0, 1, 2, 3, 4, 5]",23,40,3,441,5,5
E,"[0, 1, 2, 3, 4, 5]",23,40,4,1146,2,1
E,"[0, 1, 2, 3, 4, 5]",23,40,5,1275,5,5
E,"[0, 1, 2, 3, 4, 5]",23,40,6,1282,3,4
E,"[0, 1, 2, 3, 4, 5]",23,40,7,12,4,4
E,"[0, 1, 2, 3, 4, 5]",23,40,8,1312,4,4
E,"[0, 1, 2, 3, 4, 5]",23,40,9,1924,1,2
E,"[0, 1, 2, 3, 4, 5]",23,40,10,56,0,0
E,"[0, 1, 2, 3, 4, 5]",23,40,11,1716,4,4
E,"[0, 1, 2, 3, 4, 5]",23,40,12,1025,3,4
E,"[0, 1, 2, 3, 4, 5]",23,40,13,865,0,0
E,"[0, 1, 2, 3, 4, 5]",23,40,14,694,4,5
E,"[0, 1, 2, 3, 4, 5]",23,40,15,711,3,1
E,"[0, 1, 2, 3, 4, 5]",23,40,16,916,4,4
E,"[0, 1, 2, 3, 4, 5]",23,40,17,1619,1,1
E,"[0, 1, 2, 3, 4, 5]",23,40,18,576,1,2
E,"[0, 1, 2, 3, 4, 5]",23,40,19,1857,1,1
E,"[0, 1, 2, 3, 4, 5]",24,40,0,15,0,0
E,"[0, 1, 2, 3, 4, 5]",24,40,1,1599,5,5
E,"[0, 1, 2, 3, 4, 5]",24,40,2,1979,3,0
E,"[0, 1, 2, 3, 4, 5]",24,40,3,544,0,0
E,"[0, 1, 2, 3, 4, 5]",24,40,4,1150,0,3
E,"[0, 1, 2, 3, 4, 5]",24,40,5,1469,4,5
E,"[0, 1, 2, 3, 4, 5]",24,40,6,152,5,5
E,"[0, 1, 2, 3, 4, 5]",24,40,7,1780,3,0
E,"[0, 1, 2, 3, 4, 5]",24,40,8,897,1,5
E,"[0, 1, 2, 3, 4, 5]",24,40,9,709,0,0
E,"[0, 1, 2, 3, 4, 5]",24,40,10,699,1,1
E,"[0, 1, 2, 3, 4, 5]",24,40,11,1082,3,3
E,"[0, 1, 2, 3, 4, 5]",24,40,12,1195,0,1
E,"[0, 1, 2, 3, 4, 5]",24,40,13,531,1,2
E,"[0, 1, 2, 3, 4, 5]",24,40,14,1537,1,2
E,"[0, 1, 2, 3, 4, 5]",24,40,15,1924,1,2
E,"[0, 1, 2, 3, 4, 5]",24,40,16,578,4,4
E,"[0, 1, 2, 3, 4, 5]",24,40,17,232,1,5
E,"[0, 1, 2, 3, 4, 5]",24,40,18,1402,2,2
E,"[0, 1, 2, 3, 4, 5]",24,40,19,1876,3,0
E,"[0, 1, 2, 3, 4, 5]",25,40,0,897,1,5
E,"[0, 1, 2, 3, 4, 5]",25,40,1,1608,1,1
E,"[0, 1, 2, 3, 4, 5]",25,40,2,279,0,0
E,"[0, 1, 2, 3, 4, 5]",25,40,3,134,3,3
E,"[0, 1, 2, 3, 4, 5]",25,40,4,386,3,3
E,"[0, 1, 2, 3, 4, 5]",25,40,5,247,3,3
E,"[0, 1, 2, 3, 4, 5]",25,40,6,322,0,3
E,"[0, 1, 2, 3, 4, 5]",25,40,7,429,4,5
E,"[0, 1, 2, 3, 4, 5]",25,40,8,684,0,0
E,"[0, 1, 2, 3, 4, 5]",25,40,9,479,4,4
E,"[0, 1, 2, 3, 4, 5]",25,40,10,402,5,5
E,"[0, 1, 2, 3, 4, 5]",25,40,11,1093,0,3
E,"[0, 1, 2, 3, 4, 5]",25,40,12,575,2,2
E,"[0, 1, 2, 3, 4, 5]",25,40,13,1747,4,5
E,"[0, 1, 2, 3, 4, 5]",25,40,14,1314,5,4
E,"[0, 1, 2, 3, 4, 5]",25,40,15,193,3,0
E,"[0, 1, 2, 3, 4, 5]",25,40,16,613,5,5
E,"[0, 1, 2, 3, 4, 5]",25,40,17,861,4,0
E,"[0, 1, 2, 3, 4, 5]",25,40,18,121,1,1
E,"[0, 1, 2, 3, 4, 5]",25,40,19,795,5,4
E,"[0, 1, 2, 3, 4, 5]",26,40,0,942,4,4
E,"[0, 1, 2, 3, 4, 5]",26,40,1,586,0,0
E,"[0, 1, 2, 3, 4, 5]",26,40,2,1797,5,5
E,"[0, 1, 2, 3, 4, 5]",26,40,3,1537,1,2
E,"[0, 1, 2, 3, 4, 5]",26,40,4,319,4,5
E,"[0, 1, 2, 3, 4, 5]",26,40,5,1031,3,0
E,"[0, 1, 2, 3, 4, 5]",26,40,6,694,4,5
E,"[0, 1, 2, 3, 4, 5]",26,40,7,945,5,5
E,"[0, 1, 2, 3, 4, 5]",26,40,8,1025,3,4
E,"[0, 1, 2, 3, 4, 5]",26,40,9,603,3,3
E,"[0, 1, 2, 3, 4, 5]",26,40,10,1093,0,3
E,"[0, 1, 2, 3, 4, 5]",26,40,11,1235,3,3
E,"[0, 1, 2, 3, 4, 5]",26,40,12,24,0,0
E,"[0, 1, 2, 3, 4, 5]",26,40,13,1780,3,0
E,"[0, 1, 2, 3, 4, 5]",26,40,14,934,1,1
E,"[0, 1, 2, 3, 4, 5]",26,40,15,1513,2,1
E,"[0, 1, 2, 3, 4, 5]",26,40,16,756,1,3
E,"[0, 1, 2, 3, 4, 5]",26,40,17,1833,2,2
E,"[0, 1, 2, 3, 4, 5]",26,40,18,1488,2,2
E,"[0, 1, 2, 3, 4, 5]",26,40,19,599,4,4
E,"[0, 1, 2, 3, 4, 5]",27,40,0,1179,1,1
E,"[0, 1, 2, 3, 4, 5]",27,40,1,1273,5,4
E,"[0, 1, 2, 3, 4, 5]",27,40,2,347,4,3
E,"[0, 1, 2, 3, 4, 5]",27,40,3,1729,1,2
E,"[0, 1, 2, 3, 4, 5]",27,40,4,1150,0,3
E,"[0, 1, 2, 3, 4, 5]",27,40,5,335,1,2
E,"[0, 1, 2, 3, 4, 5]",27,40,6,1467,4,3
E,"[0, 1, 2, 3, 4, 5]",27,40,7,210,3,3
E,"[0, 1, 2, 3, 4, 5]",27,40,8,879,5,5
E,"[0, 1, 2, 3, 4, 5]",27,40,9,789,1,2
E,"[0, 1, 2, 3, 4, 5]",27,40,10,1104,4,4
E,"[0, 1, 2, 3, 4, 5]",27,40,11,415,1,5
E,"[0, 1, 2, 3, 4, 5]",27,40,12,506,0,0
E,"[0, 1, 2, 3, 4, 5]",27,40,13,232,1,5
E,"[0, 1, 2, 3, 4, 5]",27,40,14,98,3,3
E,"[0, 1, 2, 3, 4, 5]",27,40,15,627,2,2
E,"[0, 1, 2, 3, 4, 5]",27,40,16,657,3,0
E,"[0, 1, 2, 3, 4, 5]",27,40,17,520,2,1
E,"[0, 1, 2, 3, 4, 5]",27,40,18,634,0,0
E,"[0, 1, 2, 3, 4, 5]",27,40,19,1832,3,3
E,"[0, 1, 2, 3, 4, 5]",28,40,0,1943,0,3
E,"[0, 1, 2, 3, 4, 5]",28,40,1,657,3,0
E,"[0, 1, 2, 3, 4, 5]",28,40,2,1840,1,1
E,"[0, 1, 2, 3, 4, 5]",28,40,3,272,4,4
E,"[0, 1, 2, 3, 4, 5]",28,40,4,813,5,5
E,"[0, 1, 2, 3, 4, 5]",28,40,5,16,1,1
E,"[0, 1, 2, 3, 4, 5]",28,40,6,1326,0,0
E,"[0, 1, 2, 3, 4, 5]",28,40,7,1633,4,4
E,"[0, 1, 2, 3, 4, 5]",28,40,8,1375,0,0
E,"[0, 1, 2, 3, 4, 5]",28,40,9,1552,4,5
E,"[0, 1, 2, 3, 4, 5]",28,40,10,1538,1,4
E,"[0, 1, 2, 3, 4, 5]",28,40,11,1190,3,0
E,"[0, 1, 2, 3, 4, 5]",28,40,12,1616,3,3
E,"[0, 1, 2, 3, 4, 5]",28,40,13,1336,1,1
E,"[0, 1, 2, 3, 4, 5]",28,40,14,621,2,2
E,"[0, 1, 2, 3, 4, 5]",28,40,15,654,1,3
E,"[0, 1, 2, 3, 4, 5]",28,40,16,1188,0,4
E,"[0, 1, 2, 3, 4, 5]",28,40,17,713,2,2
E,"[0, 1, 2, 3, 4, 5]",28,40,18,1503,0,0
E,"[0, 1, 2, 3, 4, 5]",28,40,19,18,3,3
E,"[0, 1, 2, 3, 4, 5]",29,40,0,324,0,0
E,"[0, 1, 2, 3, 4, 5]",29,40,1,1925,5,4
E,"[0, 1, 2, 3, 4, 5]",29,40,2,529,2,1
E,"[0, 1, 2, 3, 4, 5]",29,40,3,1801,1,1
E,"[0, 1, 2, 3, 4, 5]",29,40,4,1451,5,5
E,"[0, 1, 2, 3, 4, 5]",29,40,5,646,1,1
E,"[0, 1, 2, 3, 4, 5]",29,40,6,1642,2,2
E,"[0, 1, 2, 3, 4, 5]",29,40,7,369,2,0
E,"[0, 1, 2, 3, 4, 5]",29,40,8,1997,1,1
E,"[0, 1, 2, 3, 4, 5]",29,40,9,536,4,4
E,"[0, 1, 2, 3, 4, 5]",29,40,10,1552,4,5
E,"[0, 1, 2, 3, 4, 5]",29,40,11,1732,2,2
E,"[0, 1, 2, 3, 4, 5]",29,40,12,917,1,2
E,"[0, 1, 2, 3, 4, 5]",29,40,13,1743,4,4
E,"[0, 1, 2, 3, 4, 5]",29,40,14,501,3,4
E,"[0, 1, 2, 3, 4, 5]",29,40,15,542,1,2
E,"[0, 1, 2, 3, 4, 5]",29,40,16,1796,0,3
E,"[0, 1, 2, 3, 4, 5]",29,40,17,1002,3,3
E,"[0, 1, 2, 3, 4, 5]",29,40,18,1621,0,3
E,"[0, 1, 2, 3, 4, 5]",29,40,19,1517,4,5
E,"[0, 1, 2, 3, 4, 5]",30,40,0,1054,5,5
E,"[0, 1, 2, 3, 4, 5]",30,40,1,1382,5,0
E,"[0, 1, 2, 3, 4, 5]",30,40,2,1024,4,4
E,"[0, 1, 2, 3, 4, 5]",30,40,3,319,4,5
E,"[0, 1, 2, 3, 4, 5]",30,40,4,521,0,3
E,"[0, 1, 2, 3, 4, 5]",30,40,5,1458,2,2
E,"[0, 1, 2, 3, 4, 5]",30,40,6,1844,2,2
E,"[0, 1, 2, 3, 4, 5]",30,40,7,502,3,0
E,"[0, 1, 2, 3, 4, 5]",30,40,8,665,3,3
E,"[0, 1, 2, 3, 4, 5]",30,40,9,72,5,4
E,"[0, 1, 2, 3, 4, 5]",30,40,10,833,2,1
E,"[0, 1, 2, 3, 4, 5]",30,40,11,802,2,2
E,"[0, 1, 2, 3, 4, 5]",30,40,12,743,0,0
E,"[0, 1, 2, 3, 4, 5]",30,40,13,1685,2,2
E,"[0, 1, 2, 3, 4, 5]",30,40,14,1143,0,0
E,"[0, 1, 2, 3, 4, 5]",30,40,15,200,1,1
E,"[0, 1, 2, 3, 4, 5]",30,40,16,930,3,3
E,"[0, 1, 2, 3, 4, 5]",30,40,17,556,0,0
E,"[0, 1, 2, 3, 4, 5]",30,40,18,1281,3,3
E,"[0, 1, 2, 3, 4, 5]",30,40,19,1583,1,2
E,"[0, 1, 2, 3, 4, 5]",31,40,0,90,1,1
E,"[0, 1, 2, 3, 4, 5]",31,40,1,335,1,2
E,"[0, 1, 2, 3, 4, 5]",31,40,2,694,4,5
E,"[0, 1, 2, 3, 4, 5]",31,40,3,1741,3,3
E,"[0, 1, 2, 3, 4, 5]",31,40,4,789,1,2
E,"[0, 1, 2, 3, 4, 5]",31,40,5,1796,0,3
E,"[0, 1, 2, 3, 4, 5]",31,40,6,522,4,0
E,"[0, 1, 2, 3, 4, 5]",31,40,7,79,2,2
E,"[0, 1, 2, 3, 4, 5]",31,40,8,1956,1,5
E,"[0, 1, 2, 3, 4, 5]",31,40,9,660,3,1
E,"[0, 1, 2, 3, 4, 5]",31,40,10,232,1,5
E,"[0, 1, 2, 3, 4, 5]",31,40,11,1721,5,5
E,"[0, 1, 2, 3, 4, 5]",31,40,12,1936,2,1
E,"[0, 1, 2, 3, 4, 5]",31,40,13,1774,5,5
E,"[0, 1, 2, 3, 4, 5]",31,40,14,1325,4,4
E,"[0, 1, 2, 3, 4, 5]",31,40,15,12,4,4
E,"[0, 1, 2, 3, 4, 5]",31,40,16,552,5,5
E,"[0, 1, 2, 3, 4, 5]",31,40,17,759,1,2
E,"[0, 1, 2, 3, 4, 5]",31,40,18,9,3,3
E,"[0, 1, 2, 3, 4, 5]",31,40,19,56,0,0
E,"[0, 1, 2, 3, 4, 5]",32,40,0,996,5,4
E,"[0, 1, 2, 3, 4, 5]",32,40,1,1999,4,5
E,"[0, 1, 2, 3, 4, 5]",32,40,2,1782,1,4
E,"[0, 1, 2, 3, 4, 5]",32,40,3,1780,3,0
E,"[0, 1, 2, 3, 4, 5]",32,40,4,1253,5,0
E,"[0, 1, 2, 3, 4, 5]",32,40,5,10,4,3
E,"[0, 1, 2, 3, 4, 5]",32,40,6,1496,4,4
E,"[0, 1, 2, 3, 4, 5]",32,40,7,820,5,4
E,"[0, 1, 2, 3, 4, 5]",32,40,8,1541,2,2
E,"[0, 1, 2, 3, 4, 5]",32,40,9,1451,5,5
E,"[0, 1, 2, 3, 4, 5]",32,40,10,1890,3,3
E,"[0, 1, 2, 3, 4, 5]",32,40,11,419,4,0
E,"[0, 1, 2, 3, 4, 5]",32,40,12,1588,2,2
E,"[0, 1, 2, 3, 4, 5]",32,40,13,1086,0,0
E,"[0, 1, 2, 3, 4, 5]",32,40,14,741,1,1
E,"[0, 1, 2, 3, 4, 5]",32,40,15,1935,4,3
E,"[0, 1, 2, 3, 4, 5]",32,40,16,1969,2,2
E,"[0, 1, 2, 3, 4, 5]",32,40,17,845,1,2
E,"[0, 1, 2, 3, 4, 5]",32,40,18,863,3,0
E,"[0, 1, 2, 3, 4, 5]",32,40,19,319,4,5
E,"[0, 1, 2, 3, 4, 5]",33,40,0,821,2,2
E,"[0, 1, 2, 3, 4, 5]",33,40,1,1173,4,4
E,"[0, 1, 2, 3, 4, 5]",33,40,2,631,1,1
E,"[0, 1, 2, 3, 4, 5]",33,40,3,917,1,2
E,"[0, 1, 2, 3, 4, 5]",33,40,4,1119,3,3
E,"[0, 1, 2, 3, 4, 5]",33,40,5,953,0,0
E,"[0, 1, 2, 3, 4, 5]",33,40,6,832,4,5
E,"[0, 1, 2, 3, 4, 5]",33,40,7,1772,1,2
E,"[0, 1, 2, 3, 4, 5]",33,40,8,813,5,5
E,"[0, 1, 2, 3, 4, 5]",33,40,9,960,2,1
E,"[0, 1, 2, 3, 4, 5]",33,40,10,870,1,1
E,"[0, 1, 2, 3, 4, 5]",33,40,11,1701,2,2
E,"[0, 1, 2, 3, 4, 5]",33,40,12,739,3,3
E,"[0, 1, 2, 3, 4, 5]",33,40,13,429,4,5
E,"[0, 1, 2, 3, 4, 5]",33,40,14,1048,5,4
E,"[0, 1, 2, 3, 4, 5]",33,40,15,193,3,0
E,"[0, 1, 2, 3, 4, 5]",33,40,16,1010,4,3
E,"[0, 1, 2, 3, 4, 5]",33,40,17,1346,2,2
E,"[0, 1, 2, 3, 4, 5]",33,40,18,1275,5,5
E,"[0, 1, 2, 3, 4, 5]",33,40,19,474,3,3
E,"[0, 1, 2, 3, 4, 5]",34,40,0,570,1,1
E,"[0, 1, 2, 3, 4, 5]",34,40,1,917,1,2
E,"[0, 1, 2, 3, 4, 5]",34,40,2,922,3,4
E,"[0, 1, 2, 3, 4, 5]",34,40,3,65,5,5
E,"[0, 1, 2, 3, 4, 5]",34,40,4,1204,0,0
E,"[0, 1, 2, 3, 4, 5]",34,40,5,795,5,4
E,"[0, 1, 2, 3, 4, 5]",34,40,6,453,0,0
E,"[0, 1, 2, 3, 4, 5]",34,40,7,1506,1,3
E,"[0, 1, 2, 3, 4, 5]",34,40,8,1314,5,4
E,"[0, 1, 2, 3, 4, 5]",34,40,9,1361,1,1
E,"[0, 1, 2, 3, 4, 5]",34,40,10,596,5,5
E,"[0, 1, 2, 3, 4, 5]",34,40,11,60,0,0
E,"[0, 1, 2, 3, 4, 5]",34,40,12,1095,4,4
E,"[0, 1, 2, 3, 4, 5]",34,40,13,1627,0,1
E,"[0, 1, 2, 3, 4, 5]",34,40,14,158,3,3
E,"[0, 1, 2, 3, 4, 5]",34,40,15,1382,5,0
E,"[0, 1, 2, 3, 4, 5]",34,40,16,960,2,1
E,"[0, 1, 2, 3, 4, 5]",34,40,17,630,2,2
E,"[0, 1, 2, 3, 4, 5]",34,40,18,1764,1,2
E,"[0, 1, 2, 3, 4, 5]",34,40,19,731,0,0
E,"[0, 1, 2, 3, 4, 5]",35,40,0,660,3,1
E,"[0, 1, 2, 3, 4, 5]",35,40,1,901,1,2
E,"[0, 1, 2, 3, 4, 5]",35,40,2,240,0,0
E,"[0, 1, 2, 3, 4, 5]",35,40,3,81,3,3
E,"[0, 1, 2, 3, 4, 5]",35,40,4,1438,0,0
E,"[0, 1, 2, 3, 4, 5]",35,40,5,307,2,2
E,"[0, 1, 2, 3, 4, 5]",35,40,6,1774,5,5
E,"[0, 1, 2, 3, 4, 5]",35,40,7,107,1,1
E,"[0, 1, 2, 3, 4, 5]",35,40,8,1469,4,5
E,"[0, 1, 2, 3, 4, 5]",35,40,9,795,5,4
E,"[0, 1, 2, 3, 4, 5]",35,40,10,161,3,3
E,"[0, 1, 2, 3, 4, 5]",35,40,11,1164,3,3
E,"[0, 1, 2, 3, 4, 5]",35,40,12,418,3,0
E,"[0, 1, 2, 3, 4, 5]",35,40,13,1100,5,5
E,"[0, 1, 2, 3, 4, 5]",35,40,14,426,0,4
E,"[0, 1, 2, 3, 4, 5]",35,40,15,1657,4,4
E,"[0, 1, 2, 3, 4, 5]",35,40,16,436,1,2
E,"[0, 1, 2, 3, 4, 5]",35,40,17,76,1,1
E,"[0, 1, 2, 3, 4, 5]",35,40,18,415,1,5
E,"[0, 1, 2, 3, 4, 5]",35,40,19,1716,4,4
E,"[0, 1, 2, 3, 4, 5]",36,40,0,225,1,1
E,"[0, 1, 2, 3, 4, 5]",36,40,1,429,4,5
E,"[0, 1, 2, 3, 4, 5]",36,40,2,67,3,0
E,"[0, 1, 2, 3, 4, 5]",36,40,3,625,5,4
E,"[0, 1, 2, 3, 4, 5]",36,40,4,399,4,4
E,"[0, 1, 2, 3, 4, 5]",36,40,5,232,1,5
E,"[0, 1, 2, 3, 4, 5]",36,40,6,1792,0,1
E,"[0, 1, 2, 3, 4, 5]",36,40,7,1409,4,4
E,"[0, 1, 2, 3, 4, 5]",36,40,8,1141,3,3
E,"[0, 1, 2, 3, 4, 5]",36,40,9,816,3,1
E,"[0, 1, 2, 3, 4, 5]",36,40,10,1677,4,5
E,"[0, 1, 2, 3, 4, 5]",36,40,11,1680,2,2
E,"[0, 1, 2, 3, 4, 5]",36,40,12,291,4,4
E,"[0, 1, 2, 3, 4, 5]",36,40,13,521,0,3
E,"[0, 1, 2, 3, 4, 5]",36,40,14,1026,0,4
E,"[0, 1, 2, 3, 4, 5]",36,40,15,1317,1,1
E,"[0, 1, 2, 3, 4, 5]",36,40,16,1721,5,5
E,"[0, 1, 2, 3, 4, 5]",36,40,17,1939,1,1
E,"[0, 1, 2, 3, 4, 5]",36,40,18,1833,2,2
E,"[0, 1, 2, 3, 4, 5]",36,40,19,546,1,2
E,"[0, 1, 2, 3, 4, 5]",37,40,0,497,0,1
E,"[0, 1, 2, 3, 4, 5]",37,40,1,436,1,2
E,"[0, 1, 2, 3, 4, 5]",37,40,2,1974,3,3
E,"[0, 1, 2, 3, 4, 5]",37,40,3,1925,5,4
E,"[0, 1, 2, 3, 4, 5]",37,40,4,111,2,1
E,"[0, 1, 2, 3, 4, 5]",37,40,5,369,2,0
E,"[0, 1, 2, 3, 4, 5]",37,40,6,916,4,4
E,"[0, 1, 2, 3, 4, 5]",37,40,7,454,4,4
E,"[0, 1, 2, 3, 4, 5]",37,40,8,1901,0,0
E,"[0, 1, 2, 3, 4, 5]",37,40,9,1172,4,4
E,"[0, 1, 2, 3, 4, 5]",37,40,10,1410,1,1
E,"[0, 1, 2, 3, 4, 5]",37,40,11,790,1,2
E,"[0, 1, 2, 3, 4, 5]",37,40,12,1352,3,3
E,"[0, 1, 2, 3, 4, 5]",37,40,13,1253,5,0
E,"[0, 1, 2, 3, 4, 5]",37,40,14,1144,3,3
E,"[0, 1, 2, 3, 4, 5]",37,40,15,969,5,5
E,"[0, 1, 2, 3, 4, 5]",37,40,16,1552,4,5
E,"[0, 1, 2, 3, 4, 5]",37,40,17,322,0,3
E,"[0, 1, 2, 3, 4, 5]",37,40,18,1999,4,5
E,"[0, 1, 2, 3, 4, 5]",37,40,19,382,5,5
E,"[0, 1, 2, 3, 4, 5]",38,40,0,513,2,1
E,"[0, 1, 2, 3, 4, 5]",38,40,1,1747,4,5
E,"[0, 1, 2, 3, 4, 5]",38,40,2,1816,0,3
E,"[0, 1, 2, 3, 4, 5]",38,40,3,730,1,1
E,"[0, 1, 2, 3, 4, 5]",38,40,4,1589,1,2
E,"[0, 1, 2, 3, 4, 5]",38,40,5,1907,3,3
E,"[0, 1, 2, 3, 4, 5]",38,40,6,1282,3,4
E,"[0, 1, 2, 3, 4, 5]",38,40,7,436,1,2
E,"[0, 1, 2, 3, 4, 5]",38,40,8,721,4,4
E,"[0, 1, 2, 3, 4, 5]",38,40,9,879,5,5
E,"[0, 1, 2, 3, 4, 5]",38,40,10,305,4,4
E,"[0, 1, 2, 3, 4, 5]",38,40,11,983,0,0
E,"[0, 1, 2, 3, 4, 5]",38,40,12,286,2,2
E,"[0, 1, 2, 3, 4, 5]",38,40,13,973,3,3
E,"[0, 1, 2, 3, 4, 5]",38,40,14,521,0,3
E,"[0, 1, 2, 3, 4, 5]",38,40,15,1061,2,2
E,"[0, 1, 2, 3, 4, 5]",38,40,16,1377,2,1
E,"[0, 1, 2, 3, 4, 5]",38,40,17,1613,1,0
E,"[0, 1, 2, 3, 4, 5]",38,40,18,1513,2,1
E,"[0, 1, 2, 3, 4, 5]",38,40,19,1902,2,2
E,"[0, 1, 2, 3, 4, 5]",39,40,0,1306,5,5
E,"[0, 1, 2, 3, 4, 5]",39,40,1,419,4,0
E,"[0, 1, 2, 3, 4, 5]",39,40,2,347,4,3
E,"[0, 1, 2, 3, 4, 5]",39,40,3,193,3,0
E,"[0, 1, 2, 3, 4, 5]",39,40,4,1533,3,0
E,"[0, 1, 2, 3, 4, 5]",39,40,5,154,1,1
E,"[0, 1, 2, 3, 4, 5]",39,40,6,230,0,0
E,"[0, 1, 2, 3, 4, 5]",39,40,7,76,1,1
E,"[0, 1, 2, 3, 4, 5]",39,40,8,1552,4,5
E,"[0, 1, 2, 3, 4, 5]",39,40,9,521,0,3
E,"[0, 1, 2, 3, 4, 5]",39,40,10,1377,2,1
E,"[0, 1, 2, 3, 4, 5]",39,40,11,1677,4,5
E,"[0, 1, 2, 3, 4, 5]",39,40,12,681,5,5
E,"[0, 1, 2, 3, 4, 5]",39,40,13,1585,1,2
E,"[0, 1, 2, 3, 4, 5]",39,40,14,980,1,1
E,"[0, 1, 2, 3, 4, 5]",39,40,15,1067,3,3
E,"[0, 1, 2, 3, 4, 5]",39,40,16,1284,0,0
E,"[0, 1, 2, 3, 4, 5]",39,40,17,201,2,2
E,"[0, 1, 2, 3, 4, 5]",39,40,18,1734,5,5
E,"[0, 1, 2, 3, 4, 5]",39,40,19,1901,0,0
E,"[0, 1, 2, 3, 4, 5]",40,40,0,711,3,1
E,"[0, 1, 2, 3, 4, 5]",40,40,1,60,0,0
E,"[0, 1, 2, 3, 4, 5]",40,40,2,322,0,3
E,"[0, 1, 2, 3, 4, 5]",40,40,3,625,5,4
E,"[0, 1, 2, 3, 4, 5]",40,40,4,613,5,5
E,"[0, 1, 2, 3, 4, 5]",40,40,5,460,4,4
E,"[0, 1, 2, 3, 4, 5]",40,40,6,1025,3,4
E,"[0, 1, 2, 3, 4, 5]",40,40,7,1627,0,1
E,"[0, 1, 2, 3, 4, 5]",40,40,8,10,4,3
E,"[0, 1, 2, 3, 4, 5]",40,40,9,249,5,4
E,"[0, 1, 2, 3, 4, 5]",40,40,10,546,1,2
E,"[0, 1, 2, 3, 4, 5]",40,40,11,1332,1,1
E,"[0, 1, 2, 3, 4, 5]",40,40,12,103,4,3
E,"[0, 1, 2, 3, 4, 5]",40,40,13,1578,0,0
E,"[0, 1, 2, 3, 4, 5]",40,40,14,489,1,2
E,"[0, 1, 2, 3, 4, 5]",40,40,15,970,3,3
E,"[0, 1, 2, 3, 4, 5]",40,40,16,1552,4,5
E,"[0, 1, 2, 3, 4, 5]",40,40,17,698,3,3
E,"[0, 1, 2, 3, 4, 5]",40,40,18,1458,2,2
E,"[0, 1, 2, 3, 4, 5]",40,40,19,1517,4,5
E,"[0, 1, 2, 3, 4, 5]",41,40,0,1634,5,5
E,"[0, 1, 2, 3, 4, 5]",41,40,1,1377,2,1
E,"[0, 1, 2, 3, 4, 5]",41,40,2,1231,1,1
E,"[0, 1, 2, 3, 4, 5]",41,40,3,1581,0,0
E,"[0, 1, 2, 3, 4, 5]",41,40,4,1592,2,1
E,"[0, 1, 2, 3, 4, 5]",41,40,5,1869,1,3
E,"[0, 1, 2, 3, 4, 5]",41,40,6,1903,0,0
E,"[0, 1, 2, 3, 4, 5]",41,40,7,253,3,3
E,"[0, 1, 2, 3, 4, 5]",41,40,8,69,5,5
E,"[0, 1, 2, 3, 4, 5]",41,40,9,1720,0,0
E,"[0, 1, 2, 3, 4, 5]",41,40,10,149,2,1
E,"[0, 1, 2, 3, 4, 5]",41,40,11,521,0,3
E,"[0, 1, 2, 3, 4, 5]",41,40,12,1,0,0
E,"[0, 1, 2, 3, 4, 5]",41,40,13,1205,5,5
E,"[0, 1, 2, 3, 4, 5]",41,40,14,125,2,3
E,"[0, 1, 2, 3, 4, 5]",41,40,15,1740,4,4
E,"[0, 1, 2, 3, 4, 5]",41,40,16,292,2,2
E,"[0, 1, 2, 3, 4, 5]",41,40,17,476,0,0
E,"[0, 1, 2, 3, 4, 5]",41,40,18,1025,3,4
E,"[0, 1, 2, 3, 4, 5]",41,40,19,1026,0,4
E,"[0, 1, 2, 3, 4, 5]",42,40,0,232,1,5
E,"[0, 1, 2, 3, 4, 5]",42,40,1,1756,2,2
E,"[0, 1, 2, 3, 4, 5]",42,40,2,1537,1,2
E,"[0, 1, 2, 3, 4, 5]",42,40,3,457,4,5
E,"[0, 1, 2, 3, 4, 5]",42,40,4,419,4,0
E,"[0, 1, 2, 3, 4, 5]",42,40,5,1796,0,3
E,"[0, 1, 2, 3, 4, 5]",42,40,6,1383,0,3
E,"[0, 1, 2, 3, 4, 5]",42,40,7,1585,1,2
E,"[0, 1, 2, 3, 4, 5]",42,40,8,149,2,1
E,"[0, 1, 2, 3, 4, 5]",42,40,9,1149,3,3
E,"[0, 1, 2, 3, 4, 5]",42,40,10,257,1,1
E,"[0, 1, 2, 3, 4, 5]",42,40,11,351,0,0
E,"[0, 1, 2, 3, 4, 5]",42,40,12,170,2,2
E,"[0, 1, 2, 3, 4, 5]",42,40,13,666,4,4
E,"[0, 1, 2, 3, 4, 5]",42,40,14,337,1,1
E,"[0, 1, 2, 3, 4, 5]",42,40,15,863,3,0
E,"[0, 1, 2, 3, 4, 5]",42,40,16,475,1,1
E,"[0, 1, 2, 3, 4, 5]",42,40,17,1782,1,4
E,"[0, 1, 2, 3, 4, 5]",42,40,18,1607,1,2
E,"[0, 1, 2, 3, 4, 5]",42,40,19,1541,2,2
E,"[0, 1, 2, 3, 4, 5]",43,40,0,832,4,5
E,"[0, 1, 2, 3, 4, 5]",43,40,1,1195,0,1
E,"[0, 1, 2, 3, 4, 5]",43,40,2,671,5,4
E,"[0, 1, 2, 3, 4, 5]",43,40,3,147,4,4
E,"[0, 1, 2, 3, 4, 5]",43,40,4,1417,1,2
E,"[0, 1, 2, 3, 4, 5]",43,40,5,1273,5,4
E,"[0, 1, 2, 3, 4, 5]",43,40,6,1632,4,4
E,"[0, 1, 2, 3, 4, 5]",43,40,7,585,4,0
E,"[0, 1, 2, 3, 4, 5]",43,40,8,548,1,1
E,"[0, 1, 2, 3, 4, 5]",43,40,9,79,2,2
E,"[0, 1, 2, 3, 4, 5]",43,40,10,1606,4,4
E,"[0, 1, 2, 3, 4, 5]",43,40,11,790,1,2
E,"[0, 1, 2, 3, 4, 5]",43,40,12,347,4,3
E,"[0, 1, 2, 3, 4, 5]",43,40,13,1982,3,3
E,"[0, 1, 2, 3, 4, 5]",43,40,14,1772,1,2
E,"[0, 1, 2, 3, 4, 5]",43,40,15,844,5,5
E,"[0, 1, 2, 3, 4, 5]",43,40,16,868,0,0
E,"[0, 1, 2, 3, 4, 5]",43,40,17,1911,5,5
E,"[0, 1, 2, 3, 4, 5]",43,40,18,462,0,0
E,"[0, 1, 2, 3, 4, 5]",43,40,19,1469,4,5
E,"[0, 1, 2, 3, 4, 5]",44,40,0,111,2,1
E,"[0, 1, 2, 3, 4, 5]",44,40,1,1517,4,5
E,"[0, 1, 2, 3, 4, 5]",44,40,2,183,2,2
E,"[0, 1, 2, 3, 4, 5]",44,40,3,58,0,0
E,"[0, 1, 2, 3, 4, 5]",44,40,4,897,1,5
E,"[0, 1, 2, 3, 4, 5]",44,40,5,97,0,0
E,"[0, 1, 2, 3, 4, 5]",44,40,6,657,3,0
E,"[0, 1, 2, 3, 4, 5]",44,40,7,1782,1,4
E,"[0, 1, 2, 3, 4, 5]",44,40,8,1458,2,2
E,"[0, 1, 2, 3, 4, 5]",44,40,9,1869,1,3
E,"[0, 1, 2, 3, 4, 5]",44,40,10,149,2,1
E,"[0, 1, 2, 3, 4, 5]",44,40,11,10,4,3
E,"[0, 1, 2, 3, 4, 5]",44,40,12,996,5,4
E,"[0, 1, 2, 3, 4, 5]",44,40,13,1589,1,2
E,"[0, 1, 2, 3, 4, 5]",44,40,14,1427,1,1
E,"[0, 1, 2, 3, 4, 5]",44,40,15,813,5,5
E,"[0, 1, 2, 3, 4, 5]",44,40,16,343,1,1
E,"[0, 1, 2, 3, 4, 5]",44,40,17,1282,3,4
E,"[0, 1, 2, 3, 4, 5]",44,40,18,1956,1,5
E,"[0, 1, 2, 3, 4, 5]",44,40,19,1465,5,5
E,"[0, 1, 2, 3, 4, 5]",45,40,0,1478,2,2
E,"[0, 1, 2, 3, 4, 5]",45,40,1,415,1,5
E,"[0, 1, 2, 3, 4, 5]",45,40,2,413,1,1
E,"[0, 1, 2, 3, 4, 5]",45,40,3,759,1,2
E,"[0, 1, 2, 3, 4, 5]",45,40,4,91,4,4
E,"[0, 1, 2, 3, 4, 5]",45,40,5,820,5,4
E,"[0, 1, 2, 3, 4, 5]",45,40,6,1240,5,5
E,"[0, 1, 2, 3, 4, 5]",45,40,7,756,1,3
E,"[0, 1, 2, 3, 4, 5]",45,40,8,1979,3,0
E,"[0, 1, 2, 3, 4, 5]",45,40,9,1935,4,3
E,"[0, 1, 2, 3, 4, 5]",45,40,10,694,4,5
E,"[0, 1, 2, 3, 4, 5]",45,40,11,1085,3,3
E,"[0, 1, 2, 3, 4, 5]",45,40,12,184,4,4
E,"[0, 1, 2, 3, 4, 5]",45,40,13,711,3,1
E,"[0, 1, 2, 3, 4, 5]",45,40,14,1836,2,2
E,"[0, 1, 2, 3, 4, 5]",45,40,15,1589,1,2
E,"[0, 1, 2, 3, 4, 5]",45,40,16,591,0,4
E,"[0, 1, 2, 3, 4, 5]",45,40,17,1956,1,5
E,"[0, 1, 2, 3, 4, 5]",45,40,18,1618,4,4
E,"[0, 1, 2, 3, 4, 5]",45,40,19,736,0,0
E,"[0, 1, 2, 3, 4, 5]",46,40,0,1589,1,2
E,"[0, 1, 2, 3, 4, 5]",46,40,1,26,3,3
E,"[0, 1, 2, 3, 4, 5]",46,40,2,67,3,0
E,"[0, 1, 2, 3, 4, 5]",46,40,3,1975,4,4
E,"[0, 1, 2, 3, 4, 5]",46,40,4,1869,1,3
E,"[0, 1, 2, 3, 4, 5]",46,40,5,1538,1,4
E,"[0, 1, 2, 3, 4, 5]",46,40,6,810,3,3
E,"[0, 1, 2, 3, 4, 5]",46,40,7,1478,2,2
E,"[0, 1, 2, 3, 4, 5]",46,40,8,1533,3,0
E,"[0, 1, 2, 3, 4, 5]",46,40,9,734,0,0
E,"[0, 1, 2, 3, 4, 5]",46,40,10,1643,4,4
E,"[0, 1, 2, 3, 4, 5]",46,40,11,586,0,0
E,"[0, 1, 2, 3, 4, 5]",46,40,12,1307,1,1
E,"[0, 1, 2, 3, 4, 5]",46,40,13,971,1,1
E,"[0, 1, 2, 3, 4, 5]",46,40,14,670,2,2
E,"[0, 1, 2, 3, 4, 5]",46,40,15,369,2,0
E,"[0, 1, 2, 3, 4, 5]",46,40,16,1936,2,1
E,"[0, 1, 2, 3, 4, 5]",46,40,17,713,2,2
E,"[0, 1, 2, 3, 4, 5]",46,40,18,671,5,4
E,"[0, 1, 2, 3, 4, 5]",46,40,19,1764,1,2
E,"[0, 1, 2, 3, 4, 5]",47,40,0,436,1,2
E,"[0, 1, 2, 3, 4, 5]",47,40,1,692,4,4
E,"[0, 1, 2, 3, 4, 5]",47,40,2,1150,0,3
E,"[0, 1, 2, 3, 4, 5]",47,40,3,13,1,1
E,"[0, 1, 2, 3, 4, 5]",47,40,4,1479,1,1
E,"[0, 1, 2, 3, 4, 5]",47,40,5,262,1,2
E,"[0, 1, 2, 3, 4, 5]",47,40,6,1742,0,0
E,"[0, 1, 2, 3, 4, 5]",47,40,7,1003,1,5
E,"[0, 1, 2, 3, 4, 5]",47,40,8,1747,4,5
E,"[0, 1, 2, 3, 4, 5]",47,40,9,69,5,5
E,"[0, 1, 2, 3, 4, 5]",47,40,10,1588,2,2
E,"[0, 1, 2, 3, 4, 5]",47,40,11,1253,5,0
E,"[0, 1, 2, 3, 4, 5]",47,40,12,1131,0,0
E,"[0, 1, 2, 3, 4, 5]",47,40,13,500,3,3
E,"[0, 1, 2, 3, 4, 5]",47,40,14,322,0,3
E,"[0, 1, 2, 3, 4, 5]",47,40,15,502,3,0
E,"[0, 1, 2, 3, 4, 5]",47,40,16,408,1,2
E,"[0, 1, 2, 3, 4, 5]",47,40,17,1388,1,1
E,"[0, 1, 2, 3, 4, 5]",47,40,18,1305,4,4
E,"[0, 1, 2, 3, 4, 5]",47,40,19,1710,3,3
E,"[0, 1, 2, 3, 4, 5]",48,40,0,922,3,4
E,"[0, 1, 2, 3, 4, 5]",48,40,1,1485,5,5
E,"[0, 1, 2, 3, 4, 5]",48,40,2,1206,1,2
E,"[0, 1, 2, 3, 4, 5]",48,40,3,1509,4,3
E,"[0, 1, 2, 3, 4, 5]",48,40,4,832,4,5
E,"[0, 1, 2, 3, 4, 5]",48,40,5,1774,5,5
E,"[0, 1, 2, 3, 4, 5]",48,40,6,1979,3,0
E,"[0, 1, 2, 3, 4, 5]",48,40,7,1506,1,3
E,"[0, 1, 2, 3, 4, 5]",48,40,8,319,4,5
E,"[0, 1, 2, 3, 4, 5]",48,40,9,1282,3,4
E,"[0, 1, 2, 3, 4, 5]",48,40,10,1583,1,2
E,"[0, 1, 2, 3, 4, 5]",48,40,11,200,1,1
E,"[0, 1, 2, 3, 4, 5]",48,40,12,398,0,0
E,"[0, 1, 2, 3, 4, 5]",48,40,13,1195,0,1
E,"[0, 1, 2, 3, 4, 5]",48,40,14,152,5,5
E,"[0, 1, 2, 3, 4, 5]",48,40,15,593,2,2
E,"[0, 1, 2, 3, 4, 5]",48,40,16,995,4,4
E,"[0, 1, 2, 3, 4, 5]",48,40,17,1299,3,3
E,"[0, 1, 2, 3, 4, 5]",48,40,18,711,3,1
E,"[0, 1, 2, 3, 4, 5]",48,40,19,1292,0,0
E,"[0, 1, 2, 3, 4, 5]",49,40,0,1000,1,1
E,"[0, 1, 2, 3, 4, 5]",49,40,1,133,3,3
E,"[0, 1, 2, 3, 4, 5]",49,40,2,1531,4,4
E,"[0, 1, 2, 3, 4, 5]",49,40,3,316,2,2
E,"[0, 1, 2, 3, 4, 5]",49,40,4,537,3,3
E,"[0, 1, 2, 3, 4, 5]",49,40,5,1365,0,0
E,"[0, 1, 2, 3, 4, 5]",49,40,6,1538,1,4
E,"[0, 1, 2, 3, 4, 5]",49,40,7,543,5,5
E,"[0, 1, 2, 3, 4, 5]",49,40,8,1110,0,0
E,"[0, 1, 2, 3, 4, 5]",49,40,9,389,0,0
E,"[0, 1, 2, 3, 4, 5]",49,40,10,1087,1,2
E,"[0, 1, 2, 3, 4, 5]",49,40,11,415,1,5
E,"[0, 1, 2, 3, 4, 5]",49,40,12,1234,5,5
E,"[0, 1, 2, 3, 4, 5]",49,40,13,1729,1,2
E,"[0, 1, 2, 3, 4, 5]",49,40,14,1048,5,4
E,"[0, 1, 2, 3, 4, 5]",49,40,15,168,2,2
E,"[0, 1, 2, 3, 4, 5]",49,40,16,1928,4,0
E,"[0, 1, 2, 3, 4, 5]",49,40,17,790,1,2
E,"[0, 1, 2, 3, 4, 5]",49,40,18,267,1,1
E,"[0, 1, 2, 3, 4, 5]",49,40,19,1810,4,4
GE,"[0, 4, 5]",0,40,0,2967,5,4
GE,"[0, 4, 5]",0,40,1,2319,4,0
GE,"[0, 4, 5]",0,40,2,1075,0,0
GE,"[0, 4, 5]",0,40,3,2699,5,5
GE,"[0, 4, 5]",0,40,4,1052,4,0
GE,"[0, 4, 5]",0,40,5,940,4,0
GE,"[0, 4, 5]",0,40,6,1385,0,5
GE,"[0, 4, 5]",0,40,7,3896,5,4
GE,"[0, 4, 5]",0,40,8,3718,4,4
GE,"[0, 4, 5]",0,40,9,4046,4,0
GE,"[0, 4, 5]",0,40,10,2307,0,0
GE,"[0, 4, 5]",0,40,11,4314,0,0
GE,"[0, 4, 5]",0,40,12,3120,4,5
GE,"[0, 4, 5]",0,40,13,1097,5,5
GE,"[0, 4, 5]",0,40,14,3737,5,5
GE,"[0, 4, 5]",0,40,15,1473,5,4
GE,"[0, 4, 5]",0,40,16,4225,0,0
GE,"[0, 4, 5]",0,40,17,3113,4,5
GE,"[0, 4, 5]",0,40,18,4523,0,4
GE,"[0, 4, 5]",0,40,19,3229,4,4
GE,"[0, 4, 5]",1,40,0,1472,4,4
GE,"[0, 4, 5]",1,40,1,2496,4,0
GE,"[0, 4, 5]",1,40,2,1341,0,0
GE,"[0, 4, 5]",1,40,3,4360,0,0
GE,"[0, 4, 5]",1,40,4,2346,0,5
GE,"[0, 4, 5]",1,40,5,3680,0,0
GE,"[0, 4, 5]",1,40,6,2864,0,4
GE,"[0, 4, 5]",1,40,7,619,0,0
GE,"[0, 4, 5]",1,40,8,2585,5,5
GE,"[0, 4, 5]",1,40,9,356,0,4
GE,"[0, 4, 5]",1,40,10,2319,4,0
GE,"[0, 4, 5]",1,40,11,2000,4,0
GE,"[0, 4, 5]",1,40,12,1919,4,4
GE,"[0, 4, 5]",1,40,13,2867,4,0
GE,"[0, 4, 5]",1,40,14,3922,4,4
GE,"[0, 4, 5]",1,40,15,1749,0,0
GE,"[0, 4, 5]",1,40,16,4082,0,5
GE,"[0, 4, 5]",1,40,17,3717,4,5
GE,"[0, 4, 5]",1,40,18,3698,0,0
GE,"[0, 4, 5]",1,40,19,3896,5,4
GE,"[0, 4, 5]",2,40,0,2089,4,4
GE,"[0, 4, 5]",2,40,1,3113,4,5
GE,"[0, 4, 5]",2,40,2,3322,4,5
GE,"[0, 4, 5]",2,40,3,2238,5,5
GE,"[0, 4, 5]",2,40,4,1204,4,4
GE,"[0, 4, 5]",2,40,5,1272,0,5
GE,"[0, 4, 5]",2,40,6,1639,5,0
GE,"[0, 4, 5]",2,40,7,1259,4,0
GE,"[0, 4, 5]",2,40,8,1473,5,4
GE,"[0, 4, 5]",2,40,9,2967,5,4
GE,"[0, 4, 5]",2,40,10,1131,5,5
GE,"[0, 4, 5]",2,40,11,1385,0,5
GE,"[0, 4, 5]",2,40,12,2585,5,5
GE,"[0, 4, 5]",2,40,13,2301,0,4
GE,"[0, 4, 5]",2,40,14,2316,4,0
GE,"[0, 4, 5]",2,40,15,2962,4,4
GE,"[0, 4, 5]",2,40,16,2092,0,0
GE,"[0, 4, 5]",2,40,17,2240,0,0
GE,"[0, 4, 5]",2,40,18,2496,4,0
GE,"[0, 4, 5]",2,40,19,3120,4,5
GE,"[0, 4, 5]",3,40,0,3176,4,0
GE,"[0, 4, 5]",3,40,1,1385,0,5
GE,"[0, 4, 5]",3,40,2,3769,5,5
GE,"[0, 4, 5]",3,40,3,4466,4,4
GE,"[0, 4, 5]",3,40,4,701,5,5
GE,"[0, 4, 5]",3,40,5,3120,4,5
GE,"[0, 4, 5]",3,40,6,2052,0,4
GE,"[0, 4, 5]",3,40,7,2211,0,0
GE,"[0, 4, 5]",3,40,8,4082,0,5
GE,"[0, 4, 5]",3,40,9,1428,0,4
GE,"[0, 4, 5]",3,40,10,2273,4,4
GE,"[0, 4, 5]",3,40,11,2316,4,0
GE,"[0, 4, 5]",3,40,12,1341,0,0
GE,"[0, 4, 5]",3,40,13,230,0,4
GE,"[0, 4, 5]",3,40,14,3156,5,0
GE,"[0, 4, 5]",3,40,15,1259,4,0
GE,"[0, 4, 5]",3,40,16,3322,4,5
GE,"[0, 4, 5]",3,40,17,2918,4,4
GE,"[0, 4, 5]",3,40,18,2277,5,5
GE,"[0, 4, 5]",3,40,19,1510,0,0
GE,"[0, 4, 5]",4,40,0,262,5,5
GE,"[0, 4, 5]",4,40,1,3690,5,5
GE,"[0, 4, 5]",4,40,2,1846,5,5
GE,"[0, 4, 5]",4,40,3,796,4,0
GE,"[0, 4, 5]",4,40,4,3150,0,0
GE,"[0, 4, 5]",4,40,5,3134,4,4
GE,"[0, 4, 5]",4,40,6,1385,0,5
GE,"[0, 4, 5]",4,40,7,1272,0,5
GE,"[0, 4, 5]",4,40,8,3113,4,5
GE,"[0, 4, 5]",4,40,9,2346,0,5
GE,"[0, 4, 5]",4,40,10,1264,5,4
GE,"[0, 4, 5]",4,40,11,3120,4,5
GE,"[0, 4, 5]",4,40,12,2798,4,4
GE,"[0, 4, 5]",4,40,13,427,0,4
GE,"[0, 4, 5]",4,40,14,1069,0,0
GE,"[0, 4, 5]",4,40,15,1901,4,4
GE,"[0, 4, 5]",4,40,16,1,0,0
GE,"[0, 4, 5]",4,40,17,1957,0,4
GE,"[0, 4, 5]",4,40,18,1639,5,0
GE,"[0, 4, 5]",4,40,19,4381,5,5
GE,"[0, 4, 5]",5,40,0,157,5,5
GE,"[0, 4, 5]",5,40,1,2000,4,0
GE,"[0, 4, 5]",5,40,2,3120,4,5
GE,"[0, 4, 5]",5,40,3,4523,0,4
GE,"[0, 4, 5]",5,40,4,2346,0,5
GE,"[0, 4, 5]",5,40,5,2319,4,0
GE,"[0, 4, 5]",5,40,6,1272,0,5
GE,"[0, 4, 5]",5,40,7,1957,0,4
GE,"[0, 4, 5]",5,40,8,2743,5,5
GE,"[0, 4, 5]",5,40,9,2496,4,0
GE,"[0, 4, 5]",5,40,10,2766,0,0
GE,"[0, 4, 5]",5,40,11,3896,5,4
GE,"[0, 4, 5]",5,40,12,2897,4,4
GE,"[0, 4, 5]",5,40,13,1693,4,4
GE,"[0, 4, 5]",5,40,14,616,0,4
GE,"[0, 4, 5]",5,40,15,3153,0,0
GE,"[0, 4, 5]",5,40,16,1085,0,0
GE,"[0, 4, 5]",5,40,17,191,0,0
GE,"[0, 4, 5]",5,40,18,796,4,0
GE,"[0, 4, 5]",5,40,19,3322,4,5
GE,"[0, 4, 5]",6,40,0,940,4,0
GE,"[0, 4, 5]",6,40,1,3784,0,0
GE,"[0, 4, 5]",6,40,2,2277,5,5
GE,"[0, 4, 5]",6,40,3,2867,4,0
GE,"[0, 4, 5]",6,40,4,2346,0,5
GE,"[0, 4, 5]",6,40,5,610,0,0
GE,"[0, 4, 5]",6,40,6,3379,5,5
GE,"[0, 4, 5]",6,40,7,4523,0,4
GE,"[0, 4, 5]",6,40,8,3120,4,5
GE,"[0, 4, 5]",6,40,9,3150,0,0
GE,"[0, 4, 5]",6,40,10,3723,4,4
GE,"[0, 4, 5]",6,40,11,1259,4,0
GE,"[0, 4, 5]",6,40,12,751,0,0
GE,"[0, 4, 5]",6,40,13,1428,0,4
GE,"[0, 4, 5]",6,40,14,1453,0,0
GE,"[0, 4, 5]",6,40,15,3322,4,5
GE,"[0, 4, 5]",6,40,16,4082,0,5
GE,"[0, 4, 5]",6,40,17,4046,4,0
GE,"[0, 4, 5]",6,40,18,2692,4,4
GE,"[0, 4, 5]",6,40,19,3737,5,5
GE,"[0, 4, 5]",7,40,0,2092,0,0
GE,"[0, 4, 5]",7,40,1,2319,4,0
GE,"[0, 4, 5]",7,40,2,1957,0,4
GE,"[0, 4, 5]",7,40,3,2324,5,5
GE,"[0, 4, 5]",7,40,4,2890,4,5
GE,"[0, 4, 5]",7,40,5,157,5,5
GE,"[0, 4, 5]",7,40,6,3607,4,4
GE,"[0, 4, 5]",7,40,7,616,0,4
GE,"[0, 4, 5]",7,40,8,3379,5,5
GE,"[0, 4, 5]",7,40,9,4514,0,4
GE,"[0, 4, 5]",7,40,10,2407,0,0
GE,"[0, 4, 5]",7,40,11,3021,4,4
GE,"[0, 4, 5]",7,40,12,4082,0,5
GE,"[0, 4, 5]",7,40,13,4222,4,0
GE,"[0, 4, 5]",7,40,14,2586,5,4
GE,"[0, 4, 5]",7,40,15,3717,4,5
GE,"[0, 4, 5]",7,40,16,438,0,0
GE,"[0, 4, 5]",7,40,17,3322,4,5
GE,"[0, 4, 5]",7,40,18,1160,0,0
GE,"[0, 4, 5]",7,40,19,356,0,4
GE,"[0, 4, 5]",8,40,0,1639,5,0
GE,"[0, 4, 5]",8,40,1,3717,4,5
GE,"[0, 4, 5]",8,40,2,4082,0,5
GE,"[0, 4, 5]",8,40,3,3222,0,0
GE,"[0, 4, 5]",8,40,4,3741,4,4
GE,"[0, 4, 5]",8,40,5,3120,4,5
GE,"[0, 4, 5]",8,40,6,2052,0,4
GE,"[0, 4, 5]",8,40,7,2699,5,5
GE,"[0, 4, 5]",8,40,8,2053,0,0
GE,"[0, 4, 5]",8,40,9,819,4,4
GE,"[0, 4, 5]",8,40,10,3314,0,0
GE,"[0, 4, 5]",8,40,11,2277,5,5
GE,"[0, 4, 5]",8,40,12,616,0,4
GE,"[0, 4, 5]",8,40,13,3113,4,5
GE,"[0, 4, 5]",8,40,14,3769,5,5
GE,"[0, 4, 5]",8,40,15,1052,4,0
GE,"[0, 4, 5]",8,40,16,3031,4,4
GE,"[0, 4, 5]",8,40,17,1428,0,4
GE,"[0, 4, 5]",8,40,18,3557,4,4
GE,"[0, 4, 5]",8,40,19,230,0,4
GE,"[0, 4, 5]",9,40,0,3699,4,0
GE,"[0, 4, 5]",9,40,1,2927,4,4
GE,"[0, 4, 5]",9,40,2,1393,4,4
GE,"[0, 4, 5]",9,40,3,4562,0,0
GE,"[0, 4, 5]",9,40,4,616,0,4
GE,"[0, 4, 5]",9,40,5,4413,4,4
GE,"[0, 4, 5]",9,40,6,3896,5,4
GE,"[0, 4, 5]",9,40,7,3389,0,0
GE,"[0, 4, 5]",9,40,8,3690,5,5
GE,"[0, 4, 5]",9,40,9,3120,4,5
GE,"[0, 4, 5]",9,40,10,1052,4,0
GE,"[0, 4, 5]",9,40,11,4046,4,0
GE,"[0, 4, 5]",9,40,12,2277,5,5
GE,"[0, 4, 5]",9,40,13,627,0,0
GE,"[0, 4, 5]",9,40,14,4008,5,5
GE,"[0, 4, 5]",9,40,15,1326,5,5
GE,"[0, 4, 5]",9,40,16,940,4,0
GE,"[0, 4, 5]",9,40,17,3322,4,5
GE,"[0, 4, 5]",9,40,18,1746,4,4
GE,"[0, 4, 5]",9,40,19,4538,4,4
GE,"[0, 4, 5]",10,40,0,2864,0,4
GE,"[0, 4, 5]",10,40,1,3698,0,0
GE,"[0, 4, 5]",10,40,2,230,0,4
GE,"[0, 4, 5]",10,40,3,2346,0,5
GE,"[0, 4, 5]",10,40,4,1237,5,5
GE,"[0, 4, 5]",10,40,5,2389,5,5
GE,"[0, 4, 5]",10,40,6,1097,5,5
GE,"[0, 4, 5]",10,40,7,4321,0,0
GE,"[0, 4, 5]",10,40,8,4489,0,0
GE,"[0, 4, 5]",10,40,9,1105,5,4
GE,"[0, 4, 5]",10,40,10,2111,5,5
GE,"[0, 4, 5]",10,40,11,1428,0,4
GE,"[0, 4, 5]",10,40,12,2864,0,4
GE,"[0, 4, 5]",10,40,13,2455,5,5
GE,"[0, 4, 5]",10,40,14,2869,4,4
GE,"[0, 4, 5]",10,40,15,2890,4,5
GE,"[0, 4, 5]",10,40,16,1272,0,5
GE,"[0, 4, 5]",10,40,17,3451,4,4
GE,"[0, 4, 5]",10,40,18,3536,0,0
GE,"[0, 4, 5]",10,40,19,2263,4,4
GE,"[0, 4, 5]",11,40,0,576,4,4
GE,"[0, 4, 5]",11,40,1,3896,5,4
GE,"[0, 4, 5]",11,40,2,4082,0,5
GE,"[0, 4, 5]",11,40,3,2586,5,4
GE,"[0, 4, 5]",11,40,4,3690,5,5
GE,"[0, 4, 5]",11,40,5,4360,0,0
GE,"[0, 4, 5]",11,40,6,1472,4,4
GE,"[0, 4, 5]",11,40,7,2389,5,5
GE,"[0, 4, 5]",11,40,8,2316,4,0
GE,"[0, 4, 5]",11,40,9,230,0,4
GE,"[0, 4, 5]",11,40,10,3322,4,5
GE,"[0, 4, 5]",11,40,11,1052,4,0
GE,"[0, 4, 5]",11,40,12,586,4,4
GE,"[0, 4, 5]",11,40,13,2743,5,5
GE,"[0, 4, 5]",11,40,14,3176,4,0
GE,"[0, 4, 5]",11,40,15,2301,0,4
GE,"[0, 4, 5]",11,40,16,2346,0,5
GE,"[0, 4, 5]",11,40,17,4046,4,0
GE,"[0, 4, 5]",11,40,18,571,0,0
GE,"[0, 4, 5]",11,40,19,2685,4,0
GE,"[0, 4, 5]",12,40,0,2993,0,0
GE,"[0, 4, 5]",12,40,1,3690,5,5
GE,"[0, 4, 5]",12,40,2,616,0,4
GE,"[0, 4, 5]",12,40,3,4170,4,4
GE,"[0, 4, 5]",12,40,4,1085,0,0
GE,"[0, 4, 5]",12,40,5,356,0,4
GE,"[0, 4, 5]",12,40,6,2000,4,0
GE,"[0, 4, 5]",12,40,7,1105,5,4
GE,"[0, 4, 5]",12,40,8,4008,5,5
GE,"[0, 4, 5]",12,40,9,4509,0,0
GE,"[0, 4, 5]",12,40,10,1052,4,0
GE,"[0, 4, 5]",12,40,11,536,4,4
GE,"[0, 4, 5]",12,40,12,3737,5,5
GE,"[0, 4, 5]",12,40,13,3250,5,4
GE,"[0, 4, 5]",12,40,14,3120,4,5
GE,"[0, 4, 5]",12,40,15,3770,4,4
GE,"[0, 4, 5]",12,40,16,2496,4,0
GE,"[0, 4, 5]",12,40,17,4222,4,0
GE,"[0, 4, 5]",12,40,18,3699,4,0
GE,"[0, 4, 5]",12,40,19,3176,4,0
GE,"[0, 4, 5]",13,40,0,3721,4,4
GE,"[0, 4, 5]",13,40,1,2319,4,0
GE,"[0, 4, 5]",13,40,2,3120,4,5
GE,"[0, 4, 5]",13,40,3,4527,0,0
GE,"[0, 4, 5]",13,40,4,157,5,5
GE,"[0, 4, 5]",13,40,5,3176,4,0
GE,"[0, 4, 5]",13,40,6,945,5,5
GE,"[0, 4, 5]",13,40,7,1272,0,5
GE,"[0, 4, 5]",13,40,8,3769,5,5
GE,"[0, 4, 5]",13,40,9,1259,4,0
GE,"[0, 4, 5]",13,40,10,3113,4,5
GE,"[0, 4, 5]",13,40,11,3717,4,5
GE,"[0, 4, 5]",13,40,12,4222,4,0
GE,"[0, 4, 5]",13,40,13,3123,0,0
GE,"[0, 4, 5]",13,40,14,375,4,4
GE,"[0, 4, 5]",13,40,15,2716,5,5
GE,"[0, 4, 5]",13,40,16,262,5,5
GE,"[0, 4, 5]",13,40,17,1105,5,4
GE,"[0, 4, 5]",13,40,18,3474,0,0
GE,"[0, 4, 5]",13,40,19,1385,0,5
GE,"[0, 4, 5]",14,40,0,1272,0,5
GE,"[0, 4, 5]",14,40,1,873,4,4
GE,"[0, 4, 5]",14,40,2,61,4,4
GE,"[0, 4, 5]",14,40,3,2316,4,0
GE,"[0, 4, 5]",14,40,4,2918,4,4
GE,"[0, 4, 5]",14,40,5,2052,0,4
GE,"[0, 4, 5]",14,40,6,4412,4,4
GE,"[0, 4, 5]",14,40,7,1393,4,4
GE,"[0, 4, 5]",14,40,8,4523,0,4
GE,"[0, 4, 5]",14,40,9,2699,5,5
GE,"[0, 4, 5]",14,40,10,3176,4,0
GE,"[0, 4, 5]",14,40,11,1007,4,0
GE,"[0, 4, 5]",14,40,12,1385,0,5
GE,"[0, 4, 5]",14,40,13,2321,4,4
GE,"[0, 4, 5]",14,40,14,3113,4,5
GE,"[0, 4, 5]",14,40,15,1259,4,0
GE,"[0, 4, 5]",14,40,16,1957,0,4
GE,"[0, 4, 5]",14,40,17,571,0,0
GE,"[0, 4, 5]",14,40,18,2890,4,5
GE,"[0, 4, 5]",14,40,19,940,4,0
GE,"[0, 4, 5]",15,40,0,318,0,0
GE,"[0, 4, 5]",15,40,1,3120,4,5
GE,"[0, 4, 5]",15,40,2,2206,0,0
GE,"[0, 4, 5]",15,40,3,1259,4,0
GE,"[0, 4, 5]",15,40,4,1919,4,4
GE,"[0, 4, 5]",15,40,5,3113,4,5
GE,"[0, 4, 5]",15,40,6,2869,4,4
GE,"[0, 4, 5]",15,40,7,1131,5,5
GE,"[0, 4, 5]",15,40,8,945,5,5
GE,"[0, 4, 5]",15,40,9,723,5,5
GE,"[0, 4, 5]",15,40,10,4378,0,0
GE,"[0, 4, 5]",15,40,11,3250,5,4
GE,"[0, 4, 5]",15,40,12,2333,4,4
GE,"[0, 4, 5]",15,40,13,2052,0,4
GE,"[0, 4, 5]",15,40,14,1097,5,5
GE,"[0, 4, 5]",15,40,15,2927,4,4
GE,"[0, 4, 5]",15,40,16,2389,5,5
GE,"[0, 4, 5]",15,40,17,3134,4,4
GE,"[0, 4, 5]",15,40,18,2864,0,4
GE,"[0, 4, 5]",15,40,19,3031,4,4
GE,"[0, 4, 5]",16,40,0,1639,5,0
GE,"[0, 4, 5]",16,40,1,2879,0,0
GE,"[0, 4, 5]",16,40,2,696,5,5
GE,"[0, 4, 5]",16,40,3,4316,5,5
GE,"[0, 4, 5]",16,40,4,3113,4,5
GE,"[0, 4, 5]",16,40,5,2867,4,0
GE,"[0, 4, 5]",16,40,6,2685,4,0
GE,"[0, 4, 5]",16,40,7,2089,4,4
GE,"[0, 4, 5]",16,40,8,3322,4,5
GE,"[0, 4, 5]",16,40,9,2346,0,5
GE,"[0, 4, 5]",16,40,10,1473,5,4
GE,"[0, 4, 5]",16,40,11,4222,4,0
GE,"[0, 4, 5]",16,40,12,2577,4,4
GE,"[0, 4, 5]",16,40,13,3156,5,0
GE,"[0, 4, 5]",16,40,14,1576,0,0
GE,"[0, 4, 5]",16,40,15,1119,0,0
GE,"[0, 4, 5]",16,40,16,2819,4,4
GE,"[0, 4, 5]",16,40,17,2743,5,5
GE,"[0, 4, 5]",16,40,18,2163,5,4
GE,"[0, 4, 5]",16,40,19,230,0,4
GE,"[0, 4, 5]",17,40,0,3717,4,5
GE,"[0, 4, 5]",17,40,1,3721,4,4
GE,"[0, 4, 5]",17,40,2,1097,5,5
GE,"[0, 4, 5]",17,40,3,3031,4,4
GE,"[0, 4, 5]",17,40,4,3160,4,4
GE,"[0, 4, 5]",17,40,5,724,0,0
GE,"[0, 4, 5]",17,40,6,1957,0,4
GE,"[0, 4, 5]",17,40,7,2163,5,4
GE,"[0, 4, 5]",17,40,8,3314,0,0
GE,"[0, 4, 5]",17,40,9,3113,4,5
GE,"[0, 4, 5]",17,40,10,2240,0,0
GE,"[0, 4, 5]",17,40,11,4170,4,4
GE,"[0, 4, 5]",17,40,12,2277,5,5
GE,"[0, 4, 5]",17,40,13,3896,5,4
GE,"[0, 4, 5]",17,40,14,2319,4,0
GE,"[0, 4, 5]",17,40,15,2346,0,5
GE,"[0, 4, 5]",17,40,16,3767,0,0
GE,"[0, 4, 5]",17,40,17,4381,5,5
GE,"[0, 4, 5]",17,40,18,3756,4,4
GE,"[0, 4, 5]",17,40,19,4082,0,5
GE,"[0, 4, 5]",18,40,0,1131,5,5
GE,"[0, 4, 5]",18,40,1,1234,0,0
GE,"[0, 4, 5]",18,40,2,2976,0,0
GE,"[0, 4, 5]",18,40,3,4250,4,4
GE,"[0, 4, 5]",18,40,4,2319,4,0
GE,"[0, 4, 5]",18,40,5,4523,0,4
GE,"[0, 4, 5]",18,40,6,1272,0,5
GE,"[0, 4, 5]",18,40,7,616,0,4
GE,"[0, 4, 5]",18,40,8,2967,5,4
GE,"[0, 4, 5]",18,40,9,2395,4,4
GE,"[0, 4, 5]",18,40,10,1052,4,0
GE,"[0, 4, 5]",18,40,11,327,4,0
GE,"[0, 4, 5]",18,40,12,2585,5,5
GE,"[0, 4, 5]",18,40,13,2890,4,5
GE,"[0, 4, 5]",18,40,14,2163,5,4
GE,"[0, 4, 5]",18,40,15,2000,4,0
GE,"[0, 4, 5]",18,40,16,1264,5,4
GE,"[0, 4, 5]",18,40,17,1105,5,4
GE,"[0, 4, 5]",18,40,18,3922,4,4
GE,"[0, 4, 5]",18,40,19,2846,4,0
GE,"[0, 4, 5]",19,40,0,2263,4,4
GE,"[0, 4, 5]",19,40,1,616,0,4
GE,"[0, 4, 5]",19,40,2,1052,4,0
GE,"[0, 4, 5]",19,40,3,4202,4,4
GE,"[0, 4, 5]",19,40,4,723,5,5
GE,"[0, 4, 5]",19,40,5,1393,4,4
GE,"[0, 4, 5]",19,40,6,2743,5,5
GE,"[0, 4, 5]",19,40,7,230,0,4
GE,"[0, 4, 5]",19,40,8,2833,0,0
GE,"[0, 4, 5]",19,40,9,3717,4,5
GE,"[0, 4, 5]",19,40,10,4261,5,5
GE,"[0, 4, 5]",19,40,11,1919,4,4
GE,"[0, 4, 5]",19,40,12,4225,0,0
GE,"[0, 4, 5]",19,40,13,1264,5,4
GE,"[0, 4, 5]",19,40,14,2978,0,0
GE,"[0, 4, 5]",19,40,15,3698,0,0
GE,"[0, 4, 5]",19,40,16,2052,0,4
GE,"[0, 4, 5]",19,40,17,327,4,0
GE,"[0, 4, 5]",19,40,18,2616,5,5
GE,"[0, 4, 5]",19,40,19,3156,5,0
GE,"[0, 4, 5]",20,40,0,1473,5,4
GE,"[0, 4, 5]",20,40,1,1272,0,5
GE,"[0, 4, 5]",20,40,2,261,0,0
GE,"[0, 4, 5]",20,40,3,230,0,4
GE,"[0, 4, 5]",20,40,4,3536,0,0
GE,"[0, 4, 5]",20,40,5,3250,5,4
GE,"[0, 4, 5]",20,40,6,306,5,5
GE,"[0, 4, 5]",20,40,7,2967,5,4
GE,"[0, 4, 5]",20,40,8,2864,0,4
GE,"[0, 4, 5]",20,40,9,3120,4,5
GE,"[0, 4, 5]",20,40,10,157,5,5
GE,"[0, 4, 5]",20,40,11,3557,4,4
GE,"[0, 4, 5]",20,40,12,4082,0,5
GE,"[0, 4, 5]",20,40,13,3717,4,5
GE,"[0, 4, 5]",20,40,14,3322,4,5
GE,"[0, 4, 5]",20,40,15,3156,5,0
GE,"[0, 4, 5]",20,40,16,583,0,0
GE,"[0, 4, 5]",20,40,17,1259,4,0
GE,"[0, 4, 5]",20,40,18,3280,4,4
GE,"[0, 4, 5]",20,40,19,4523,0,4
GE,"[0, 4, 5]",21,40,0,1712,0,0
GE,"[0, 4, 5]",21,40,1,1052,4,0
GE,"[0, 4, 5]",21,40,2,1385,0,5
GE,"[0, 4, 5]",21,40,3,2052,0,4
GE,"[0, 4, 5]",21,40,4,2496,4,0
GE,"[0, 4, 5]",21,40,5,1264,5,4
GE,"[0, 4, 5]",21,40,6,1399,4,4
GE,"[0, 4, 5]",21,40,7,262,5,5
GE,"[0, 4, 5]",21,40,8,616,0,4
GE,"[0, 4, 5]",21,40,9,4381,5,5
GE,"[0, 4, 5]",21,40,10,3699,4,0
GE,"[0, 4, 5]",21,40,11,4316,5,5
GE,"[0, 4, 5]",21,40,12,2238,5,5
GE,"[0, 4, 5]",21,40,13,3680,0,0
GE,"[0, 4, 5]",21,40,14,940,4,0
GE,"[0, 4, 5]",21,40,15,1459,0,0
GE,"[0, 4, 5]",21,40,16,3769,5,5
GE,"[0, 4, 5]",21,40,17,2485,0,0
GE,"[0, 4, 5]",21,40,18,3899,4,4
GE,"[0, 4, 5]",21,40,19,356,0,4
GE,"[0, 4, 5]",22,40,0,2867,4,0
GE,"[0, 4, 5]",22,40,1,3896,5,4
GE,"[0, 4, 5]",22,40,2,2890,4,5
GE,"[0, 4, 5]",22,40,3,2277,5,5
GE,"[0, 4, 5]",22,40,4,2000,4,0
GE,"[0, 4, 5]",22,40,5,1510,0,0
GE,"[0, 4, 5]",22,40,6,4082,0,5
GE,"[0, 4, 5]",22,40,7,2879,0,0
GE,"[0, 4, 5]",22,40,8,3120,4,5
GE,"[0, 4, 5]",22,40,9,365,0,0
GE,"[0, 4, 5]",22,40,10,2574,0,0
GE,"[0, 4, 5]",22,40,11,586,4,4
GE,"[0, 4, 5]",22,40,12,4250,4,4
GE,"[0, 4, 5]",22,40,13,2685,4,0
GE,"[0, 4, 5]",22,40,14,616,0,4
GE,"[0, 4, 5]",22,40,15,1473,5,4
GE,"[0, 4, 5]",22,40,16,3101,0,0
GE,"[0, 4, 5]",22,40,17,3550,0,0
GE,"[0, 4, 5]",22,40,18,157,5,5
GE,"[0, 4, 5]",22,40,19,3690,5,5
GE,"[0, 4, 5]",23,40,0,2507,0,4
GE,"[0, 4, 5]",23,40,1,2346,0,5
GE,"[0, 4, 5]",23,40,2,2846,4,0
GE,"[0, 4, 5]",23,40,3,3717,4,5
GE,"[0, 4, 5]",23,40,4,2867,4,0
GE,"[0, 4, 5]",23,40,5,262,5,5
GE,"[0, 4, 5]",23,40,6,616,0,4
GE,"[0, 4, 5]",23,40,7,230,0,4
GE,"[0, 4, 5]",23,40,8,3250,5,4
GE,"[0, 4, 5]",23,40,9,2685,4,0
GE,"[0, 4, 5]",23,40,10,4316,5,5
GE,"[0, 4, 5]",23,40,11,3160,4,4
GE,"[0, 4, 5]",23,40,12,2301,0,4
GE,"[0, 4, 5]",23,40,13,3113,4,5
GE,"[0, 4, 5]",23,40,14,2890,4,5
GE,"[0, 4, 5]",23,40,15,2699,5,5
GE,"[0, 4, 5]",23,40,16,4538,4,4
GE,"[0, 4, 5]",23,40,17,2743,5,5
GE,"[0, 4, 5]",23,40,18,2304,0,0
GE,"[0, 4, 5]",23,40,19,2321,4,4
GE,"[0, 4, 5]",24,40,0,2301,0,4
GE,"[0, 4, 5]",24,40,1,2797,0,0
GE,"[0, 4, 5]",24,40,2,3222,0,0
GE,"[0, 4, 5]",24,40,3,536,4,4
GE,"[0, 4, 5]",24,40,4,2052,0,4
GE,"[0, 4, 5]",24,40,5,2733,5,5
GE,"[0, 4, 5]",24,40,6,3474,0,0
GE,"[0, 4, 5]",24,40,7,1237,5,5
GE,"[0, 4, 5]",24,40,8,4514,0,4
GE,"[0, 4, 5]",24,40,9,327,4,0
GE,"[0, 4, 5]",24,40,10,3899,4,4
GE,"[0, 4, 5]",24,40,11,819,4,4
GE,"[0, 4, 5]",24,40,12,3557,4,4
GE,"[0, 4, 5]",24,40,13,3645,5,5
GE,"[0, 4, 5]",24,40,14,4413,4,4
GE,"[0, 4, 5]",24,40,15,1453,0,0
GE,"[0, 4, 5]",24,40,16,4082,0,5
GE,"[0, 4, 5]",24,40,17,2346,0,5
GE,"[0, 4, 5]",24,40,18,2743,5,5
GE,"[0, 4, 5]",24,40,19,3176,4,0
GE,"[0, 4, 5]",25,40,0,4082,0,5
GE,"[0, 4, 5]",25,40,1,2319,4,0
GE,"[0, 4, 5]",25,40,2,1259,4,0
GE,"[0, 4, 5]",25,40,3,3756,4,4
GE,"[0, 4, 5]",25,40,4,2561,4,4
GE,"[0, 4, 5]",25,40,5,1385,0,5
GE,"[0, 4, 5]",25,40,6,1793,4,4
GE,"[0, 4, 5]",25,40,7,3113,4,5
GE,"[0, 4, 5]",25,40,8,4056,0,0
GE,"[0, 4, 5]",25,40,9,2379,0,0
GE,"[0, 4, 5]",25,40,10,616,0,4
GE,"[0, 4, 5]",25,40,11,327,4,0
GE,"[0, 4, 5]",25,40,12,1428,0,4
GE,"[0, 4, 5]",25,40,13,940,4,0
GE,"[0, 4, 5]",25,40,14,2867,4,0
GE,"[0, 4, 5]",25,40,15,1272,0,5
GE,"[0, 4, 5]",25,40,16,3640,0,0
GE,"[0, 4, 5]",25,40,17,2577,4,4
GE,"[0, 4, 5]",25,40,18,2864,0,4
GE,"[0, 4, 5]",25,40,19,4250,4,4
GE,"[0, 4, 5]",26,40,0,2425,0,0
GE,"[0, 4, 5]",26,40,1,1335,0,0
GE,"[0, 4, 5]",26,40,2,2846,4,0
GE,"[0, 4, 5]",26,40,3,2324,5,5
GE,"[0, 4, 5]",26,40,4,796,4,0
GE,"[0, 4, 5]",26,40,5,2976,0,0
GE,"[0, 4, 5]",26,40,6,2716,5,5
GE,"[0, 4, 5]",26,40,7,3120,4,5
GE,"[0, 4, 5]",26,40,8,2373,0,0
GE,"[0, 4, 5]",26,40,9,3113,4,5
GE,"[0, 4, 5]",26,40,10,3769,5,5
GE,"[0, 4, 5]",26,40,11,2238,5,5
GE,"[0, 4, 5]",26,40,12,536,4,4
GE,"[0, 4, 5]",26,40,13,3457,0,0
GE,"[0, 4, 5]",26,40,14,1269,0,0
GE,"[0, 4, 5]",26,40,15,4222,4,0
GE,"[0, 4, 5]",26,40,16,3215,4,4
GE,"[0, 4, 5]",26,40,17,1639,5,0
GE,"[0, 4, 5]",26,40,18,3717,4,5
GE,"[0, 4, 5]",26,40,19,1234,0,0
GE,"[0, 4, 5]",27,40,0,2301,0,4
GE,"[0, 4, 5]",27,40,1,3896,5,4
GE,"[0, 4, 5]",27,40,2,3021,4,4
GE,"[0, 4, 5]",27,40,3,1127,4,4
GE,"[0, 4, 5]",27,40,4,1052,4,0
GE,"[0, 4, 5]",27,40,5,3916,0,0
GE,"[0, 4, 5]",27,40,6,3690,5,5
GE,"[0, 4, 5]",27,40,7,2496,4,0
GE,"[0, 4, 5]",27,40,8,2890,4,5
GE,"[0, 4, 5]",27,40,9,4082,0,5
GE,"[0, 4, 5]",27,40,10,3717,4,5
GE,"[0, 4, 5]",27,40,11,143,0,0
GE,"[0, 4, 5]",27,40,12,1861,0,0
GE,"[0, 4, 5]",27,40,13,3322,4,5
GE,"[0, 4, 5]",27,40,14,940,4,0
GE,"[0, 4, 5]",27,40,15,2616,5,5
GE,"[0, 4, 5]",27,40,16,3699,4,0
GE,"[0, 4, 5]",27,40,17,831,4,4
GE,"[0, 4, 5]",27,40,18,1105,5,4
GE,"[0, 4, 5]",27,40,19,427,0,4
GE,"[0, 4, 5]",28,40,0,3717,4,5
GE,"[0, 4, 5]",28,40,1,2616,5,5
GE,"[0, 4, 5]",28,40,2,1473,5,4
GE,"[0, 4, 5]",28,40,3,2496,4,0
GE,"[0, 4, 5]",28,40,4,2507,0,4
GE,"[0, 4, 5]",28,40,5,2319,4,0
GE,"[0, 4, 5]",28,40,6,1957,0,4
GE,"[0, 4, 5]",28,40,7,2442,4,4
GE,"[0, 4, 5]",28,40,8,4381,5,5
GE,"[0, 4, 5]",28,40,9,2607,5,4
GE,"[0, 4, 5]",28,40,10,1639,5,0
GE,"[0, 4, 5]",28,40,11,2890,4,5
GE,"[0, 4, 5]",28,40,12,1428,0,4
GE,"[0, 4, 5]",28,40,13,2927,4,4
GE,"[0, 4, 5]",28,40,14,2528,4,4
GE,"[0, 4, 5]",28,40,15,4360,0,0
GE,"[0, 4, 5]",28,40,16,1385,0,5
GE,"[0, 4, 5]",28,40,17,4082,0,5
GE,"[0, 4, 5]",28,40,18,2346,0,5
GE,"[0, 4, 5]",28,40,19,3113,4,5
GE,"[0, 4, 5]",29,40,0,1075,0,0
GE,"[0, 4, 5]",29,40,1,3896,5,4
GE,"[0, 4, 5]",29,40,2,2346,0,5
GE,"[0, 4, 5]",29,40,3,3322,4,5
GE,"[0, 4, 5]",29,40,4,2316,4,0
GE,"[0, 4, 5]",29,40,5,3717,4,5
GE,"[0, 4, 5]",29,40,6,61,4,4
GE,"[0, 4, 5]",29,40,7,3690,5,5
GE,"[0, 4, 5]",29,40,8,4056,0,0
GE,"[0, 4, 5]",29,40,9,2507,0,4
GE,"[0, 4, 5]",29,40,10,4261,5,5
GE,"[0, 4, 5]",29,40,11,1919,4,4
GE,"[0, 4, 5]",29,40,12,2052,0,4
GE,"[0, 4, 5]",29,40,13,2499,0,0
GE,"[0, 4, 5]",29,40,14,3156,5,0
GE,"[0, 4, 5]",29,40,15,2846,4,0
GE,"[0, 4, 5]",29,40,16,2799,0,0
GE,"[0, 4, 5]",29,40,17,1052,4,0
GE,"[0, 4, 5]",29,40,18,4381,5,5
GE,"[0, 4, 5]",29,40,19,2840,4,4
GE,"[0, 4, 5]",30,40,0,724,0,0
GE,"[0, 4, 5]",30,40,1,1694,0,0
GE,"[0, 4, 5]",30,40,2,940,4,0
GE,"[0, 4, 5]",30,40,3,1264,5,4
GE,"[0, 4, 5]",30,40,4,3466,0,0
GE,"[0, 4, 5]",30,40,5,2685,4,0
GE,"[0, 4, 5]",30,40,6,796,4,0
GE,"[0, 4, 5]",30,40,7,2211,0,0
GE,"[0, 4, 5]",30,40,8,2346,0,5
GE,"[0, 4, 5]",30,40,9,2496,4,0
GE,"[0, 4, 5]",30,40,10,3967,0,0
GE,"[0, 4, 5]",30,40,11,2127,0,0
GE,"[0, 4, 5]",30,40,12,4082,0,5
GE,"[0, 4, 5]",30,40,13,2967,5,4
GE,"[0, 4, 5]",30,40,14,1272,0,5
GE,"[0, 4, 5]",30,40,15,427,0,4
GE,"[0, 4, 5]",30,40,16,3379,5,5
GE,"[0, 4, 5]",30,40,17,3113,4,5
GE,"[0, 4, 5]",30,40,18,1901,4,4
GE,"[0, 4, 5]",30,40,19,723,5,5
GE,"[0, 4, 5]",31,40,0,3634,0,0
GE,"[0, 4, 5]",31,40,1,1119,0,0
GE,"[0, 4, 5]",31,40,2,2316,4,0
GE,"[0, 4, 5]",31,40,3,3250,5,4
GE,"[0, 4, 5]",31,40,4,2301,0,4
GE,"[0, 4, 5]",31,40,5,3607,4,4
GE,"[0, 4, 5]",31,40,6,1846,5,5
GE,"[0, 4, 5]",31,40,7,1131,5,5
GE,"[0, 4, 5]",31,40,8,4321,0,0
GE,"[0, 4, 5]",31,40,9,90,0,0
GE,"[0, 4, 5]",31,40,10,3120,4,5
GE,"[0, 4, 5]",31,40,11,4025,0,0
GE,"[0, 4, 5]",31,40,12,3156,5,0
GE,"[0, 4, 5]",31,40,13,3896,5,4
GE,"[0, 4, 5]",31,40,14,1264,5,4
GE,"[0, 4, 5]",31,40,15,616,0,4
GE,"[0, 4, 5]",31,40,16,1811,4,4
GE,"[0, 4, 5]",31,40,17,2319,4,0
GE,"[0, 4, 5]",31,40,18,2586,5,4
GE,"[0, 4, 5]",31,40,19,2967,5,4
GE,"[0, 4, 5]",32,40,0,2324,5,5
GE,"[0, 4, 5]",32,40,1,306,5,5
GE,"[0, 4, 5]",32,40,2,4514,0,4
GE,"[0, 4, 5]",32,40,3,280,0,0
GE,"[0, 4, 5]",32,40,4,2890,4,5
GE,"[0, 4, 5]",32,40,5,1639,5,0
GE,"[0, 4, 5]",32,40,6,2685,4,0
GE,"[0, 4, 5]",32,40,7,1712,0,0
GE,"[0, 4, 5]",32,40,8,3229,4,4
GE,"[0, 4, 5]",32,40,9,1824,0,0
GE,"[0, 4, 5]",32,40,10,1007,4,0
GE,"[0, 4, 5]",32,40,11,2867,4,0
GE,"[0, 4, 5]",32,40,12,2301,0,4
GE,"[0, 4, 5]",32,40,13,2976,0,0
GE,"[0, 4, 5]",32,40,14,1105,5,4
GE,"[0, 4, 5]",32,40,15,3922,4,4
GE,"[0, 4, 5]",32,40,16,3120,4,5
GE,"[0, 4, 5]",32,40,17,3031,4,4
GE,"[0, 4, 5]",32,40,18,2993,0,0
GE,"[0, 4, 5]",32,40,19,4345,0,0
GE,"[0, 4, 5]",33,40,0,4320,4,4
GE,"[0, 4, 5]",33,40,1,1882,0,0
GE,"[0, 4, 5]",33,40,2,4430,5,5
GE,"[0, 4, 5]",33,40,3,356,0,4
GE,"[0, 4, 5]",33,40,4,1767,4,4
GE,"[0, 4, 5]",33,40,5,3229,4,4
GE,"[0, 4, 5]",33,40,6,1105,5,4
GE,"[0, 4, 5]",33,40,7,456,0,0
GE,"[0, 4, 5]",33,40,8,3607,4,4
GE,"[0, 4, 5]",33,40,9,2163,5,4
GE,"[0, 4, 5]",33,40,10,1131,5,5
GE,"[0, 4, 5]",33,40,11,86,0,0
GE,"[0, 4, 5]",33,40,12,3113,4,5
GE,"[0, 4, 5]",33,40,13,2496,4,0
GE,"[0, 4, 5]",33,40,14,2683,0,0
GE,"[0, 4, 5]",33,40,15,1007,4,0
GE,"[0, 4, 5]",33,40,16,2798,4,4
GE,"[0, 4, 5]",33,40,17,1428,0,4
GE,"[0, 4, 5]",33,40,18,1052,4,0
GE,"[0, 4, 5]",33,40,19,2607,5,4
GE,"[0, 4, 5]",34,40,0,1097,5,5
GE,"[0, 4, 5]",34,40,1,1338,0,0
GE,"[0, 4, 5]",34,40,2,945,5,5
GE,"[0, 4, 5]",34,40,3,3322,4,5
GE,"[0, 4, 5]",34,40,4,1385,0,5
GE,"[0, 4, 5]",34,40,5,3136,4,4
GE,"[0, 4, 5]",34,40,6,1052,4,0
GE,"[0, 4, 5]",34,40,7,627,0,0
GE,"[0, 4, 5]",34,40,8,2353,0,0
GE,"[0, 4, 5]",34,40,9,1957,0,4
GE,"[0, 4, 5]",34,40,10,2685,4,0
GE,"[0, 4, 5]",34,40,11,2253,4,4
GE,"[0, 4, 5]",34,40,12,4170,4,4
GE,"[0, 4, 5]",34,40,13,2867,4,0
GE,"[0, 4, 5]",34,40,14,2699,5,5
GE,"[0, 4, 5]",34,40,15,3717,4,5
GE,"[0, 4, 5]",34,40,16,293,0,0
GE,"[0, 4, 5]",34,40,17,2455,5,5
GE,"[0, 4, 5]",34,40,18,1094,4,4
GE,"[0, 4, 5]",34,40,19,4046,4,0
GE,"[0, 4, 5]",35,40,0,616,0,4
GE,"[0, 4, 5]",35,40,1,4082,0,5
GE,"[0, 4, 5]",35,40,2,3878,0,0
GE,"[0, 4, 5]",35,40,3,2607,5,4
GE,"[0, 4, 5]",35,40,4,2395,4,4
GE,"[0, 4, 5]",35,40,5,3922,4,4
GE,"[0, 4, 5]",35,40,6,796,4,0
GE,"[0, 4, 5]",35,40,7,3896,5,4
GE,"[0, 4, 5]",35,40,8,4222,4,0
GE,"[0, 4, 5]",35,40,9,2339,0,0
GE,"[0, 4, 5]",35,40,10,3690,5,5
GE,"[0, 4, 5]",35,40,11,945,5,5
GE,"[0, 4, 5]",35,40,12,2346,0,5
GE,"[0, 4, 5]",35,40,13,1122,0,0
GE,"[0, 4, 5]",35,40,14,4316,5,5
GE,"[0, 4, 5]",35,40,15,3717,4,5
GE,"[0, 4, 5]",35,40,16,2927,4,4
GE,"[0, 4, 5]",35,40,17,1052,4,0
GE,"[0, 4, 5]",35,40,18,2867,4,0
GE,"[0, 4, 5]",35,40,19,2890,4,5
GE,"[0, 4, 5]",36,40,0,2846,4,0
GE,"[0, 4, 5]",36,40,1,831,4,4
GE,"[0, 4, 5]",36,40,2,3120,4,5
GE,"[0, 4, 5]",36,40,3,2496,4,0
GE,"[0, 4, 5]",36,40,4,2890,4,5
GE,"[0, 4, 5]",36,40,5,4430,5,5
GE,"[0, 4, 5]",36,40,6,356,0,4
GE,"[0, 4, 5]",36,40,7,3113,4,5
GE,"[0, 4, 5]",36,40,8,2819,4,4
GE,"[0, 4, 5]",36,40,9,941,0,0
GE,"[0, 4, 5]",36,40,10,2897,4,4
GE,"[0, 4, 5]",36,40,11,2962,4,4
GE,"[0, 4, 5]",36,40,12,2967,5,4
GE,"[0, 4, 5]",36,40,13,143,0,0
GE,"[0, 4, 5]",36,40,14,2833,0,0
GE,"[0, 4, 5]",36,40,15,3322,4,5
GE,"[0, 4, 5]",36,40,16,2263,4,4
GE,"[0, 4, 5]",36,40,17,1957,0,4
GE,"[0, 4, 5]",36,40,18,2324,5,5
GE,"[0, 4, 5]",36,40,19,1368,0,0
GE,"[0, 4, 5]",37,40,0,4553,4,4
GE,"[0, 4, 5]",37,40,1,3717,4,5
GE,"[0, 4, 5]",37,40,2,4250,4,4
GE,"[0, 4, 5]",37,40,3,3322,4,5
GE,"[0, 4, 5]",37,40,4,4222,4,0
GE,"[0, 4, 5]",37,40,5,3060,0,0
GE,"[0, 4, 5]",37,40,6,1237,5,5
GE,"[0, 4, 5]",37,40,7,1326,5,5
GE,"[0, 4, 5]",37,40,8,3451,4,4
GE,"[0, 4, 5]",37,40,9,1385,0,5
GE,"[0, 4, 5]",37,40,10,2346,0,5
GE,"[0, 4, 5]",37,40,11,1937,4,4
GE,"[0, 4, 5]",37,40,12,4430,5,5
GE,"[0, 4, 5]",37,40,13,1105,5,4
GE,"[0, 4, 5]",37,40,14,427,0,4
GE,"[0, 4, 5]",37,40,15,696,5,5
GE,"[0, 4, 5]",37,40,16,2794,0,0
GE,"[0, 4, 5]",37,40,17,1473,5,4
GE,"[0, 4, 5]",37,40,18,3156,5,0
GE,"[0, 4, 5]",37,40,19,3120,4,5
GE,"[0, 4, 5]",38,40,0,1701,4,4
GE,"[0, 4, 5]",38,40,1,1937,4,4
GE,"[0, 4, 5]",38,40,2,1385,0,5
GE,"[0, 4, 5]",38,40,3,3250,5,4
GE,"[0, 4, 5]",38,40,4,4514,0,4
GE,"[0, 4, 5]",38,40,5,1007,4,0
GE,"[0, 4, 5]",38,40,6,4430,5,5
GE,"[0, 4, 5]",38,40,7,2455,5,5
GE,"[0, 4, 5]",38,40,8,2560,0,0
GE,"[0, 4, 5]",38,40,9,2320,0,0
GE,"[0, 4, 5]",38,40,10,2927,4,4
GE,"[0, 4, 5]",38,40,11,2733,5,5
GE,"[0, 4, 5]",38,40,12,2496,4,0
GE,"[0, 4, 5]",38,40,13,280,0,0
GE,"[0, 4, 5]",38,40,14,2507,0,4
GE,"[0, 4, 5]",38,40,15,3607,4,4
GE,"[0, 4, 5]",38,40,16,2316,4,0
GE,"[0, 4, 5]",38,40,17,2846,4,0
GE,"[0, 4, 5]",38,40,18,356,0,4
GE,"[0, 4, 5]",38,40,19,1693,4,4
GE,"[0, 4, 5]",39,40,0,1428,0,4
GE,"[0, 4, 5]",39,40,1,3147,0,0
GE,"[0, 4, 5]",39,40,2,3120,4,5
GE,"[0, 4, 5]",39,40,3,619,0,0
GE,"[0, 4, 5]",39,40,4,1473,5,4
GE,"[0, 4, 5]",39,40,5,4017,4,4
GE,"[0, 4, 5]",39,40,6,1399,4,4
GE,"[0, 4, 5]",39,40,7,2819,4,4
GE,"[0, 4, 5]",39,40,8,2277,5,5
GE,"[0, 4, 5]",39,40,9,4482,0,0
GE,"[0, 4, 5]",39,40,10,2846,4,0
GE,"[0, 4, 5]",39,40,11,2052,0,4
GE,"[0, 4, 5]",39,40,12,3322,4,5
GE,"[0, 4, 5]",39,40,13,2301,0,4
GE,"[0, 4, 5]",39,40,14,2869,4,4
GE,"[0, 4, 5]",39,40,15,1385,0,5
GE,"[0, 4, 5]",39,40,16,2699,5,5
GE,"[0, 4, 5]",39,40,17,940,4,0
GE,"[0, 4, 5]",39,40,18,2967,5,4
GE,"[0, 4, 5]",39,40,19,2496,4,0
GE,"[0, 4, 5]",40,40,0,3322,4,5
GE,"[0, 4, 5]",40,40,1,4261,5,5
GE,"[0, 4, 5]",40,40,2,356,0,4
GE,"[0, 4, 5]",40,40,3,2496,4,0
GE,"[0, 4, 5]",40,40,4,3723,4,4
GE,"[0, 4, 5]",40,40,5,2316,4,0
GE,"[0, 4, 5]",40,40,6,613,4,4
GE,"[0, 4, 5]",40,40,7,3568,4,4
GE,"[0, 4, 5]",40,40,8,427,0,4
GE,"[0, 4, 5]",40,40,9,2897,4,4
GE,"[0, 4, 5]",40,40,10,4017,4,4
GE,"[0, 4, 5]",40,40,11,2607,5,4
GE,"[0, 4, 5]",40,40,12,3113,4,5
GE,"[0, 4, 5]",40,40,13,3896,5,4
GE,"[0, 4, 5]",40,40,14,1052,4,0
GE,"[0, 4, 5]",40,40,15,2277,5,5
GE,"[0, 4, 5]",40,40,16,2346,0,5
GE,"[0, 4, 5]",40,40,17,1272,0,5
GE,"[0, 4, 5]",40,40,18,2867,4,0
GE,"[0, 4, 5]",40,40,19,1385,0,5
GE,"[0, 4, 5]",41,40,0,3478,0,0
GE,"[0, 4, 5]",41,40,1,1020,0,0
GE,"[0, 4, 5]",41,40,2,2206,0,0
GE,"[0, 4, 5]",41,40,3,3322,4,5
GE,"[0, 4, 5]",41,40,4,4430,5,5
GE,"[0, 4, 5]",41,40,5,4046,4,0
GE,"[0, 4, 5]",41,40,6,2867,4,0
GE,"[0, 4, 5]",41,40,7,1385,0,5
GE,"[0, 4, 5]",41,40,8,1237,5,5
GE,"[0, 4, 5]",41,40,9,1428,0,4
GE,"[0, 4, 5]",41,40,10,3113,4,5
GE,"[0, 4, 5]",41,40,11,2507,0,4
GE,"[0, 4, 5]",41,40,12,2442,4,4
GE,"[0, 4, 5]",41,40,13,3699,4,0
GE,"[0, 4, 5]",41,40,14,3922,4,4
GE,"[0, 4, 5]",41,40,15,3120,4,5
GE,"[0, 4, 5]",41,40,16,1868,0,0
GE,"[0, 4, 5]",41,40,17,4408,0,0
GE,"[0, 4, 5]",41,40,18,953,0,0
GE,"[0, 4, 5]",41,40,19,2120,4,4
GE,"[0, 4, 5]",42,40,0,3690,5,5
GE,"[0, 4, 5]",42,40,1,1335,0,0
GE,"[0, 4, 5]",42,40,2,2301,0,4
GE,"[0, 4, 5]",42,40,3,3756,4,4
GE,"[0, 4, 5]",42,40,4,2699,5,5
GE,"[0, 4, 5]",42,40,5,327,4,0
GE,"[0, 4, 5]",42,40,6,696,5,5
GE,"[0, 4, 5]",42,40,7,3021,4,4
GE,"[0, 4, 5]",42,40,8,2867,4,0
GE,"[0, 4, 5]",42,40,9,3156,5,0
GE,"[0, 4, 5]",42,40,10,4514,0,4
GE,"[0, 4, 5]",42,40,11,1596,0,0
GE,"[0, 4, 5]",42,40,12,1849,0,0
GE,"[0, 4, 5]",42,40,13,4082,0,5
GE,"[0, 4, 5]",42,40,14,2346,0,5
GE,"[0, 4, 5]",42,40,15,1156,0,0
GE,"[0, 4, 5]",42,40,16,1264,5,4
GE,"[0, 4, 5]",42,40,17,3322,4,5
GE,"[0, 4, 5]",42,40,18,2231,0,0
GE,"[0, 4, 5]",42,40,19,2238,5,5
GE,"[0, 4, 5]",43,40,0,230,0,4
GE,"[0, 4, 5]",43,40,1,2389,5,5
GE,"[0, 4, 5]",43,40,2,3379,5,5
GE,"[0, 4, 5]",43,40,3,2497,4,4
GE,"[0, 4, 5]",43,40,4,3120,4,5
GE,"[0, 4, 5]",43,40,5,3843,0,0
GE,"[0, 4, 5]",43,40,6,3113,4,5
GE,"[0, 4, 5]",43,40,7,1335,0,0
GE,"[0, 4, 5]",43,40,8,1052,4,0
GE,"[0, 4, 5]",43,40,9,1122,0,0
GE,"[0, 4, 5]",43,40,10,1007,4,0
GE,"[0, 4, 5]",43,40,11,796,4,0
GE,"[0, 4, 5]",43,40,12,4523,0,4
GE,"[0, 4, 5]",43,40,13,945,5,5
GE,"[0, 4, 5]",43,40,14,2485,0,0
GE,"[0, 4, 5]",43,40,15,4082,0,5
GE,"[0, 4, 5]",43,40,16,2346,0,5
GE,"[0, 4, 5]",43,40,17,2967,5,4
GE,"[0, 4, 5]",43,40,18,3896,5,4
GE,"[0, 4, 5]",43,40,19,2000,4,0
GE,"[0, 4, 5]",44,40,0,3176,4,0
GE,"[0, 4, 5]",44,40,1,940,4,0
GE,"[0, 4, 5]",44,40,2,230,0,4
GE,"[0, 4, 5]",44,40,3,2890,4,5
GE,"[0, 4, 5]",44,40,4,306,5,5
GE,"[0, 4, 5]",44,40,5,2253,4,4
GE,"[0, 4, 5]",44,40,6,2967,5,4
GE,"[0, 4, 5]",44,40,7,4082,0,5
GE,"[0, 4, 5]",44,40,8,1639,5,0
GE,"[0, 4, 5]",44,40,9,1259,4,0
GE,"[0, 4, 5]",44,40,10,2699,5,5
GE,"[0, 4, 5]",44,40,11,1385,0,5
GE,"[0, 4, 5]",44,40,12,2496,4,0
GE,"[0, 4, 5]",44,40,13,2277,5,5
GE,"[0, 4, 5]",44,40,14,2127,0,0
GE,"[0, 4, 5]",44,40,15,1272,0,5
GE,"[0, 4, 5]",44,40,16,616,0,4
GE,"[0, 4, 5]",44,40,17,1105,5,4
GE,"[0, 4, 5]",44,40,18,3101,0,0
GE,"[0, 4, 5]",44,40,19,2416,0,0
GE,"[0, 4, 5]",45,40,0,1204,4,4
GE,"[0, 4, 5]",45,40,1,2316,4,0
GE,"[0, 4, 5]",45,40,2,427,0,4
GE,"[0, 4, 5]",45,40,3,2685,4,0
GE,"[0, 4, 5]",45,40,4,1094,4,4
GE,"[0, 4, 5]",45,40,5,3770,4,4
GE,"[0, 4, 5]",45,40,6,2743,5,5
GE,"[0, 4, 5]",45,40,7,3120,4,5
GE,"[0, 4, 5]",45,40,8,1272,0,5
GE,"[0, 4, 5]",45,40,9,2253,4,4
GE,"[0, 4, 5]",45,40,10,2890,4,5
GE,"[0, 4, 5]",45,40,11,1105,5,4
GE,"[0, 4, 5]",45,40,12,2353,0,0
GE,"[0, 4, 5]",45,40,13,3250,5,4
GE,"[0, 4, 5]",45,40,14,4114,0,0
GE,"[0, 4, 5]",45,40,15,4046,4,0
GE,"[0, 4, 5]",45,40,16,4188,0,0
GE,"[0, 4, 5]",45,40,17,4082,0,5
GE,"[0, 4, 5]",45,40,18,2864,0,4
GE,"[0, 4, 5]",45,40,19,327,4,0
GE,"[0, 4, 5]",46,40,0,1007,4,0
GE,"[0, 4, 5]",46,40,1,230,0,4
GE,"[0, 4, 5]",46,40,2,4046,4,0
GE,"[0, 4, 5]",46,40,3,4514,0,4
GE,"[0, 4, 5]",46,40,4,2867,4,0
GE,"[0, 4, 5]",46,40,5,2163,5,4
GE,"[0, 4, 5]",46,40,6,4082,0,5
GE,"[0, 4, 5]",46,40,7,1264,5,4
GE,"[0, 4, 5]",46,40,8,1272,0,5
GE,"[0, 4, 5]",46,40,9,2890,4,5
GE,"[0, 4, 5]",46,40,10,2879,0,0
GE,"[0, 4, 5]",46,40,11,2897,4,4
GE,"[0, 4, 5]",46,40,12,3769,5,5
GE,"[0, 4, 5]",46,40,13,155,0,0
GE,"[0, 4, 5]",46,40,14,2389,5,5
GE,"[0, 4, 5]",46,40,15,2496,4,0
GE,"[0, 4, 5]",46,40,16,796,4,0
GE,"[0, 4, 5]",46,40,17,2238,5,5
GE,"[0, 4, 5]",46,40,18,2585,5,5
GE,"[0, 4, 5]",46,40,19,157,5,5
GE,"[0, 4, 5]",47,40,0,2277,5,5
GE,"[0, 4, 5]",47,40,1,4261,5,5
GE,"[0, 4, 5]",47,40,2,2301,0,4
GE,"[0, 4, 5]",47,40,3,1957,0,4
GE,"[0, 4, 5]",47,40,4,1272,0,5
GE,"[0, 4, 5]",47,40,5,1097,5,5
GE,"[0, 4, 5]",47,40,6,157,5,5
GE,"[0, 4, 5]",47,40,7,2000,4,0
GE,"[0, 4, 5]",47,40,8,1259,4,0
GE,"[0, 4, 5]",47,40,9,1849,0,0
GE,"[0, 4, 5]",47,40,10,912,0,0
GE,"[0, 4, 5]",47,40,11,2716,5,5
GE,"[0, 4, 5]",47,40,12,1007,4,0
GE,"[0, 4, 5]",47,40,13,3451,4,4
GE,"[0, 4, 5]",47,40,14,3718,4,4
GE,"[0, 4, 5]",47,40,15,1052,4,0
GE,"[0, 4, 5]",47,40,16,4082,0,5
GE,"[0, 4, 5]",47,40,17,2846,4,0
GE,"[0, 4, 5]",47,40,18,1473,5,4
GE,"[0, 4, 5]",47,40,19,1385,0,5
GE,"[0, 4, 5]",48,40,0,356,0,4
GE,"[0, 4, 5]",48,40,1,3379,5,5
GE,"[0, 4, 5]",48,40,2,2325,0,0
GE,"[0, 4, 5]",48,40,3,3699,4,0
GE,"[0, 4, 5]",48,40,4,4082,0,5
GE,"[0, 4, 5]",48,40,5,3634,0,0
GE,"[0, 4, 5]",48,40,6,2120,4,4
GE,"[0, 4, 5]",48,40,7,3769,5,5
GE,"[0, 4, 5]",48,40,8,327,4,0
GE,"[0, 4, 5]",48,40,9,230,0,4
GE,"[0, 4, 5]",48,40,10,4562,0,0
GE,"[0, 4, 5]",48,40,11,1272,0,5
GE,"[0, 4, 5]",48,40,12,3690,5,5
GE,"[0, 4, 5]",48,40,13,2586,5,4
GE,"[0, 4, 5]",48,40,14,701,5,5
GE,"[0, 4, 5]",48,40,15,1552,0,0
GE,"[0, 4, 5]",48,40,16,2507,0,4
GE,"[0, 4, 5]",48,40,17,414,4,4
GE,"[0, 4, 5]",48,40,18,2263,4,4
GE,"[0, 4, 5]",48,40,19,4008,5,5
GE,"[0, 4, 5]",49,40,0,2319,4,0
GE,"[0, 4, 5]",49,40,1,3150,0,0
GE,"[0, 4, 5]",49,40,2,1272,0,5
GE,"[0, 4, 5]",49,40,3,940,4,0
GE,"[0, 4, 5]",49,40,4,1264,5,4
GE,"[0, 4, 5]",49,40,5,571,0,0
GE,"[0, 4, 5]",49,40,6,3723,4,4
GE,"[0, 4, 5]",49,40,7,3120,4,5
GE,"[0, 4, 5]",49,40,8,2000,4,0
GE,"[0, 4, 5]",49,40,9,2699,5,5
GE,"[0, 4, 5]",49,40,10,2240,0,0
GE,"[0, 4, 5]",49,40,11,2497,4,4
GE,"[0, 4, 5]",49,40,12,4523,0,4
GE,"[0, 4, 5]",49,40,13,327,4,0
GE,"[0, 4, 5]",49,40,14,3699,4,0
GE,"[0, 4, 5]",49,40,15,2455,5,5
GE,"[0, 4, 5]",49,40,16,2733,5,5
GE,"[0, 4, 5]",49,40,17,2607,5,4
GE,"[0, 4, 5]",49,40,18,576,4,4
GE,"[0, 4, 5]",49,40,19,2869,4,4
GE,"[2, 3, 27]",0,40,0,657,27,3
GE,"[2, 3, 27]",0,40,1,4506,3,2
GE,"[2, 3, 27]",0,40,2,3719,3,27
GE,"[2, 3, 27]",0,40,3,3522,27,3
GE,"[2, 3, 27]",0,40,4,1409,27,3
GE,"[2, 3, 27]",0,40,5,4157,3,3
GE,"[2, 3, 27]",0,40,6,81,2,27
GE,"[2, 3, 27]",0,40,7,2385,3,27
GE,"[2, 3, 27]",0,40,8,1996,3,2
GE,"[2, 3, 27]",0,40,9,1446,3,3
GE,"[2, 3, 27]",0,40,10,1145,27,27
GE,"[2, 3, 27]",0,40,11,2949,2,2
GE,"[2, 3, 27]",0,40,12,84,2,3
GE,"[2, 3, 27]",0,40,13,2121,2,2
GE,"[2, 3, 27]",0,40,14,4549,27,2
GE,"[2, 3, 27]",0,40,15,4556,2,2
GE,"[2, 3, 27]",0,40,16,3340,2,2
GE,"[2, 3, 27]",0,40,17,4160,3,27
GE,"[2, 3, 27]",0,40,18,3200,2,3
GE,"[2, 3, 27]",0,40,19,2541,3,27
GE,"[2, 3, 27]",1,40,0,3539,2,27
GE,"[2, 3, 27]",1,40,1,1855,27,27
GE,"[2, 3, 27]",1,40,2,322,3,2
GE,"[2, 3, 27]",1,40,3,1804,3,3
GE,"[2, 3, 27]",1,40,4,3757,27,2
GE,"[2, 3, 27]",1,40,5,1319,3,3
GE,"[2, 3, 27]",1,40,6,4001,2,2
GE,"[2, 3, 27]",1,40,7,452,2,27
GE,"[2, 3, 27]",1,40,8,3897,27,3
GE,"[2, 3, 27]",1,40,9,569,3,27
GE,"[2, 3, 27]",1,40,10,1809,27,27
GE,"[2, 3, 27]",1,40,11,3162,27,27
GE,"[2, 3, 27]",1,40,12,2322,2,3
GE,"[2, 3, 27]",1,40,13,3084,2,2
GE,"[2, 3, 27]",1,40,14,3085,27,27
GE,"[2, 3, 27]",1,40,15,1379,3,27
GE,"[2, 3, 27]",1,40,16,1244,3,3
GE,"[2, 3, 27]",1,40,17,2739,2,2
GE,"[2, 3, 27]",1,40,18,510,27,2
GE,"[2, 3, 27]",1,40,19,497,27,27
GE,"[2, 3, 27]",2,40,0,2477,2,2
GE,"[2, 3, 27]",2,40,1,3057,27,2
GE,"[2, 3, 27]",2,40,2,4494,3,3
GE,"[2, 3, 27]",2,40,3,4,27,27
GE,"[2, 3, 27]",2,40,4,2506,2,2
GE,"[2, 3, 27]",2,40,5,2001,2,2
GE,"[2, 3, 27]",2,40,6,3870,27,27
GE,"[2, 3, 27]",2,40,7,3473,2,3
GE,"[2, 3, 27]",2,40,8,545,27,27
GE,"[2, 3, 27]",2,40,9,212,2,3
GE,"[2, 3, 27]",2,40,10,4195,3,3
GE,"[2, 3, 27]",2,40,11,3998,27,2
GE,"[2, 3, 27]",2,40,12,4062,3,27
GE,"[2, 3, 27]",2,40,13,1113,27,27
GE,"[2, 3, 27]",2,40,14,878,27,27
GE,"[2, 3, 27]",2,40,15,3689,3,27
GE,"[2, 3, 27]",2,40,16,288,27,2
GE,"[2, 3, 27]",2,40,17,4262,3,2
GE,"[2, 3, 27]",2,40,18,925,3,3
GE,"[2, 3, 27]",2,40,19,816,3,27
GE,"[2, 3, 27]",3,40,0,2428,3,3
GE,"[2, 3, 27]",3,40,1,1996,3,2
GE,"[2, 3, 27]",3,40,2,3673,2,2
GE,"[2, 3, 27]",3,40,3,277,27,27
GE,"[2, 3, 27]",3,40,4,1601,3,2
GE,"[2, 3, 27]",3,40,5,2322,2,3
GE,"[2, 3, 27]",3,40,6,3683,3,27
GE,"[2, 3, 27]",3,40,7,439,2,2
GE,"[2, 3, 27]",3,40,8,509,2,27
GE,"[2, 3, 27]",3,40,9,3702,3,3
GE,"[2, 3, 27]",3,40,10,3751,27,2
GE,"[2, 3, 27]",3,40,11,2617,3,27
GE,"[2, 3, 27]",3,40,12,3601,27,2
GE,"[2, 3, 27]",3,40,13,3357,2,27
GE,"[2, 3, 27]",3,40,14,2168,2,2
GE,"[2, 3, 27]",3,40,15,324,27,3
GE,"[2, 3, 27]",3,40,16,18,27,27
GE,"[2, 3, 27]",3,40,17,4154,27,27
GE,"[2, 3, 27]",3,40,18,1143,3,3
GE,"[2, 3, 27]",3,40,19,4352,27,27
GE,"[2, 3, 27]",4,40,0,3189,2,2
GE,"[2, 3, 27]",4,40,1,1828,2,2
GE,"[2, 3, 27]",4,40,2,2617,3,27
GE,"[2, 3, 27]",4,40,3,3426,3,3
GE,"[2, 3, 27]",4,40,4,2965,2,2
GE,"[2, 3, 27]",4,40,5,2105,3,3
GE,"[2, 3, 27]",4,40,6,3351,27,27
GE,"[2, 3, 27]",4,40,7,3158,2,2
GE,"[2, 3, 27]",4,40,8,2001,2,2
GE,"[2, 3, 27]",4,40,9,2147,27,27
GE,"[2, 3, 27]",4,40,10,3757,27,2
GE,"[2, 3, 27]",4,40,11,2874,27,27
GE,"[2, 3, 27]",4,40,12,2171,27,27
GE,"[2, 3, 27]",4,40,13,578,3,27
GE,"[2, 3, 27]",4,40,14,1592,3,3
GE,"[2, 3, 27]",4,40,15,119,27,27
GE,"[2, 3, 27]",4,40,16,1586,27,3
GE,"[2, 3, 27]",4,40,17,3589,27,3
GE,"[2, 3, 27]",4,40,18,2583,3,3
GE,"[2, 3, 27]",4,40,19,2929,27,2
GE,"[2, 3, 27]",5,40,0,1307,3,27
GE,"[2, 3, 27]",5,40,1,1285,2,3
GE,"[2, 3, 27]",5,40,2,973,27,27
GE,"[2, 3, 27]",5,40,3,2964,27,27
GE,"[2, 3, 27]",5,40,4,3357,2,27
GE,"[2, 3, 27]",5,40,5,4505,27,3
GE,"[2, 3, 27]",5,40,6,4142,27,27
GE,"[2, 3, 27]",5,40,7,1787,2,2
GE,"[2, 3, 27]",5,40,8,838,27,3
GE,"[2, 3, 27]",5,40,9,1810,3,3
GE,"[2, 3, 27]",5,40,10,511,3,3
GE,"[2, 3, 27]",5,40,11,569,3,27
GE,"[2, 3, 27]",5,40,12,1601,3,2
GE,"[2, 3, 27]",5,40,13,3932,3,27
GE,"[2, 3, 27]",5,40,14,501,3,27
GE,"[2, 3, 27]",5,40,15,3324,3,27
GE,"[2, 3, 27]",5,40,16,3589,27,3
GE,"[2, 3, 27]",5,40,17,1804,3,3
GE,"[2, 3, 27]",5,40,18,3974,2,2
GE,"[2, 3, 27]",5,40,19,287,2,2
GE,"[2, 3, 27]",6,40,0,1281,27,2
GE,"[2, 3, 27]",6,40,1,3825,3,2
GE,"[2, 3, 27]",6,40,2,1319,3,3
GE,"[2, 3, 27]",6,40,3,1318,27,27
GE,"[2, 3, 27]",6,40,4,3326,27,3
GE,"[2, 3, 27]",6,40,5,4039,27,27
GE,"[2, 3, 27]",6,40,6,3998,27,2
GE,"[2, 3, 27]",6,40,7,4504,27,27
GE,"[2, 3, 27]",6,40,8,1141,27,27
GE,"[2, 3, 27]",6,40,9,3470,2,27
GE,"[2, 3, 27]",6,40,10,1158,3,2
GE,"[2, 3, 27]",6,40,11,1130,27,3
GE,"[2, 3, 27]",6,40,12,846,3,3
GE,"[2, 3, 27]",6,40,13,2549,27,27
GE,"[2, 3, 27]",6,40,14,3702,3,3
GE,"[2, 3, 27]",6,40,15,2763,3,27
GE,"[2, 3, 27]",6,40,16,3072,3,27
GE,"[2, 3, 27]",6,40,17,1864,27,3
GE,"[2, 3, 27]",6,40,18,3440,2,2
GE,"[2, 3, 27]",6,40,19,816,3,27
GE,"[2, 3, 27]",7,40,0,312,27,27
GE,"[2, 3, 27]",7,40,1,91,27,27
GE,"[2, 3, 27]",7,40,2,1280,2,2
GE,"[2, 3, 27]",7,40,3,1828,2,2
GE,"[2, 3, 27]",7,40,4,2597,27,2
GE,"[2, 3, 27]",7,40,5,1930,27,27
GE,"[2, 3, 27]",7,40,6,4090,27,3
GE,"[2, 3, 27]",7,40,7,2965,2,2
GE,"[2, 3, 27]",7,40,8,929,3,27
GE,"[2, 3, 27]",7,40,9,957,3,27
GE,"[2, 3, 27]",7,40,10,2988,2,2
GE,"[2, 3, 27]",7,40,11,2859,2,3
GE,"[2, 3, 27]",7,40,12,84,2,3
GE,"[2, 3, 27]",7,40,13,3426,3,3
GE,"[2, 3, 27]",7,40,14,1599,3,2
GE,"[2, 3, 27]",7,40,15,2915,2,2
GE,"[2, 3, 27]",7,40,16,1756,27,27
GE,"[2, 3, 27]",7,40,17,535,3,3
GE,"[2, 3, 27]",7,40,18,3108,27,3
GE,"[2, 3, 27]",7,40,19,161,3,27
GE,"[2, 3, 27]",8,40,0,1161,27,27
GE,"[2, 3, 27]",8,40,1,4134,27,27
GE,"[2, 3, 27]",8,40,2,3966,3,3
GE,"[2, 3, 27]",8,40,3,287,2,2
GE,"[2, 3, 27]",8,40,4,2001,2,2
GE,"[2, 3, 27]",8,40,5,4506,3,2
GE,"[2, 3, 27]",8,40,6,2538,3,3
GE,"[2, 3, 27]",8,40,7,1410,27,27
GE,"[2, 3, 27]",8,40,8,2270,27,27
GE,"[2, 3, 27]",8,40,9,439,2,2
GE,"[2, 3, 27]",8,40,10,4386,3,3
GE,"[2, 3, 27]",8,40,11,4212,3,27
GE,"[2, 3, 27]",8,40,12,578,3,27
GE,"[2, 3, 27]",8,40,13,847,2,27
GE,"[2, 3, 27]",8,40,14,1996,3,2
GE,"[2, 3, 27]",8,40,15,665,27,3
GE,"[2, 3, 27]",8,40,16,2475,2,3
GE,"[2, 3, 27]",8,40,17,4108,27,2
GE,"[2, 3, 27]",8,40,18,629,27,3
GE,"[2, 3, 27]",8,40,19,4339,3,27
GE,"[2, 3, 27]",9,40,0,1244,3,3
GE,"[2, 3, 27]",9,40,1,1132,2,27
GE,"[2, 3, 27]",9,40,2,3000,2,2
GE,"[2, 3, 27]",9,40,3,2579,3,3
GE,"[2, 3, 27]",9,40,4,1763,27,27
GE,"[2, 3, 27]",9,40,5,2537,2,3
GE,"[2, 3, 27]",9,40,6,2295,27,27
GE,"[2, 3, 27]",9,40,7,4485,27,27
GE,"[2, 3, 27]",9,40,8,2551,3,2
GE,"[2, 3, 27]",9,40,9,3998,27,2
GE,"[2, 3, 27]",9,40,10,1460,27,3
GE,"[2, 3, 27]",9,40,11,2717,3,2
GE,"[2, 3, 27]",9,40,12,573,3,27
GE,"[2, 3, 27]",9,40,13,2659,2,2
GE,"[2, 3, 27]",9,40,14,1804,3,3
GE,"[2, 3, 27]",9,40,15,793,2,27
GE,"[2, 3, 27]",9,40,16,3529,27,27
GE,"[2, 3, 27]",9,40,17,1631,27,27
GE,"[2, 3, 27]",9,40,18,3719,3,27
GE,"[2, 3, 27]",9,40,19,2265,2,3
GE,"[2, 3, 27]",10,40,0,1722,27,27
GE,"[2, 3, 27]",10,40,1,2617,3,27
GE,"[2, 3, 27]",10,40,2,3302,3,3
GE,"[2, 3, 27]",10,40,3,2428,3,3
GE,"[2, 3, 27]",10,40,4,3902,2,2
GE,"[2, 3, 27]",10,40,5,1787,2,2
GE,"[2, 3, 27]",10,40,6,1446,3,3
GE,"[2, 3, 27]",10,40,7,1117,3,27
GE,"[2, 3, 27]",10,40,8,1412,27,27
GE,"[2, 3, 27]",10,40,9,3893,2,27
GE,"[2, 3, 27]",10,40,10,3057,27,2
GE,"[2, 3, 27]",10,40,11,1890,2,3
GE,"[2, 3, 27]",10,40,12,2551,3,2
GE,"[2, 3, 27]",10,40,13,1996,3,2
GE,"[2, 3, 27]",10,40,14,3654,27,3
GE,"[2, 3, 27]",10,40,15,346,3,27
GE,"[2, 3, 27]",10,40,16,788,27,27
GE,"[2, 3, 27]",10,40,17,3897,27,3
GE,"[2, 3, 27]",10,40,18,3473,2,3
GE,"[2, 3, 27]",10,40,19,2826,2,3
GE,"[2, 3, 27]",11,40,0,1179,27,2
GE,"[2, 3, 27]",11,40,1,2439,3,27
GE,"[2, 3, 27]",11,40,2,2687,27,27
GE,"[2, 3, 27]",11,40,3,617,27,27
GE,"[2, 3, 27]",11,40,4,1700,27,3
GE,"[2, 3, 27]",11,40,5,3674,27,27
GE,"[2, 3, 27]",11,40,6,3357,2,27
GE,"[2, 3, 27]",11,40,7,3825,3,2
GE,"[2, 3, 27]",11,40,8,4157,3,3
GE,"[2, 3, 27]",11,40,9,1681,2,2
GE,"[2, 3, 27]",11,40,10,1506,2,2
GE,"[2, 3, 27]",11,40,11,1460,27,3
GE,"[2, 3, 27]",11,40,12,3500,27,3
GE,"[2, 3, 27]",11,40,13,3464,27,27
GE,"[2, 3, 27]",11,40,14,503,3,27
GE,"[2, 3, 27]",11,40,15,276,27,3
GE,"[2, 3, 27]",11,40,16,2826,2,3
GE,"[2, 3, 27]",11,40,17,2160,27,2
GE,"[2, 3, 27]",11,40,18,2659,2,2
GE,"[2, 3, 27]",11,40,19,1950,27,27
GE,"[2, 3, 27]",12,40,0,3818,27,27
GE,"[2, 3, 27]",12,40,1,3166,2,2
GE,"[2, 3, 27]",12,40,2,3489,2,2
GE,"[2, 3, 27]",12,40,3,1786,3,2
GE,"[2, 3, 27]",12,40,4,2145,3,2
GE,"[2, 3, 27]",12,40,5,1700,27,3
GE,"[2, 3, 27]",12,40,6,2157,2,3
GE,"[2, 3, 27]",12,40,7,1005,3,27
GE,"[2, 3, 27]",12,40,8,763,3,3
GE,"[2, 3, 27]",12,40,9,3905,27,3
GE,"[2, 3, 27]",12,40,10,409,2,2
GE,"[2, 3, 27]",12,40,11,2001,2,2
GE,"[2, 3, 27]",12,40,12,807,27,27
GE,"[2, 3, 27]",12,40,13,925,3,3
GE,"[2, 3, 27]",12,40,14,3000,2,2
GE,"[2, 3, 27]",12,40,15,2142,27,3
GE,"[2, 3, 27]",12,40,16,450,3,27
GE,"[2, 3, 27]",12,40,17,312,27,27
GE,"[2, 3, 27]",12,40,18,1118,3,3
GE,"[2, 3, 27]",12,40,19,3559,27,27
GE,"[2, 3, 27]",13,40,0,4351,3,3
GE,"[2, 3, 27]",13,40,1,161,3,27
GE,"[2, 3, 27]",13,40,2,1539,3,3
GE,"[2, 3, 27]",13,40,3,2998,3,3
GE,"[2, 3, 27]",13,40,4,3162,27,27
GE,"[2, 3, 27]",13,40,5,2717,3,2
GE,"[2, 3, 27]",13,40,6,439,2,2
GE,"[2, 3, 27]",13,40,7,3482,27,27
GE,"[2, 3, 27]",13,40,8,2142,27,3
GE,"[2, 3, 27]",13,40,9,361,27,27
GE,"[2, 3, 27]",13,40,10,479,2,3
GE,"[2, 3, 27]",13,40,11,1760,3,2
GE,"[2, 3, 27]",13,40,12,543,27,3
GE,"[2, 3, 27]",13,40,13,2863,27,27
GE,"[2, 3, 27]",13,40,14,1599,3,2
GE,"[2, 3, 27]",13,40,15,2538,3,3
GE,"[2, 3, 27]",13,40,16,1588,2,2
GE,"[2, 3, 27]",13,40,17,1053,27,27
GE,"[2, 3, 27]",13,40,18,3902,2,2
GE,"[2, 3, 27]",13,40,19,3489,2,2
GE,"[2, 3, 27]",14,40,0,1996,3,2
GE,"[2, 3, 27]",14,40,1,102,3,27
GE,"[2, 3, 27]",14,40,2,2998,3,3
GE,"[2, 3, 27]",14,40,3,3407,2,2
GE,"[2, 3, 27]",14,40,4,3079,27,2
GE,"[2, 3, 27]",14,40,5,657,27,3
GE,"[2, 3, 27]",14,40,6,1922,27,27
GE,"[2, 3, 27]",14,40,7,573,3,27
GE,"[2, 3, 27]",14,40,8,4245,27,27
GE,"[2, 3, 27]",14,40,9,2246,27,27
GE,"[2, 3, 27]",14,40,10,1787,2,2
GE,"[2, 3, 27]",14,40,11,3702,3,3
GE,"[2, 3, 27]",14,40,12,133,2,2
GE,"[2, 3, 27]",14,40,13,3715,27,27
GE,"[2, 3, 27]",14,40,14,3006,27,27
GE,"[2, 3, 27]",14,40,15,3751,27,2
GE,"[2, 3, 27]",14,40,16,3268,27,3
GE,"[2, 3, 27]",14,40,17,287,2,2
GE,"[2, 3, 27]",14,40,18,663,2,2
GE,"[2, 3, 27]",14,40,19,328,2,3
GE,"[2, 3, 27]",15,40,0,2744,3,27
GE,"[2, 3, 27]",15,40,1,4377,3,27
GE,"[2, 3, 27]",15,40,2,4292,27,27
GE,"[2, 3, 27]",15,40,3,2538,3,3
GE,"[2, 3, 27]",15,40,4,3841,2,2
GE,"[2, 3, 27]",15,40,5,3500,27,3
GE,"[2, 3, 27]",15,40,6,188,3,3
GE,"[2, 3, 27]",15,40,7,4498,27,27
GE,"[2, 3, 27]",15,40,8,3902,2,2
GE,"[2, 3, 27]",15,40,9,510,27,2
GE,"[2, 3, 27]",15,40,10,827,27,27
GE,"[2, 3, 27]",15,40,11,4351,3,3
GE,"[2, 3, 27]",15,40,12,1117,3,27
GE,"[2, 3, 27]",15,40,13,1581,27,27
GE,"[2, 3, 27]",15,40,14,1285,2,3
GE,"[2, 3, 27]",15,40,15,207,27,27
GE,"[2, 3, 27]",15,40,16,3639,3,27
GE,"[2, 3, 27]",15,40,17,2929,27,2
GE,"[2, 3, 27]",15,40,18,1976,2,2
GE,"[2, 3, 27]",15,40,19,2105,3,3
GE,"[2, 3, 27]",16,40,0,1804,3,3
GE,"[2, 3, 27]",16,40,1,635,27,3
GE,"[2, 3, 27]",16,40,2,1218,2,2
GE,"[2, 3, 27]",16,40,3,1833,27,27
GE,"[2, 3, 27]",16,40,4,324,27,3
GE,"[2, 3, 27]",16,40,5,601,2,2
GE,"[2, 3, 27]",16,40,6,1355,27,3
GE,"[2, 3, 27]",16,40,7,1358,27,3
GE,"[2, 3, 27]",16,40,8,288,27,2
GE,"[2, 3, 27]",16,40,9,3789,27,27
GE,"[2, 3, 27]",16,40,10,793,2,27
GE,"[2, 3, 27]",16,40,11,136,2,2
GE,"[2, 3, 27]",16,40,12,2431,27,27
GE,"[2, 3, 27]",16,40,13,4386,3,3
GE,"[2, 3, 27]",16,40,14,2859,2,3
GE,"[2, 3, 27]",16,40,15,3158,2,2
GE,"[2, 3, 27]",16,40,16,1491,3,27
GE,"[2, 3, 27]",16,40,17,1209,3,27
GE,"[2, 3, 27]",16,40,18,3751,27,2
GE,"[2, 3, 27]",16,40,19,1760,3,2
GE,"[2, 3, 27]",17,40,0,3733,27,2
GE,"[2, 3, 27]",17,40,1,2760,3,27
GE,"[2, 3, 27]",17,40,2,3426,3,3
GE,"[2, 3, 27]",17,40,3,2530,3,27
GE,"[2, 3, 27]",17,40,4,3079,27,2
GE,"[2, 3, 27]",17,40,5,2105,3,3
GE,"[2, 3, 27]",17,40,6,3618,27,27
GE,"[2, 3, 27]",17,40,7,1426,27,27
GE,"[2, 3, 27]",17,40,8,4157,3,3
GE,"[2, 3, 27]",17,40,9,2802,2,27
GE,"[2, 3, 27]",17,40,10,212,2,3
GE,"[2, 3, 27]",17,40,11,3166,2,2
GE,"[2, 3, 27]",17,40,12,109,2,2
GE,"[2, 3, 27]",17,40,13,2248,27,3
GE,"[2, 3, 27]",17,40,14,2005,27,3
GE,"[2, 3, 27]",17,40,15,214,27,27
GE,"[2, 3, 27]",17,40,16,4262,3,2
GE,"[2, 3, 27]",17,40,17,4428,27,27
GE,"[2, 3, 27]",17,40,18,383,2,3
GE,"[2, 3, 27]",17,40,19,417,2,2
GE,"[2, 3, 27]",18,40,0,1938,3,2
GE,"[2, 3, 27]",18,40,1,324,27,3
GE,"[2, 3, 27]",18,40,2,300,3,3
GE,"[2, 3, 27]",18,40,3,3190,2,2
GE,"[2, 3, 27]",18,40,4,925,3,3
GE,"[2, 3, 27]",18,40,5,3974,2,2
GE,"[2, 3, 27]",18,40,6,1698,27,27
GE,"[2, 3, 27]",18,40,7,2083,27,27
GE,"[2, 3, 27]",18,40,8,3998,27,2
GE,"[2, 3, 27]",18,40,9,2876,3,27
GE,"[2, 3, 27]",18,40,10,2505,27,27
GE,"[2, 3, 27]",18,40,11,2744,3,27
GE,"[2, 3, 27]",18,40,12,1766,3,27
GE,"[2, 3, 27]",18,40,13,4356,3,27
GE,"[2, 3, 27]",18,40,14,1786,3,2
GE,"[2, 3, 27]",18,40,15,417,2,2
GE,"[2, 3, 27]",18,40,16,4294,27,27
GE,"[2, 3, 27]",18,40,17,65,3,27
GE,"[2, 3, 27]",18,40,18,3757,27,2
GE,"[2, 3, 27]",18,40,19,4150,27,27
GE,"[2, 3, 27]",19,40,0,1076,3,27
GE,"[2, 3, 27]",19,40,1,1839,27,27
GE,"[2, 3, 27]",19,40,2,3426,3,3
GE,"[2, 3, 27]",19,40,3,1534,27,27
GE,"[2, 3, 27]",19,40,4,1117,3,27
GE,"[2, 3, 27]",19,40,5,4560,3,3
GE,"[2, 3, 27]",19,40,6,2597,27,2
GE,"[2, 3, 27]",19,40,7,788,27,27
GE,"[2, 3, 27]",19,40,8,1285,2,3
GE,"[2, 3, 27]",19,40,9,3701,3,2
GE,"[2, 3, 27]",19,40,10,3522,27,3
GE,"[2, 3, 27]",19,40,11,3596,27,27
GE,"[2, 3, 27]",19,40,12,3639,3,27
GE,"[2, 3, 27]",19,40,13,1059,27,27
GE,"[2, 3, 27]",19,40,14,51,27,27
GE,"[2, 3, 27]",19,40,15,2538,3,3
GE,"[2, 3, 27]",19,40,16,1844,27,2
GE,"[2, 3, 27]",19,40,17,1143,3,3
GE,"[2, 3, 27]",19,40,18,957,3,27
GE,"[2, 3, 27]",19,40,19,4160,3,27
GE,"[2, 3, 27]",20,40,0,3966,3,3
GE,"[2, 3, 27]",20,40,1,3084,2,2
GE,"[2, 3, 27]",20,40,2,56,3,3
GE,"[2, 3, 27]",20,40,3,2160,27,2
GE,"[2, 3, 27]",20,40,4,102,3,27
GE,"[2, 3, 27]",20,40,5,657,27,3
GE,"[2, 3, 27]",20,40,6,4356,3,27
GE,"[2, 3, 27]",20,40,7,1146,3,27
GE,"[2, 3, 27]",20,40,8,903,3,27
GE,"[2, 3, 27]",20,40,9,601,2,2
GE,"[2, 3, 27]",20,40,10,2998,3,3
GE,"[2, 3, 27]",20,40,11,2513,2,2
GE,"[2, 3, 27]",20,40,12,1729,3,27
GE,"[2, 3, 27]",20,40,13,4390,27,3
GE,"[2, 3, 27]",20,40,14,2652,27,3
GE,"[2, 3, 27]",20,40,15,1158,3,2
GE,"[2, 3, 27]",20,40,16,3617,27,27
GE,"[2, 3, 27]",20,40,17,3561,27,27
GE,"[2, 3, 27]",20,40,18,1760,3,2
GE,"[2, 3, 27]",20,40,19,2787,27,27
GE,"[2, 3, 27]",21,40,0,1938,3,2
GE,"[2, 3, 27]",21,40,1,3057,27,2
GE,"[2, 3, 27]",21,40,2,418,2,2
GE,"[2, 3, 27]",21,40,3,663,2,2
GE,"[2, 3, 27]",21,40,4,4001,2,2
GE,"[2, 3, 27]",21,40,5,3651,27,27
GE,"[2, 3, 27]",21,40,6,3522,27,3
GE,"[2, 3, 27]",21,40,7,292,27,27
GE,"[2, 3, 27]",21,40,8,3357,2,27
GE,"[2, 3, 27]",21,40,9,4339,3,27
GE,"[2, 3, 27]",21,40,10,1786,3,2
GE,"[2, 3, 27]",21,40,11,4436,27,27
GE,"[2, 3, 27]",21,40,12,1804,3,3
GE,"[2, 3, 27]",21,40,13,596,27,27
GE,"[2, 3, 27]",21,40,14,4165,27,3
GE,"[2, 3, 27]",21,40,15,2121,2,2
GE,"[2, 3, 27]",21,40,16,322,3,2
GE,"[2, 3, 27]",21,40,17,3313,3,3
GE,"[2, 3, 27]",21,40,18,324,27,3
GE,"[2, 3, 27]",21,40,19,4512,2,27
GE,"[2, 3, 27]",22,40,0,1281,27,2
GE,"[2, 3, 27]",22,40,1,702,3,27
GE,"[2, 3, 27]",22,40,2,3440,2,2
GE,"[2, 3, 27]",22,40,3,808,2,2
GE,"[2, 3, 27]",22,40,4,4396,27,27
GE,"[2, 3, 27]",22,40,5,3578,3,27
GE,"[2, 3, 27]",22,40,6,2475,2,3
GE,"[2, 3, 27]",22,40,7,2041,27,3
GE,"[2, 3, 27]",22,40,8,1232,2,2
GE,"[2, 3, 27]",22,40,9,3724,27,27
GE,"[2, 3, 27]",22,40,10,4001,2,2
GE,"[2, 3, 27]",22,40,11,1764,27,3
GE,"[2, 3, 27]",22,40,12,4291,3,2
GE,"[2, 3, 27]",22,40,13,346,3,27
GE,"[2, 3, 27]",22,40,14,2248,27,3
GE,"[2, 3, 27]",22,40,15,3456,27,27
GE,"[2, 3, 27]",22,40,16,1804,3,3
GE,"[2, 3, 27]",22,40,17,2608,27,3
GE,"[2, 3, 27]",22,40,18,2221,3,3
GE,"[2, 3, 27]",22,40,19,4022,27,3
GE,"[2, 3, 27]",23,40,0,56,3,3
GE,"[2, 3, 27]",23,40,1,84,2,3
GE,"[2, 3, 27]",23,40,2,509,2,27
GE,"[2, 3, 27]",23,40,3,683,2,2
GE,"[2, 3, 27]",23,40,4,3719,3,27
GE,"[2, 3, 27]",23,40,5,161,3,27
GE,"[2, 3, 27]",23,40,6,2179,27,27
GE,"[2, 3, 27]",23,40,7,1764,27,3
GE,"[2, 3, 27]",23,40,8,4506,3,2
GE,"[2, 3, 27]",23,40,9,3757,27,2
GE,"[2, 3, 27]",23,40,10,2580,2,3
GE,"[2, 3, 27]",23,40,11,4135,2,2
GE,"[2, 3, 27]",23,40,12,2711,27,2
GE,"[2, 3, 27]",23,40,13,3589,27,3
GE,"[2, 3, 27]",23,40,14,2949,2,2
GE,"[2, 3, 27]",23,40,15,195,27,27
GE,"[2, 3, 27]",23,40,16,3841,2,2
GE,"[2, 3, 27]",23,40,17,3488,27,27
GE,"[2, 3, 27]",23,40,18,2082,27,27
GE,"[2, 3, 27]",23,40,19,4386,3,3
GE,"[2, 3, 27]",24,40,0,683,2,2
GE,"[2, 3, 27]",24,40,1,351,27,27
GE,"[2, 3, 27]",24,40,2,962,27,27
GE,"[2, 3, 27]",24,40,3,2439,3,27
GE,"[2, 3, 27]",24,40,4,793,2,27
GE,"[2, 3, 27]",24,40,5,1412,27,27
GE,"[2, 3, 27]",24,40,6,2970,27,3
GE,"[2, 3, 27]",24,40,7,2551,3,2
GE,"[2, 3, 27]",24,40,8,3079,27,2
GE,"[2, 3, 27]",24,40,9,136,2,2
GE,"[2, 3, 27]",24,40,10,1118,3,3
GE,"[2, 3, 27]",24,40,11,2142,27,3
GE,"[2, 3, 27]",24,40,12,4001,2,2
GE,"[2, 3, 27]",24,40,13,820,3,27
GE,"[2, 3, 27]",24,40,14,4506,3,2
GE,"[2, 3, 27]",24,40,15,1158,3,2
GE,"[2, 3, 27]",24,40,16,739,27,27
GE,"[2, 3, 27]",24,40,17,3673,2,2
GE,"[2, 3, 27]",24,40,18,3326,27,3
GE,"[2, 3, 27]",24,40,19,3377,27,27
GE,"[2, 3, 27]",25,40,0,2793,2,27
GE,"[2, 3, 27]",25,40,1,3092,27,27
GE,"[2, 3, 27]",25,40,2,3825,3,2
GE,"[2, 3, 27]",25,40,3,1764,27,3
GE,"[2, 3, 27]",25,40,4,1601,3,2
GE,"[2, 3, 27]",25,40,5,3522,27,3
GE,"[2, 3, 27]",25,40,6,1760,3,2
GE,"[2, 3, 27]",25,40,7,2428,3,3
GE,"[2, 3, 27]",25,40,8,3473,2,3
GE,"[2, 3, 27]",25,40,9,3691,27,27
GE,"[2, 3, 27]",25,40,10,56,3,3
GE,"[2, 3, 27]",25,40,11,4438,27,27
GE,"[2, 3, 27]",25,40,12,1076,3,27
GE,"[2, 3, 27]",25,40,13,4484,27,27
GE,"[2, 3, 27]",25,40,14,2760,3,27
GE,"[2, 3, 27]",25,40,15,161,3,27
GE,"[2, 3, 27]",25,40,16,1681,2,2
GE,"[2, 3, 27]",25,40,17,1586,27,3
GE,"[2, 3, 27]",25,40,18,3005,2,27
GE,"[2, 3, 27]",25,40,19,4043,3,27
GE,"[2, 3, 27]",26,40,0,925,3,3
GE,"[2, 3, 27]",26,40,1,1897,3,27
GE,"[2, 3, 27]",26,40,2,4459,27,27
GE,"[2, 3, 27]",26,40,3,1996,3,2
GE,"[2, 3, 27]",26,40,4,1489,27,27
GE,"[2, 3, 27]",26,40,5,1098,27,27
GE,"[2, 3, 27]",26,40,6,492,3,27
GE,"[2, 3, 27]",26,40,7,3407,2,2
GE,"[2, 3, 27]",26,40,8,1789,2,27
GE,"[2, 3, 27]",26,40,9,1487,2,2
GE,"[2, 3, 27]",26,40,10,3054,3,27
GE,"[2, 3, 27]",26,40,11,2551,3,2
GE,"[2, 3, 27]",26,40,12,3825,3,2
GE,"[2, 3, 27]",26,40,13,3683,3,27
GE,"[2, 3, 27]",26,40,14,4108,27,2
GE,"[2, 3, 27]",26,40,15,4560,3,3
GE,"[2, 3, 27]",26,40,16,4262,3,2
GE,"[2, 3, 27]",26,40,17,4264,27,27
GE,"[2, 3, 27]",26,40,18,3340,2,2
GE,"[2, 3, 27]",26,40,19,1681,2,2
GE,"[2, 3, 27]",27,40,0,2506,2,2
GE,"[2, 3, 27]",27,40,1,929,3,27
GE,"[2, 3, 27]",27,40,2,2249,27,27
GE,"[2, 3, 27]",27,40,3,300,3,3
GE,"[2, 3, 27]",27,40,4,517,27,27
GE,"[2, 3, 27]",27,40,5,2187,27,27
GE,"[2, 3, 27]",27,40,6,4262,3,2
GE,"[2, 3, 27]",27,40,7,511,3,3
GE,"[2, 3, 27]",27,40,8,3489,2,2
GE,"[2, 3, 27]",27,40,9,2105,3,3
GE,"[2, 3, 27]",27,40,10,286,27,27
GE,"[2, 3, 27]",27,40,11,2551,3,2
GE,"[2, 3, 27]",27,40,12,3357,2,27
GE,"[2, 3, 27]",27,40,13,914,2,27
GE,"[2, 3, 27]",27,40,14,2856,3,3
GE,"[2, 3, 27]",27,40,15,328,2,3
GE,"[2, 3, 27]",27,40,16,3675,27,27
GE,"[2, 3, 27]",27,40,17,3654,27,3
GE,"[2, 3, 27]",27,40,18,2385,3,27
GE,"[2, 3, 27]",27,40,19,2760,3,27
GE,"[2, 3, 27]",28,40,0,2580,2,3
GE,"[2, 3, 27]",28,40,1,2145,3,2
GE,"[2, 3, 27]",28,40,2,492,3,27
GE,"[2, 3, 27]",28,40,3,3618,27,27
GE,"[2, 3, 27]",28,40,4,4142,27,27
GE,"[2, 3, 27]",28,40,5,569,3,27
GE,"[2, 3, 27]",28,40,6,3407,2,2
GE,"[2, 3, 27]",28,40,7,1867,3,3
GE,"[2, 3, 27]",28,40,8,2836,27,27
GE,"[2, 3, 27]",28,40,9,648,27,27
GE,"[2, 3, 27]",28,40,10,322,3,2
GE,"[2, 3, 27]",28,40,11,442,27,27
GE,"[2, 3, 27]",28,40,12,792,27,27
GE,"[2, 3, 27]",28,40,13,1986,2,3
GE,"[2, 3, 27]",28,40,14,665,27,3
GE,"[2, 3, 27]",28,40,15,482,2,2
GE,"[2, 3, 27]",28,40,16,383,2,3
GE,"[2, 3, 27]",28,40,17,4556,2,2
GE,"[2, 3, 27]",28,40,18,4108,27,2
GE,"[2, 3, 27]",28,40,19,527,2,27
GE,"[2, 3, 27]",29,40,0,1355,27,3
GE,"[2, 3, 27]",29,40,1,418,2,2
GE,"[2, 3, 27]",29,40,2,3720,27,27
GE,"[2, 3, 27]",29,40,3,1844,27,2
GE,"[2, 3, 27]",29,40,4,4506,3,2
GE,"[2, 3, 27]",29,40,5,4227,3,3
GE,"[2, 3, 27]",29,40,6,3796,3,3
GE,"[2, 3, 27]",29,40,7,3200,2,3
GE,"[2, 3, 27]",29,40,8,383,2,3
GE,"[2, 3, 27]",29,40,9,1379,3,27
GE,"[2, 3, 27]",29,40,10,688,3,3
GE,"[2, 3, 27]",29,40,11,3324,3,27
GE,"[2, 3, 27]",29,40,12,65,3,27
GE,"[2, 3, 27]",29,40,13,4183,27,27
GE,"[2, 3, 27]",29,40,14,4062,3,27
GE,"[2, 3, 27]",29,40,15,1588,2,2
GE,"[2, 3, 27]",29,40,16,3000,2,2
GE,"[2, 3, 27]",29,40,17,551,27,27
GE,"[2, 3, 27]",29,40,18,2168,2,2
GE,"[2, 3, 27]",29,40,19,1244,3,3
GE,"[2, 3, 27]",30,40,0,4001,2,2
GE,"[2, 3, 27]",30,40,1,3057,27,2
GE,"[2, 3, 27]",30,40,2,2580,2,3
GE,"[2, 3, 27]",30,40,3,1238,2,2
GE,"[2, 3, 27]",30,40,4,2013,3,27
GE,"[2, 3, 27]",30,40,5,3290,2,2
GE,"[2, 3, 27]",30,40,6,4022,27,3
GE,"[2, 3, 27]",30,40,7,4390,27,3
GE,"[2, 3, 27]",30,40,8,503,3,27
GE,"[2, 3, 27]",30,40,9,1031,27,27
GE,"[2, 3, 27]",30,40,10,288,27,2
GE,"[2, 3, 27]",30,40,11,2929,27,2
GE,"[2, 3, 27]",30,40,12,1117,3,27
GE,"[2, 3, 27]",30,40,13,3470,2,27
GE,"[2, 3, 27]",30,40,14,84,2,3
GE,"[2, 3, 27]",30,40,15,3618,27,27
GE,"[2, 3, 27]",30,40,16,1764,27,3
GE,"[2, 3, 27]",30,40,17,2221,3,3
GE,"[2, 3, 27]",30,40,18,2998,3,3
GE,"[2, 3, 27]",30,40,19,409,2,2
GE,"[2, 3, 27]",31,40,0,2717,3,2
GE,"[2, 3, 27]",31,40,1,1592,3,3
GE,"[2, 3, 27]",31,40,2,3822,27,27
GE,"[2, 3, 27]",31,40,3,1888,3,27
GE,"[2, 3, 27]",31,40,4,1760,3,2
GE,"[2, 3, 27]",31,40,5,3673,2,2
GE,"[2, 3, 27]",31,40,6,4175,27,27
GE,"[2, 3, 27]",31,40,7,4255,2,2
GE,"[2, 3, 27]",31,40,8,1770,2,27
GE,"[2, 3, 27]",31,40,9,1822,2,27
GE,"[2, 3, 27]",31,40,10,4386,3,3
GE,"[2, 3, 27]",31,40,11,1355,27,3
GE,"[2, 3, 27]",31,40,12,2477,2,2
GE,"[2, 3, 27]",31,40,13,1722,27,27
GE,"[2, 3, 27]",31,40,14,1005,3,27
GE,"[2, 3, 27]",31,40,15,3973,27,27
GE,"[2, 3, 27]",31,40,16,1494,27,27
GE,"[2, 3, 27]",31,40,17,1764,27,3
GE,"[2, 3, 27]",31,40,18,2542,27,27
GE,"[2, 3, 27]",31,40,19,1586,27,3
GE,"[2, 3, 27]",32,40,0,2542,27,27
GE,"[2, 3, 27]",32,40,1,4212,3,27
GE,"[2, 3, 27]",32,40,2,565,2,2
GE,"[2, 3, 27]",32,40,3,2039,2,27
GE,"[2, 3, 27]",32,40,4,1786,3,2
GE,"[2, 3, 27]",32,40,5,2711,27,2
GE,"[2, 3, 27]",32,40,6,2980,27,27
GE,"[2, 3, 27]",32,40,7,1669,3,3
GE,"[2, 3, 27]",32,40,8,109,2,2
GE,"[2, 3, 27]",32,40,9,2453,27,27
GE,"[2, 3, 27]",32,40,10,1118,3,3
GE,"[2, 3, 27]",32,40,11,4359,27,27
GE,"[2, 3, 27]",32,40,12,2579,3,3
GE,"[2, 3, 27]",32,40,13,1787,2,2
GE,"[2, 3, 27]",32,40,14,3313,3,3
GE,"[2, 3, 27]",32,40,15,3863,27,27
GE,"[2, 3, 27]",32,40,16,1601,3,2
GE,"[2, 3, 27]",32,40,17,2660,2,3
GE,"[2, 3, 27]",32,40,18,346,3,27
GE,"[2, 3, 27]",32,40,19,4255,2,2
GE,"[2, 3, 27]",33,40,0,3601,27,2
GE,"[2, 3, 27]",33,40,1,2077,27,3
GE,"[2, 3, 27]",33,40,2,4377,3,27
GE,"[2, 3, 27]",33,40,3,4066,2,2
GE,"[2, 3, 27]",33,40,4,161,3,27
GE,"[2, 3, 27]",33,40,5,2001,2,2
GE,"[2, 3, 27]",33,40,6,3825,3,2
GE,"[2, 3, 27]",33,40,7,578,3,27
GE,"[2, 3, 27]",33,40,8,324,27,3
GE,"[2, 3, 27]",33,40,9,1586,27,3
GE,"[2, 3, 27]",33,40,10,4356,3,27
GE,"[2, 3, 27]",33,40,11,4499,3,3
GE,"[2, 3, 27]",33,40,12,1179,27,2
GE,"[2, 3, 27]",33,40,13,2929,27,2
GE,"[2, 3, 27]",33,40,14,1764,27,3
GE,"[2, 3, 27]",33,40,15,1867,3,3
GE,"[2, 3, 27]",33,40,16,2963,27,27
GE,"[2, 3, 27]",33,40,17,1155,2,27
GE,"[2, 3, 27]",33,40,18,4123,27,27
GE,"[2, 3, 27]",33,40,19,688,3,3
GE,"[2, 3, 27]",34,40,0,3841,2,2
GE,"[2, 3, 27]",34,40,1,2551,3,2
GE,"[2, 3, 27]",34,40,2,2970,27,3
GE,"[2, 3, 27]",34,40,3,3108,27,3
GE,"[2, 3, 27]",34,40,4,4384,2,2
GE,"[2, 3, 27]",34,40,5,3426,3,3
GE,"[2, 3, 27]",34,40,6,601,2,2
GE,"[2, 3, 27]",34,40,7,85,27,27
GE,"[2, 3, 27]",34,40,8,3313,3,3
GE,"[2, 3, 27]",34,40,9,2658,27,27
GE,"[2, 3, 27]",34,40,10,3596,27,27
GE,"[2, 3, 27]",34,40,11,3905,27,3
GE,"[2, 3, 27]",34,40,12,2610,27,27
GE,"[2, 3, 27]",34,40,13,3057,27,2
GE,"[2, 3, 27]",34,40,14,3702,3,3
GE,"[2, 3, 27]",34,40,15,1218,2,2
GE,"[2, 3, 27]",34,40,16,3902,2,2
GE,"[2, 3, 27]",34,40,17,1916,3,3
GE,"[2, 3, 27]",34,40,18,4556,2,2
GE,"[2, 3, 27]",34,40,19,1285,2,3
GE,"[2, 3, 27]",35,40,0,1145,27,27
GE,"[2, 3, 27]",35,40,1,2822,3,3
GE,"[2, 3, 27]",35,40,2,1378,2,27
GE,"[2, 3, 27]",35,40,3,4291,3,2
GE,"[2, 3, 27]",35,40,4,1319,3,3
GE,"[2, 3, 27]",35,40,5,3326,27,3
GE,"[2, 3, 27]",35,40,6,3688,27,27
GE,"[2, 3, 27]",35,40,7,2580,2,3
GE,"[2, 3, 27]",35,40,8,957,3,27
GE,"[2, 3, 27]",35,40,9,1158,3,2
GE,"[2, 3, 27]",35,40,10,188,3,3
GE,"[2, 3, 27]",35,40,11,1787,2,2
GE,"[2, 3, 27]",35,40,12,4564,27,27
GE,"[2, 3, 27]",35,40,13,1938,3,2
GE,"[2, 3, 27]",35,40,14,903,3,27
GE,"[2, 3, 27]",35,40,15,1786,3,2
GE,"[2, 3, 27]",35,40,16,2915,2,2
GE,"[2, 3, 27]",35,40,17,2598,27,27
GE,"[2, 3, 27]",35,40,18,535,3,3
GE,"[2, 3, 27]",35,40,19,452,2,27
GE,"[2, 3, 27]",36,40,0,1867,3,3
GE,"[2, 3, 27]",36,40,1,3054,3,27
GE,"[2, 3, 27]",36,40,2,2142,27,3
GE,"[2, 3, 27]",36,40,3,2475,2,3
GE,"[2, 3, 27]",36,40,4,683,2,2
GE,"[2, 3, 27]",36,40,5,3998,27,2
GE,"[2, 3, 27]",36,40,6,166,27,27
GE,"[2, 3, 27]",36,40,7,2915,2,2
GE,"[2, 3, 27]",36,40,8,1938,3,2
GE,"[2, 3, 27]",36,40,9,1607,3,3
GE,"[2, 3, 27]",36,40,10,65,3,27
GE,"[2, 3, 27]",36,40,11,347,27,27
GE,"[2, 3, 27]",36,40,12,4549,27,2
GE,"[2, 3, 27]",36,40,13,2856,3,3
GE,"[2, 3, 27]",36,40,14,816,3,27
GE,"[2, 3, 27]",36,40,15,2857,3,27
GE,"[2, 3, 27]",36,40,16,1785,27,27
GE,"[2, 3, 27]",36,40,17,2168,2,2
GE,"[2, 3, 27]",36,40,18,2876,3,27
GE,"[2, 3, 27]",36,40,19,1358,27,3
GE,"[2, 3, 27]",37,40,0,510,27,2
GE,"[2, 3, 27]",37,40,1,1828,2,2
GE,"[2, 3, 27]",37,40,2,1005,3,27
GE,"[2, 3, 27]",37,40,3,4195,3,3
GE,"[2, 3, 27]",37,40,4,1539,3,3
GE,"[2, 3, 27]",37,40,5,2926,27,27
GE,"[2, 3, 27]",37,40,6,2998,3,3
GE,"[2, 3, 27]",37,40,7,543,27,3
GE,"[2, 3, 27]",37,40,8,1867,3,3
GE,"[2, 3, 27]",37,40,9,635,27,3
GE,"[2, 3, 27]",37,40,10,1281,27,2
GE,"[2, 3, 27]",37,40,11,665,27,3
GE,"[2, 3, 27]",37,40,12,188,3,3
GE,"[2, 3, 27]",37,40,13,2502,3,27
GE,"[2, 3, 27]",37,40,14,3897,27,3
GE,"[2, 3, 27]",37,40,15,1042,27,27
GE,"[2, 3, 27]",37,40,16,3000,2,2
GE,"[2, 3, 27]",37,40,17,2597,27,2
GE,"[2, 3, 27]",37,40,18,3190,2,2
GE,"[2, 3, 27]",37,40,19,2551,3,2
GE,"[2, 3, 27]",38,40,0,688,3,3
GE,"[2, 3, 27]",38,40,1,287,2,2
GE,"[2, 3, 27]",38,40,2,754,27,27
GE,"[2, 3, 27]",38,40,3,276,27,3
GE,"[2, 3, 27]",38,40,4,3038,27,27
GE,"[2, 3, 27]",38,40,5,578,3,27
GE,"[2, 3, 27]",38,40,6,3825,3,2
GE,"[2, 3, 27]",38,40,7,3166,2,2
GE,"[2, 3, 27]",38,40,8,1975,2,2
GE,"[2, 3, 27]",38,40,9,1280,2,2
GE,"[2, 3, 27]",38,40,10,1786,3,2
GE,"[2, 3, 27]",38,40,11,1409,27,3
GE,"[2, 3, 27]",38,40,12,106,27,27
GE,"[2, 3, 27]",38,40,13,828,27,27
GE,"[2, 3, 27]",38,40,14,452,2,27
GE,"[2, 3, 27]",38,40,15,3158,2,2
GE,"[2, 3, 27]",38,40,16,91,27,27
GE,"[2, 3, 27]",38,40,17,1810,3,3
GE,"[2, 3, 27]",38,40,18,1158,3,2
GE,"[2, 3, 27]",38,40,19,4506,3,2
GE,"[2, 3, 27]",39,40,0,1789,2,27
GE,"[2, 3, 27]",39,40,1,1500,27,27
GE,"[2, 3, 27]",39,40,2,4532,27,27
GE,"[2, 3, 27]",39,40,3,2537,2,3
GE,"[2, 3, 27]",39,40,4,3522,27,3
GE,"[2, 3, 27]",39,40,5,4506,3,2
GE,"[2, 3, 27]",39,40,6,1975,2,2
GE,"[2, 3, 27]",39,40,7,4556,2,2
GE,"[2, 3, 27]",39,40,8,4005,2,3
GE,"[2, 3, 27]",39,40,9,377,27,27
GE,"[2, 3, 27]",39,40,10,263,27,3
GE,"[2, 3, 27]",39,40,11,4043,3,27
GE,"[2, 3, 27]",39,40,12,2385,3,27
GE,"[2, 3, 27]",39,40,13,1285,2,3
GE,"[2, 3, 27]",39,40,14,382,3,3
GE,"[2, 3, 27]",39,40,15,492,3,27
GE,"[2, 3, 27]",39,40,16,1874,27,27
GE,"[2, 3, 27]",39,40,17,3110,3,3
GE,"[2, 3, 27]",39,40,18,683,2,2
GE,"[2, 3, 27]",39,40,19,3600,27,27
GE,"[2, 3, 27]",40,40,0,4351,3,3
GE,"[2, 3, 27]",40,40,1,2598,27,27
GE,"[2, 3, 27]",40,40,2,4254,27,27
GE,"[2, 3, 27]",40,40,3,2205,27,27
GE,"[2, 3, 27]",40,40,4,4255,2,2
GE,"[2, 3, 27]",40,40,5,1592,3,3
GE,"[2, 3, 27]",40,40,6,1158,3,2
GE,"[2, 3, 27]",40,40,7,3646,27,3
GE,"[2, 3, 27]",40,40,8,2013,3,27
GE,"[2, 3, 27]",40,40,9,1586,27,3
GE,"[2, 3, 27]",40,40,10,2822,3,3
GE,"[2, 3, 27]",40,40,11,1281,27,2
GE,"[2, 3, 27]",40,40,12,3921,27,27
GE,"[2, 3, 27]",40,40,13,1179,27,2
GE,"[2, 3, 27]",40,40,14,4043,3,27
GE,"[2, 3, 27]",40,40,15,2095,27,3
GE,"[2, 3, 27]",40,40,16,2428,3,3
GE,"[2, 3, 27]",40,40,17,510,27,2
GE,"[2, 3, 27]",40,40,18,2160,27,2
GE,"[2, 3, 27]",40,40,19,3000,2,2
GE,"[2, 3, 27]",41,40,0,3473,2,3
GE,"[2, 3, 27]",41,40,1,3921,27,27
GE,"[2, 3, 27]",41,40,2,1632,27,27
GE,"[2, 3, 27]",41,40,3,3440,2,2
GE,"[2, 3, 27]",41,40,4,661,27,27
GE,"[2, 3, 27]",41,40,5,2972,3,3
GE,"[2, 3, 27]",41,40,6,3190,2,2
GE,"[2, 3, 27]",41,40,7,683,2,2
GE,"[2, 3, 27]",41,40,8,1757,27,27
GE,"[2, 3, 27]",41,40,9,3702,3,3
GE,"[2, 3, 27]",41,40,10,3079,27,2
GE,"[2, 3, 27]",41,40,11,3357,2,27
GE,"[2, 3, 27]",41,40,12,2744,3,27
GE,"[2, 3, 27]",41,40,13,4291,3,2
GE,"[2, 3, 27]",41,40,14,838,27,3
GE,"[2, 3, 27]",41,40,15,2248,27,3
GE,"[2, 3, 27]",41,40,16,2142,27,3
GE,"[2, 3, 27]",41,40,17,2660,2,3
GE,"[2, 3, 27]",41,40,18,968,27,27
GE,"[2, 3, 27]",41,40,19,1446,3,3
GE,"[2, 3, 27]",42,40,0,1607,3,3
GE,"[2, 3, 27]",42,40,1,1601,3,2
GE,"[2, 3, 27]",42,40,2,133,2,2
GE,"[2, 3, 27]",42,40,3,2538,3,3
GE,"[2, 3, 27]",42,40,4,3932,3,27
GE,"[2, 3, 27]",42,40,5,3313,3,3
GE,"[2, 3, 27]",42,40,6,3079,27,2
GE,"[2, 3, 27]",42,40,7,1760,3,2
GE,"[2, 3, 27]",42,40,8,2541,3,27
GE,"[2, 3, 27]",42,40,9,3302,3,3
GE,"[2, 3, 27]",42,40,10,1897,3,27
GE,"[2, 3, 27]",42,40,11,1463,3,3
GE,"[2, 3, 27]",42,40,12,3691,27,27
GE,"[2, 3, 27]",42,40,13,3673,2,2
GE,"[2, 3, 27]",42,40,14,957,3,27
GE,"[2, 3, 27]",42,40,15,166,27,27
GE,"[2, 3, 27]",42,40,16,3639,3,27
GE,"[2, 3, 27]",42,40,17,1787,2,2
GE,"[2, 3, 27]",42,40,18,2095,27,3
GE,"[2, 3, 27]",42,40,19,1874,27,27
GE,"[2, 3, 27]",43,40,0,3736,27,27
GE,"[2, 3, 27]",43,40,1,1586,27,3
GE,"[2, 3, 27]",43,40,2,1611,27,27
GE,"[2, 3, 27]",43,40,3,683,2,2
GE,"[2, 3, 27]",43,40,4,1938,3,2
GE,"[2, 3, 27]",43,40,5,569,3,27
GE,"[2, 3, 27]",43,40,6,3589,27,3
GE,"[2, 3, 27]",43,40,7,793,2,27
GE,"[2, 3, 27]",43,40,8,2234,27,27
GE,"[2, 3, 27]",43,40,9,1118,3,3
GE,"[2, 3, 27]",43,40,10,2001,2,2
GE,"[2, 3, 27]",43,40,11,2248,27,3
GE,"[2, 3, 27]",43,40,12,3340,2,2
GE,"[2, 3, 27]",43,40,13,1448,3,27
GE,"[2, 3, 27]",43,40,14,1231,3,27
GE,"[2, 3, 27]",43,40,15,2822,3,3
GE,"[2, 3, 27]",43,40,16,3976,27,27
GE,"[2, 3, 27]",43,40,17,1996,3,2
GE,"[2, 3, 27]",43,40,18,4483,27,3
GE,"[2, 3, 27]",43,40,19,3733,27,2
GE,"[2, 3, 27]",44,40,0,4195,3,3
GE,"[2, 3, 27]",44,40,1,3354,27,27
GE,"[2, 3, 27]",44,40,2,1371,27,27
GE,"[2, 3, 27]",44,40,3,4377,3,27
GE,"[2, 3, 27]",44,40,4,2005,27,3
GE,"[2, 3, 27]",44,40,5,817,27,27
GE,"[2, 3, 27]",44,40,6,1692,27,2
GE,"[2, 3, 27]",44,40,7,2095,27,3
GE,"[2, 3, 27]",44,40,8,1491,3,27
GE,"[2, 3, 27]",44,40,9,2929,27,2
GE,"[2, 3, 27]",44,40,10,4108,27,2
GE,"[2, 3, 27]",44,40,11,663,2,2
GE,"[2, 3, 27]",44,40,12,3158,2,2
GE,"[2, 3, 27]",44,40,13,2195,3,3
GE,"[2, 3, 27]",44,40,14,4262,3,2
GE,"[2, 3, 27]",44,40,15,133,2,2
GE,"[2, 3, 27]",44,40,16,914,2,27
GE,"[2, 3, 27]",44,40,17,543,27,3
GE,"[2, 3, 27]",44,40,18,1487,2,2
GE,"[2, 3, 27]",44,40,19,4341,3,27
GE,"[2, 3, 27]",45,40,0,4291,3,2
GE,"[2, 3, 27]",45,40,1,3005,2,27
GE,"[2, 3, 27]",45,40,2,569,3,27
GE,"[2, 3, 27]",45,40,3,31,27,27
GE,"[2, 3, 27]",45,40,4,1975,2,2
GE,"[2, 3, 27]",45,40,5,1867,3,3
GE,"[2, 3, 27]",45,40,6,3601,27,2
GE,"[2, 3, 27]",45,40,7,2074,27,27
GE,"[2, 3, 27]",45,40,8,1646,27,27
GE,"[2, 3, 27]",45,40,9,4103,27,27
GE,"[2, 3, 27]",45,40,10,4438,27,27
GE,"[2, 3, 27]",45,40,11,1764,27,3
GE,"[2, 3, 27]",45,40,12,1916,3,3
GE,"[2, 3, 27]",45,40,13,3522,27,3
GE,"[2, 3, 27]",45,40,14,3701,3,2
GE,"[2, 3, 27]",45,40,15,629,27,3
GE,"[2, 3, 27]",45,40,16,287,2,2
GE,"[2, 3, 27]",45,40,17,4499,3,3
GE,"[2, 3, 27]",45,40,18,1692,27,2
GE,"[2, 3, 27]",45,40,19,545,27,27
GE,"[2, 3, 27]",46,40,0,3057,27,2
GE,"[2, 3, 27]",46,40,1,2583,3,3
GE,"[2, 3, 27]",46,40,2,3796,3,3
GE,"[2, 3, 27]",46,40,3,3701,3,2
GE,"[2, 3, 27]",46,40,4,388,2,2
GE,"[2, 3, 27]",46,40,5,3290,2,2
GE,"[2, 3, 27]",46,40,6,452,2,27
GE,"[2, 3, 27]",46,40,7,1233,27,27
GE,"[2, 3, 27]",46,40,8,2145,3,2
GE,"[2, 3, 27]",46,40,9,2826,2,3
GE,"[2, 3, 27]",46,40,10,3469,27,27
GE,"[2, 3, 27]",46,40,11,3539,2,27
GE,"[2, 3, 27]",46,40,12,4506,3,2
GE,"[2, 3, 27]",46,40,13,3129,27,27
GE,"[2, 3, 27]",46,40,14,2001,2,2
GE,"[2, 3, 27]",46,40,15,4005,2,3
GE,"[2, 3, 27]",46,40,16,2739,2,2
GE,"[2, 3, 27]",46,40,17,3867,27,27
GE,"[2, 3, 27]",46,40,18,3433,27,27
GE,"[2, 3, 27]",46,40,19,2729,27,3
GE,"[2, 3, 27]",47,40,0,452,2,27
GE,"[2, 3, 27]",47,40,1,3956,27,27
GE,"[2, 3, 27]",47,40,2,1448,3,27
GE,"[2, 3, 27]",47,40,3,1539,3,3
GE,"[2, 3, 27]",47,40,4,2731,27,27
GE,"[2, 3, 27]",47,40,5,2005,27,3
GE,"[2, 3, 27]",47,40,6,4291,3,2
GE,"[2, 3, 27]",47,40,7,3489,2,2
GE,"[2, 3, 27]",47,40,8,2506,2,2
GE,"[2, 3, 27]",47,40,9,3757,27,2
GE,"[2, 3, 27]",47,40,10,479,2,3
GE,"[2, 3, 27]",47,40,11,1460,27,3
GE,"[2, 3, 27]",47,40,12,504,27,27
GE,"[2, 3, 27]",47,40,13,3110,3,3
GE,"[2, 3, 27]",47,40,14,4339,3,27
GE,"[2, 3, 27]",47,40,15,3932,3,27
GE,"[2, 3, 27]",47,40,16,3473,2,3
GE,"[2, 3, 27]",47,40,17,2717,3,2
GE,"[2, 3, 27]",47,40,18,1512,3,27
GE,"[2, 3, 27]",47,40,19,2942,3,27
GE,"[2, 3, 27]",48,40,0,3057,27,2
GE,"[2, 3, 27]",48,40,1,84,2,3
GE,"[2, 3, 27]",48,40,2,2288,27,27
GE,"[2, 3, 27]",48,40,3,2579,3,3
GE,"[2, 3, 27]",48,40,4,1774,2,27
GE,"[2, 3, 27]",48,40,5,152,3,3
GE,"[2, 3, 27]",48,40,6,2753,27,27
GE,"[2, 3, 27]",48,40,7,838,27,3
GE,"[2, 3, 27]",48,40,8,3200,2,3
GE,"[2, 3, 27]",48,40,9,1786,3,2
GE,"[2, 3, 27]",48,40,10,2903,27,27
GE,"[2, 3, 27]",48,40,11,4356,3,27
GE,"[2, 3, 27]",48,40,12,1120,27,3
GE,"[2, 3, 27]",48,40,13,2617,3,27
GE,"[2, 3, 27]",48,40,14,3646,27,3
GE,"[2, 3, 27]",48,40,15,2729,27,3
GE,"[2, 3, 27]",48,40,16,1143,3,3
GE,"[2, 3, 27]",48,40,17,161,3,27
GE,"[2, 3, 27]",48,40,18,3489,2,2
GE,"[2, 3, 27]",48,40,19,2972,3,3
GE,"[2, 3, 27]",49,40,0,4043,3,27
GE,"[2, 3, 27]",49,40,1,2687,27,27
GE,"[2, 3, 27]",49,40,2,3733,27,2
GE,"[2, 3, 27]",49,40,3,2145,3,2
GE,"[2, 3, 27]",49,40,4,3974,2,2
GE,"[2, 3, 27]",49,40,5,1760,3,2
GE,"[2, 3, 27]",49,40,6,1890,2,3
GE,"[2, 3, 27]",49,40,7,2802,2,27
GE,"[2, 3, 27]",49,40,8,4255,2,2
GE,"[2, 3, 27]",49,40,9,925,3,3
GE,"[2, 3, 27]",49,40,10,2972,3,3
GE,"[2, 3, 27]",49,40,11,2475,2,3
GE,"[2, 3, 27]",49,40,12,629,27,3
GE,"[2, 3, 27]",49,40,13,240,27,27
GE,"[2, 3, 27]",49,40,14,2580,2,3
GE,"[2, 3, 27]",49,40,15,1941,27,27
GE,"[2, 3, 27]",49,40,16,1446,3,3
GE,"[2, 3, 27]",49,40,17,3054,3,27
GE,"[2, 3, 27]",49,40,18,3166,2,2
GE,"[2, 3, 27]",49,40,19,65,3,27
GE,"[2, 3, 9, 10]",0,40,0,482,2,2
GE,"[2, 3, 9, 10]",0,40,1,1016,3,9
GE,"[2, 3, 9, 10]",0,40,2,2579,3,3
GE,"[2, 3, 9, 10]",0,40,3,140,9,9
GE,"[2, 3, 9, 10]",0,40,4,2516,10,9
GE,"[2, 3, 9, 10]",0,40,5,846,3,3
GE,"[2, 3, 9, 10]",0,40,6,4088,9,3
GE,"[2, 3, 9, 10]",0,40,7,3133,2,9
GE,"[2, 3, 9, 10]",0,40,8,416,9,9
GE,"[2, 3, 9, 10]",0,40,9,3970,10,2
GE,"[2, 3, 9, 10]",0,40,10,908,10,10
GE,"[2, 3, 9, 10]",0,40,11,2826,2,3
GE,"[2, 3, 9, 10]",0,40,12,3508,10,10
GE,"[2, 3, 9, 10]",0,40,13,808,2,2
GE,"[2, 3, 9, 10]",0,40,14,4450,2,3
GE,"[2, 3, 9, 10]",0,40,15,1311,9,3
GE,"[2, 3, 9, 10]",0,40,16,2757,10,10
GE,"[2, 3, 9, 10]",0,40,17,364,3,10
GE,"[2, 3, 9, 10]",0,40,18,2351,10,9
GE,"[2, 3, 9, 10]",0,40,19,1828,2,2
GE,"[2, 3, 9, 10]",1,40,0,1302,3,10
GE,"[2, 3, 9, 10]",1,40,1,2516,10,9
GE,"[2, 3, 9, 10]",1,40,2,3000,2,2
GE,"[2, 3, 9, 10]",1,40,3,2513,2,2
GE,"[2, 3, 9, 10]",1,40,4,4499,3,3
GE,"[2, 3, 9, 10]",1,40,5,2001,2,2
GE,"[2, 3, 9, 10]",1,40,6,2033,9,9
GE,"[2, 3, 9, 10]",1,40,7,3489,2,2
GE,"[2, 3, 9, 10]",1,40,8,1016,3,9
GE,"[2, 3, 9, 10]",1,40,9,1794,3,10
GE,"[2, 3, 9, 10]",1,40,10,2805,10,3
GE,"[2, 3, 9, 10]",1,40,11,3825,3,2
GE,"[2, 3, 9, 10]",1,40,12,1244,3,3
GE,"[2, 3, 9, 10]",1,40,13,1601,3,2
GE,"[2, 3, 9, 10]",1,40,14,2878,10,10
GE,"[2, 3, 9, 10]",1,40,15,1810,3,3
GE,"[2, 3, 9, 10]",1,40,16,300,3,3
GE,"[2, 3, 9, 10]",1,40,17,2822,3,3
GE,"[2, 3, 9, 10]",1,40,18,383,2,3
GE,"[2, 3, 9, 10]",1,40,19,333,10,10
GE,"[2, 3, 9, 10]",2,40,0,803,10,9
GE,"[2, 3, 9, 10]",2,40,1,1062,9,3
GE,"[2, 3, 9, 10]",2,40,2,208,9,10
GE,"[2, 3, 9, 10]",2,40,3,287,2,2
GE,"[2, 3, 9, 10]",2,40,4,1480,10,9
GE,"[2, 3, 9, 10]",2,40,5,253,9,10
GE,"[2, 3, 9, 10]",2,40,6,1553,10,10
GE,"[2, 3, 9, 10]",2,40,7,4541,9,3
GE,"[2, 3, 9, 10]",2,40,8,4499,3,3
GE,"[2, 3, 9, 10]",2,40,9,2071,10,10
GE,"[2, 3, 9, 10]",2,40,10,3970,10,2
GE,"[2, 3, 9, 10]",2,40,11,2985,9,9
GE,"[2, 3, 9, 10]",2,40,12,3266,10,10
GE,"[2, 3, 9, 10]",2,40,13,1016,3,9
GE,"[2, 3, 9, 10]",2,40,14,1483,9,9
GE,"[2, 3, 9, 10]",2,40,15,1158,3,2
GE,"[2, 3, 9, 10]",2,40,16,3133,2,9
GE,"[2, 3, 9, 10]",2,40,17,4439,9,9
GE,"[2, 3, 9, 10]",2,40,18,4262,3,2
GE,"[2, 3, 9, 10]",2,40,19,1592,3,3
GE,"[2, 3, 9, 10]",3,40,0,1760,3,2
GE,"[2, 3, 9, 10]",3,40,1,2428,3,3
GE,"[2, 3, 9, 10]",3,40,2,2579,3,3
GE,"[2, 3, 9, 10]",3,40,3,1257,10,10
GE,"[2, 3, 9, 10]",3,40,4,2856,3,3
GE,"[2, 3, 9, 10]",3,40,5,4417,9,9
GE,"[2, 3, 9, 10]",3,40,6,136,2,2
GE,"[2, 3, 9, 10]",3,40,7,4085,2,10
GE,"[2, 3, 9, 10]",3,40,8,3502,10,10
GE,"[2, 3, 9, 10]",3,40,9,905,10,9
GE,"[2, 3, 9, 10]",3,40,10,1153,10,10
GE,"[2, 3, 9, 10]",3,40,11,2026,10,10
GE,"[2, 3, 9, 10]",3,40,12,2006,3,10
GE,"[2, 3, 9, 10]",3,40,13,1016,3,9
GE,"[2, 3, 9, 10]",3,40,14,1946,9,9
GE,"[2, 3, 9, 10]",3,40,15,3934,3,10
GE,"[2, 3, 9, 10]",3,40,16,565,2,2
GE,"[2, 3, 9, 10]",3,40,17,1996,3,2
GE,"[2, 3, 9, 10]",3,40,18,1062,9,3
GE,"[2, 3, 9, 10]",3,40,19,808,2,2
GE,"[2, 3, 9, 10]",4,40,0,1794,3,10
GE,"[2, 3, 9, 10]",4,40,1,4340,3,10
GE,"[2, 3, 9, 10]",4,40,2,1804,3,3
GE,"[2, 3, 9, 10]",4,40,3,1232,2,2
GE,"[2, 3, 9, 10]",4,40,4,464,10,2
GE,"[2, 3, 9, 10]",4,40,5,4402,2,2
GE,"[2, 3, 9, 10]",4,40,6,2351,10,9
GE,"[2, 3, 9, 10]",4,40,7,2551,3,2
GE,"[2, 3, 9, 10]",4,40,8,2965,2,2
GE,"[2, 3, 9, 10]",4,40,9,4088,9,3
GE,"[2, 3, 9, 10]",4,40,10,67,10,10
GE,"[2, 3, 9, 10]",4,40,11,479,2,3
GE,"[2, 3, 9, 10]",4,40,12,3697,10,10
GE,"[2, 3, 9, 10]",4,40,13,4506,3,2
GE,"[2, 3, 9, 10]",4,40,14,3974,2,2
GE,"[2, 3, 9, 10]",4,40,15,2826,2,3
GE,"[2, 3, 9, 10]",4,40,16,1483,9,9
GE,"[2, 3, 9, 10]",4,40,17,1010,9,9
GE,"[2, 3, 9, 10]",4,40,18,1480,10,9
GE,"[2, 3, 9, 10]",4,40,19,1916,3,3
GE,"[2, 3, 9, 10]",5,40,0,2859,2,3
GE,"[2, 3, 9, 10]",5,40,1,2165,3,10
GE,"[2, 3, 9, 10]",5,40,2,2068,3,10
GE,"[2, 3, 9, 10]",5,40,3,1062,9,3
GE,"[2, 3, 9, 10]",5,40,4,1976,2,2
GE,"[2, 3, 9, 10]",5,40,5,1010,9,9
GE,"[2, 3, 9, 10]",5,40,6,1490,10,10
GE,"[2, 3, 9, 10]",5,40,7,653,9,9
GE,"[2, 3, 9, 10]",5,40,8,4506,3,2
GE,"[2, 3, 9, 10]",5,40,9,3606,10,3
GE,"[2, 3, 9, 10]",5,40,10,2599,3,10
GE,"[2, 3, 9, 10]",5,40,11,3970,10,2
GE,"[2, 3, 9, 10]",5,40,12,4099,9,9
GE,"[2, 3, 9, 10]",5,40,13,3133,2,9
GE,"[2, 3, 9, 10]",5,40,14,4541,9,3
GE,"[2, 3, 9, 10]",5,40,15,2071,10,10
GE,"[2, 3, 9, 10]",5,40,16,2915,2,2
GE,"[2, 3, 9, 10]",5,40,17,464,10,2
GE,"[2, 3, 9, 10]",5,40,18,895,3,10
GE,"[2, 3, 9, 10]",5,40,19,4001,2,2
GE,"[2, 3, 9, 10]",6,40,0,2516,10,9
GE,"[2, 3, 9, 10]",6,40,1,1319,3,3
GE,"[2, 3, 9, 10]",6,40,2,1539,3,3
GE,"[2, 3, 9, 10]",6,40,3,663,2,2
GE,"[2, 3, 9, 10]",6,40,4,2322,2,3
GE,"[2, 3, 9, 10]",6,40,5,2859,2,3
GE,"[2, 3, 9, 10]",6,40,6,905,10,9
GE,"[2, 3, 9, 10]",6,40,7,3084,2,2
GE,"[2, 3, 9, 10]",6,40,8,2826,2,3
GE,"[2, 3, 9, 10]",6,40,9,1787,2,2
GE,"[2, 3, 9, 10]",6,40,10,3826,3,10
GE,"[2, 3, 9, 10]",6,40,11,3746,2,10
GE,"[2, 3, 9, 10]",6,40,12,1986,2,3
GE,"[2, 3, 9, 10]",6,40,13,464,10,2
GE,"[2, 3, 9, 10]",6,40,14,4450,2,3
GE,"[2, 3, 9, 10]",6,40,15,2292,10,10
GE,"[2, 3, 9, 10]",6,40,16,1786,3,2
GE,"[2, 3, 9, 10]",6,40,17,2068,3,10
GE,"[2, 3, 9, 10]",6,40,18,4291,3,2
GE,"[2, 3, 9, 10]",6,40,19,3133,2,9
GE,"[2, 3, 9, 10]",7,40,0,1867,3,3
GE,"[2, 3, 9, 10]",7,40,1,1402,9,9
GE,"[2, 3, 9, 10]",7,40,2,2551,3,2
GE,"[2, 3, 9, 10]",7,40,3,1070,10,2
GE,"[2, 3, 9, 10]",7,40,4,383,2,3
GE,"[2, 3, 9, 10]",7,40,5,2516,10,9
GE,"[2, 3, 9, 10]",7,40,6,2998,3,3
GE,"[2, 3, 9, 10]",7,40,7,1317,10,10
GE,"[2, 3, 9, 10]",7,40,8,1245,9,9
GE,"[2, 3, 9, 10]",7,40,9,3450,10,10
GE,"[2, 3, 9, 10]",7,40,10,2006,3,10
GE,"[2, 3, 9, 10]",7,40,11,3697,10,10
GE,"[2, 3, 9, 10]",7,40,12,2026,10,10
GE,"[2, 3, 9, 10]",7,40,13,3746,2,10
GE,"[2, 3, 9, 10]",7,40,14,535,3,3
GE,"[2, 3, 9, 10]",7,40,15,3473,2,3
GE,"[2, 3, 9, 10]",7,40,16,2351,10,9
GE,"[2, 3, 9, 10]",7,40,17,683,2,2
GE,"[2, 3, 9, 10]",7,40,18,1946,9,9
GE,"[2, 3, 9, 10]",7,40,19,3346,10,10
GE,"[2, 3, 9, 10]",8,40,0,1867,3,3
GE,"[2, 3, 9, 10]",8,40,1,1996,3,2
GE,"[2, 3, 9, 10]",8,40,2,153,10,3
GE,"[2, 3, 9, 10]",8,40,3,3856,2,10
GE,"[2, 3, 9, 10]",8,40,4,2475,2,3
GE,"[2, 3, 9, 10]",8,40,5,2006,3,10
GE,"[2, 3, 9, 10]",8,40,6,2859,2,3
GE,"[2, 3, 9, 10]",8,40,7,418,2,2
GE,"[2, 3, 9, 10]",8,40,8,1171,9,10
GE,"[2, 3, 9, 10]",8,40,9,417,2,2
GE,"[2, 3, 9, 10]",8,40,10,2351,10,9
GE,"[2, 3, 9, 10]",8,40,11,1480,10,9
GE,"[2, 3, 9, 10]",8,40,12,1257,10,10
GE,"[2, 3, 9, 10]",8,40,13,253,9,10
GE,"[2, 3, 9, 10]",8,40,14,1946,9,9
GE,"[2, 3, 9, 10]",8,40,15,803,10,9
GE,"[2, 3, 9, 10]",8,40,16,1490,10,10
GE,"[2, 3, 9, 10]",8,40,17,4494,3,3
GE,"[2, 3, 9, 10]",8,40,18,808,2,2
GE,"[2, 3, 9, 10]",8,40,19,2487,10,3
GE,"[2, 3, 9, 10]",9,40,0,2516,10,9
GE,"[2, 3, 9, 10]",9,40,1,3133,2,9
GE,"[2, 3, 9, 10]",9,40,2,4066,2,2
GE,"[2, 3, 9, 10]",9,40,3,322,3,2
GE,"[2, 3, 9, 10]",9,40,4,1446,3,3
GE,"[2, 3, 9, 10]",9,40,5,1599,3,2
GE,"[2, 3, 9, 10]",9,40,6,535,3,3
GE,"[2, 3, 9, 10]",9,40,7,484,10,10
GE,"[2, 3, 9, 10]",9,40,8,285,10,10
GE,"[2, 3, 9, 10]",9,40,9,4291,3,2
GE,"[2, 3, 9, 10]",9,40,10,1506,2,2
GE,"[2, 3, 9, 10]",9,40,11,305,10,10
GE,"[2, 3, 9, 10]",9,40,12,905,10,9
GE,"[2, 3, 9, 10]",9,40,13,418,2,2
GE,"[2, 3, 9, 10]",9,40,14,1798,9,9
GE,"[2, 3, 9, 10]",9,40,15,1311,9,3
GE,"[2, 3, 9, 10]",9,40,16,2265,2,3
GE,"[2, 3, 9, 10]",9,40,17,1810,3,3
GE,"[2, 3, 9, 10]",9,40,18,2113,3,10
GE,"[2, 3, 9, 10]",9,40,19,409,2,2
GE,"[2, 3, 9, 10]",10,40,0,3133,2,9
GE,"[2, 3, 9, 10]",10,40,1,417,2,2
GE,"[2, 3, 9, 10]",10,40,2,4445,10,10
GE,"[2, 3, 9, 10]",10,40,3,1798,9,9
GE,"[2, 3, 9, 10]",10,40,4,1311,9,3
GE,"[2, 3, 9, 10]",10,40,5,2221,3,3
GE,"[2, 3, 9, 10]",10,40,6,1786,3,2
GE,"[2, 3, 9, 10]",10,40,7,4494,3,3
GE,"[2, 3, 9, 10]",10,40,8,803,10,9
GE,"[2, 3, 9, 10]",10,40,9,2516,10,9
GE,"[2, 3, 9, 10]",10,40,10,2351,10,9
GE,"[2, 3, 9, 10]",10,40,11,3856,2,10
GE,"[2, 3, 9, 10]",10,40,12,3144,10,10
GE,"[2, 3, 9, 10]",10,40,13,3841,2,2
GE,"[2, 3, 9, 10]",10,40,14,357,9,9
GE,"[2, 3, 9, 10]",10,40,15,4291,3,2
GE,"[2, 3, 9, 10]",10,40,16,542,10,10
GE,"[2, 3, 9, 10]",10,40,17,2599,3,10
GE,"[2, 3, 9, 10]",10,40,18,1284,9,9
GE,"[2, 3, 9, 10]",10,40,19,3340,2,2
GE,"[2, 3, 9, 10]",11,40,0,212,2,3
GE,"[2, 3, 9, 10]",11,40,1,1938,3,2
GE,"[2, 3, 9, 10]",11,40,2,409,2,2
GE,"[2, 3, 9, 10]",11,40,3,1302,3,10
GE,"[2, 3, 9, 10]",11,40,4,511,3,3
GE,"[2, 3, 9, 10]",11,40,5,1070,10,2
GE,"[2, 3, 9, 10]",11,40,6,2878,10,10
GE,"[2, 3, 9, 10]",11,40,7,3226,3,3
GE,"[2, 3, 9, 10]",11,40,8,2033,9,9
GE,"[2, 3, 9, 10]",11,40,9,57,3,10
GE,"[2, 3, 9, 10]",11,40,10,2351,10,9
GE,"[2, 3, 9, 10]",11,40,11,3826,3,10
GE,"[2, 3, 9, 10]",11,40,12,1311,9,3
GE,"[2, 3, 9, 10]",11,40,13,3369,10,10
GE,"[2, 3, 9, 10]",11,40,14,2516,10,9
GE,"[2, 3, 9, 10]",11,40,15,2113,3,10
GE,"[2, 3, 9, 10]",11,40,16,535,3,3
GE,"[2, 3, 9, 10]",11,40,17,1601,3,2
GE,"[2, 3, 9, 10]",11,40,18,1794,3,10
GE,"[2, 3, 9, 10]",11,40,19,3597,10,10
GE,"[2, 3, 9, 10]",12,40,0,1245,9,9
GE,"[2, 3, 9, 10]",12,40,1,1704,10,10
GE,"[2, 3, 9, 10]",12,40,2,4506,3,2
GE,"[2, 3, 9, 10]",12,40,3,1153,10,10
GE,"[2, 3, 9, 10]",12,40,4,2071,10,10
GE,"[2, 3, 9, 10]",12,40,5,1402,9,9
GE,"[2, 3, 9, 10]",12,40,6,4439,9,9
GE,"[2, 3, 9, 10]",12,40,7,152,3,3
GE,"[2, 3, 9, 10]",12,40,8,4577,9,9
GE,"[2, 3, 9, 10]",12,40,9,1016,3,9
GE,"[2, 3, 9, 10]",12,40,10,2073,10,3
GE,"[2, 3, 9, 10]",12,40,11,84,2,3
GE,"[2, 3, 9, 10]",12,40,12,3084,2,2
GE,"[2, 3, 9, 10]",12,40,13,3200,2,3
GE,"[2, 3, 9, 10]",12,40,14,3934,3,10
GE,"[2, 3, 9, 10]",12,40,15,2264,2,10
GE,"[2, 3, 9, 10]",12,40,16,542,10,10
GE,"[2, 3, 9, 10]",12,40,17,825,3,3
GE,"[2, 3, 9, 10]",12,40,18,1786,3,2
GE,"[2, 3, 9, 10]",12,40,19,1244,3,3
GE,"[2, 3, 9, 10]",13,40,0,803,10,9
GE,"[2, 3, 9, 10]",13,40,1,1681,2,2
GE,"[2, 3, 9, 10]",13,40,2,1490,10,10
GE,"[2, 3, 9, 10]",13,40,3,1480,10,9
GE,"[2, 3, 9, 10]",13,40,4,364,3,10
GE,"[2, 3, 9, 10]",13,40,5,846,3,3
GE,"[2, 3, 9, 10]",13,40,6,4001,2,2
GE,"[2, 3, 9, 10]",13,40,7,1016,3,9
GE,"[2, 3, 9, 10]",13,40,8,2537,2,3
GE,"[2, 3, 9, 10]",13,40,9,2351,10,9
GE,"[2, 3, 9, 10]",13,40,10,2068,3,10
GE,"[2, 3, 9, 10]",13,40,11,1599,3,2
GE,"[2, 3, 9, 10]",13,40,12,2580,2,3
GE,"[2, 3, 9, 10]",13,40,13,2878,10,10
GE,"[2, 3, 9, 10]",13,40,14,1483,9,9
GE,"[2, 3, 9, 10]",13,40,15,1232,2,2
GE,"[2, 3, 9, 10]",13,40,16,3366,10,10
GE,"[2, 3, 9, 10]",13,40,17,1070,10,2
GE,"[2, 3, 9, 10]",13,40,18,1319,3,3
GE,"[2, 3, 9, 10]",13,40,19,4099,9,9
GE,"[2, 3, 9, 10]",14,40,0,3746,2,10
GE,"[2, 3, 9, 10]",14,40,1,476,10,10
GE,"[2, 3, 9, 10]",14,40,2,3443,10,10
GE,"[2, 3, 9, 10]",14,40,3,2717,3,2
GE,"[2, 3, 9, 10]",14,40,4,2113,3,10
GE,"[2, 3, 9, 10]",14,40,5,653,9,9
GE,"[2, 3, 9, 10]",14,40,6,2972,3,3
GE,"[2, 3, 9, 10]",14,40,7,1938,3,2
GE,"[2, 3, 9, 10]",14,40,8,3606,10,3
GE,"[2, 3, 9, 10]",14,40,9,2537,2,3
GE,"[2, 3, 9, 10]",14,40,10,1794,3,10
GE,"[2, 3, 9, 10]",14,40,11,4157,3,3
GE,"[2, 3, 9, 10]",14,40,12,2905,10,10
GE,"[2, 3, 9, 10]",14,40,13,908,10,10
GE,"[2, 3, 9, 10]",14,40,14,2516,10,9
GE,"[2, 3, 9, 10]",14,40,15,1232,2,2
GE,"[2, 3, 9, 10]",14,40,16,1070,10,2
GE,"[2, 3, 9, 10]",14,40,17,1487,2,2
GE,"[2, 3, 9, 10]",14,40,18,1592,3,3
GE,"[2, 3, 9, 10]",14,40,19,2006,3,10
GE,"[2, 3, 9, 10]",15,40,0,3635,9,9
GE,"[2, 3, 9, 10]",15,40,1,4099,9,9
GE,"[2, 3, 9, 10]",15,40,2,2516,10,9
GE,"[2, 3, 9, 10]",15,40,3,4157,3,3
GE,"[2, 3, 9, 10]",15,40,4,482,2,2
GE,"[2, 3, 9, 10]",15,40,5,285,10,10
GE,"[2, 3, 9, 10]",15,40,6,3854,9,9
GE,"[2, 3, 9, 10]",15,40,7,2264,2,10
GE,"[2, 3, 9, 10]",15,40,8,2006,3,10
GE,"[2, 3, 9, 10]",15,40,9,1480,10,9
GE,"[2, 3, 9, 10]",15,40,10,3361,10,10
GE,"[2, 3, 9, 10]",15,40,11,2157,2,3
GE,"[2, 3, 9, 10]",15,40,12,2513,2,2
GE,"[2, 3, 9, 10]",15,40,13,2121,2,2
GE,"[2, 3, 9, 10]",15,40,14,3582,9,9
GE,"[2, 3, 9, 10]",15,40,15,2636,9,9
GE,"[2, 3, 9, 10]",15,40,16,1996,3,2
GE,"[2, 3, 9, 10]",15,40,17,56,3,3
GE,"[2, 3, 9, 10]",15,40,18,2351,10,9
GE,"[2, 3, 9, 10]",15,40,19,4556,2,2
GE,"[2, 3, 9, 10]",16,40,0,1016,3,9
GE,"[2, 3, 9, 10]",16,40,1,895,3,10
GE,"[2, 3, 9, 10]",16,40,2,3238,9,3
GE,"[2, 3, 9, 10]",16,40,3,2660,2,3
GE,"[2, 3, 9, 10]",16,40,4,1787,2,2
GE,"[2, 3, 9, 10]",16,40,5,417,2,2
GE,"[2, 3, 9, 10]",16,40,6,2972,3,3
GE,"[2, 3, 9, 10]",16,40,7,4255,2,2
GE,"[2, 3, 9, 10]",16,40,8,1280,2,2
GE,"[2, 3, 9, 10]",16,40,9,1669,3,3
GE,"[2, 3, 9, 10]",16,40,10,4099,9,9
GE,"[2, 3, 9, 10]",16,40,11,1070,10,2
GE,"[2, 3, 9, 10]",16,40,12,803,10,9
GE,"[2, 3, 9, 10]",16,40,13,220,9,9
GE,"[2, 3, 9, 10]",16,40,14,1946,9,9
GE,"[2, 3, 9, 10]",16,40,15,1480,10,9
GE,"[2, 3, 9, 10]",16,40,16,2636,9,9
GE,"[2, 3, 9, 10]",16,40,17,905,10,9
GE,"[2, 3, 9, 10]",16,40,18,2113,3,10
GE,"[2, 3, 9, 10]",16,40,19,4417,9,9
GE,"[2, 3, 9, 10]",17,40,0,803,10,9
GE,"[2, 3, 9, 10]",17,40,1,208,9,10
GE,"[2, 3, 9, 10]",17,40,2,3426,3,3
GE,"[2, 3, 9, 10]",17,40,3,3158,2,2
GE,"[2, 3, 9, 10]",17,40,4,2006,3,10
GE,"[2, 3, 9, 10]",17,40,5,2351,10,9
GE,"[2, 3, 9, 10]",17,40,6,3502,10,10
GE,"[2, 3, 9, 10]",17,40,7,382,3,3
GE,"[2, 3, 9, 10]",17,40,8,4005,2,3
GE,"[2, 3, 9, 10]",17,40,9,3934,3,10
GE,"[2, 3, 9, 10]",17,40,10,1287,10,3
GE,"[2, 3, 9, 10]",17,40,11,2195,3,3
GE,"[2, 3, 9, 10]",17,40,12,1787,2,2
GE,"[2, 3, 9, 10]",17,40,13,3369,10,10
GE,"[2, 3, 9, 10]",17,40,14,4227,3,3
GE,"[2, 3, 9, 10]",17,40,15,1070,10,2
GE,"[2, 3, 9, 10]",17,40,16,482,2,2
GE,"[2, 3, 9, 10]",17,40,17,2859,2,3
GE,"[2, 3, 9, 10]",17,40,18,464,10,2
GE,"[2, 3, 9, 10]",17,40,19,2068,3,10
GE,"[2, 3, 9, 10]",18,40,0,2145,3,2
GE,"[2, 3, 9, 10]",18,40,1,1016,3,9
GE,"[2, 3, 9, 10]",18,40,2,3163,9,3
GE,"[2, 3, 9, 10]",18,40,3,601,2,2
GE,"[2, 3, 9, 10]",18,40,4,3410,10,10
GE,"[2, 3, 9, 10]",18,40,5,1636,10,10
GE,"[2, 3, 9, 10]",18,40,6,1592,3,3
GE,"[2, 3, 9, 10]",18,40,7,3226,3,3
GE,"[2, 3, 9, 10]",18,40,8,4506,3,2
GE,"[2, 3, 9, 10]",18,40,9,3953,10,10
GE,"[2, 3, 9, 10]",18,40,10,1794,3,10
GE,"[2, 3, 9, 10]",18,40,11,1158,3,2
GE,"[2, 3, 9, 10]",18,40,12,3290,2,2
GE,"[2, 3, 9, 10]",18,40,13,1287,10,3
GE,"[2, 3, 9, 10]",18,40,14,328,2,3
GE,"[2, 3, 9, 10]",18,40,15,2006,3,10
GE,"[2, 3, 9, 10]",18,40,16,2739,2,2
GE,"[2, 3, 9, 10]",18,40,17,3133,2,9
GE,"[2, 3, 9, 10]",18,40,18,1402,9,9
GE,"[2, 3, 9, 10]",18,40,19,4445,10,10
GE,"[2, 3, 9, 10]",19,40,0,803,10,9
GE,"[2, 3, 9, 10]",19,40,1,388,2,2
GE,"[2, 3, 9, 10]",19,40,2,3443,10,10
GE,"[2, 3, 9, 10]",19,40,3,2859,2,3
GE,"[2, 3, 9, 10]",19,40,4,2972,3,3
GE,"[2, 3, 9, 10]",19,40,5,253,9,10
GE,"[2, 3, 9, 10]",19,40,6,2659,2,2
GE,"[2, 3, 9, 10]",19,40,7,2265,2,3
GE,"[2, 3, 9, 10]",19,40,8,1480,10,9
GE,"[2, 3, 9, 10]",19,40,9,3489,2,2
GE,"[2, 3, 9, 10]",19,40,10,4450,2,3
GE,"[2, 3, 9, 10]",19,40,11,2113,3,10
GE,"[2, 3, 9, 10]",19,40,12,4417,9,9
GE,"[2, 3, 9, 10]",19,40,13,3701,3,2
GE,"[2, 3, 9, 10]",19,40,14,3426,3,3
GE,"[2, 3, 9, 10]",19,40,15,188,3,3
GE,"[2, 3, 9, 10]",19,40,16,285,10,10
GE,"[2, 3, 9, 10]",19,40,17,3508,10,10
GE,"[2, 3, 9, 10]",19,40,18,220,9,9
GE,"[2, 3, 9, 10]",19,40,19,908,10,10
GE,"[2, 3, 9, 10]",20,40,0,1996,3,2
GE,"[2, 3, 9, 10]",20,40,1,1016,3,9
GE,"[2, 3, 9, 10]",20,40,2,3856,2,10
GE,"[2, 3, 9, 10]",20,40,3,3582,9,9
GE,"[2, 3, 9, 10]",20,40,4,3860,10,10
GE,"[2, 3, 9, 10]",20,40,5,322,3,2
GE,"[2, 3, 9, 10]",20,40,6,416,9,9
GE,"[2, 3, 9, 10]",20,40,7,2351,10,9
GE,"[2, 3, 9, 10]",20,40,8,1946,9,9
GE,"[2, 3, 9, 10]",20,40,9,803,10,9
GE,"[2, 3, 9, 10]",20,40,10,3473,2,3
GE,"[2, 3, 9, 10]",20,40,11,2580,2,3
GE,"[2, 3, 9, 10]",20,40,12,1010,9,9
GE,"[2, 3, 9, 10]",20,40,13,4099,9,9
GE,"[2, 3, 9, 10]",20,40,14,4384,2,2
GE,"[2, 3, 9, 10]",20,40,15,4291,3,2
GE,"[2, 3, 9, 10]",20,40,16,4001,2,2
GE,"[2, 3, 9, 10]",20,40,17,4554,10,10
GE,"[2, 3, 9, 10]",20,40,18,3110,3,3
GE,"[2, 3, 9, 10]",20,40,19,3606,10,3
GE,"[2, 3, 9, 10]",21,40,0,1636,10,10
GE,"[2, 3, 9, 10]",21,40,1,4325,10,10
GE,"[2, 3, 9, 10]",21,40,2,905,10,9
GE,"[2, 3, 9, 10]",21,40,3,3098,10,10
GE,"[2, 3, 9, 10]",21,40,4,1287,10,3
GE,"[2, 3, 9, 10]",21,40,5,2739,2,2
GE,"[2, 3, 9, 10]",21,40,6,2516,10,9
GE,"[2, 3, 9, 10]",21,40,7,3133,2,9
GE,"[2, 3, 9, 10]",21,40,8,322,3,2
GE,"[2, 3, 9, 10]",21,40,9,307,2,3
GE,"[2, 3, 9, 10]",21,40,10,357,9,9
GE,"[2, 3, 9, 10]",21,40,11,2145,3,2
GE,"[2, 3, 9, 10]",21,40,12,1867,3,3
GE,"[2, 3, 9, 10]",21,40,13,2428,3,3
GE,"[2, 3, 9, 10]",21,40,14,3856,2,10
GE,"[2, 3, 9, 10]",21,40,15,1218,2,2
GE,"[2, 3, 9, 10]",21,40,16,1938,3,2
GE,"[2, 3, 9, 10]",21,40,17,3163,9,3
GE,"[2, 3, 9, 10]",21,40,18,153,10,3
GE,"[2, 3, 9, 10]",21,40,19,601,2,2
GE,"[2, 3, 9, 10]",22,40,0,2675,10,10
GE,"[2, 3, 9, 10]",22,40,1,1938,3,2
GE,"[2, 3, 9, 10]",22,40,2,3133,2,9
GE,"[2, 3, 9, 10]",22,40,3,133,2,2
GE,"[2, 3, 9, 10]",22,40,4,4291,3,2
GE,"[2, 3, 9, 10]",22,40,5,253,9,10
GE,"[2, 3, 9, 10]",22,40,6,4541,9,3
GE,"[2, 3, 9, 10]",22,40,7,3415,9,9
GE,"[2, 3, 9, 10]",22,40,8,1787,2,2
GE,"[2, 3, 9, 10]",22,40,9,2351,10,9
GE,"[2, 3, 9, 10]",22,40,10,3881,10,3
GE,"[2, 3, 9, 10]",22,40,11,1480,10,9
GE,"[2, 3, 9, 10]",22,40,12,2965,2,2
GE,"[2, 3, 9, 10]",22,40,13,2073,10,3
GE,"[2, 3, 9, 10]",22,40,14,383,2,3
GE,"[2, 3, 9, 10]",22,40,15,3238,9,3
GE,"[2, 3, 9, 10]",22,40,16,1976,2,2
GE,"[2, 3, 9, 10]",22,40,17,1016,3,9
GE,"[2, 3, 9, 10]",22,40,18,2757,10,10
GE,"[2, 3, 9, 10]",22,40,19,57,3,10
GE,"[2, 3, 9, 10]",23,40,0,2805,10,3
GE,"[2, 3, 9, 10]",23,40,1,3953,10,10
GE,"[2, 3, 9, 10]",23,40,2,3502,10,10
GE,"[2, 3, 9, 10]",23,40,3,2516,10,9
GE,"[2, 3, 9, 10]",23,40,4,2264,2,10
GE,"[2, 3, 9, 10]",23,40,5,1158,3,2
GE,"[2, 3, 9, 10]",23,40,6,84,2,3
GE,"[2, 3, 9, 10]",23,40,7,1480,10,9
GE,"[2, 3, 9, 10]",23,40,8,3881,10,3
GE,"[2, 3, 9, 10]",23,40,9,1654,10,10
GE,"[2, 3, 9, 10]",23,40,10,287,2,2
GE,"[2, 3, 9, 10]",23,40,11,4130,10,10
GE,"[2, 3, 9, 10]",23,40,12,1986,2,3
GE,"[2, 3, 9, 10]",23,40,13,2599,3,10
GE,"[2, 3, 9, 10]",23,40,14,2351,10,9
GE,"[2, 3, 9, 10]",23,40,15,2540,9,9
GE,"[2, 3, 9, 10]",23,40,16,2551,3,2
GE,"[2, 3, 9, 10]",23,40,17,409,2,2
GE,"[2, 3, 9, 10]",23,40,18,2113,3,10
GE,"[2, 3, 9, 10]",23,40,19,1483,9,9
GE,"[2, 3, 9, 10]",24,40,0,1302,3,10
GE,"[2, 3, 9, 10]",24,40,1,3826,3,10
GE,"[2, 3, 9, 10]",24,40,2,2404,9,9
GE,"[2, 3, 9, 10]",24,40,3,1798,9,9
GE,"[2, 3, 9, 10]",24,40,4,1916,3,3
GE,"[2, 3, 9, 10]",24,40,5,3825,3,2
GE,"[2, 3, 9, 10]",24,40,6,4255,2,2
GE,"[2, 3, 9, 10]",24,40,7,3190,2,2
GE,"[2, 3, 9, 10]",24,40,8,1654,10,10
GE,"[2, 3, 9, 10]",24,40,9,511,3,3
GE,"[2, 3, 9, 10]",24,40,10,307,2,3
GE,"[2, 3, 9, 10]",24,40,11,1607,3,3
GE,"[2, 3, 9, 10]",24,40,12,1669,3,3
GE,"[2, 3, 9, 10]",24,40,13,1996,3,2
GE,"[2, 3, 9, 10]",24,40,14,4506,3,2
GE,"[2, 3, 9, 10]",24,40,15,322,3,2
GE,"[2, 3, 9, 10]",24,40,16,1171,9,10
GE,"[2, 3, 9, 10]",24,40,17,4439,9,9
GE,"[2, 3, 9, 10]",24,40,18,3934,3,10
GE,"[2, 3, 9, 10]",24,40,19,691,10,10
GE,"[2, 3, 9, 10]",25,40,0,4121,9,9
GE,"[2, 3, 9, 10]",25,40,1,3508,10,10
GE,"[2, 3, 9, 10]",25,40,2,3826,3,10
GE,"[2, 3, 9, 10]",25,40,3,1490,10,10
GE,"[2, 3, 9, 10]",25,40,4,3572,10,10
GE,"[2, 3, 9, 10]",25,40,5,3934,3,10
GE,"[2, 3, 9, 10]",25,40,6,1016,3,9
GE,"[2, 3, 9, 10]",25,40,7,1153,10,10
GE,"[2, 3, 9, 10]",25,40,8,2566,9,9
GE,"[2, 3, 9, 10]",25,40,9,4340,3,10
GE,"[2, 3, 9, 10]",25,40,10,1506,2,2
GE,"[2, 3, 9, 10]",25,40,11,2195,3,3
GE,"[2, 3, 9, 10]",25,40,12,4099,9,9
GE,"[2, 3, 9, 10]",25,40,13,3110,3,3
GE,"[2, 3, 9, 10]",25,40,14,908,10,10
GE,"[2, 3, 9, 10]",25,40,15,905,10,9
GE,"[2, 3, 9, 10]",25,40,16,3190,2,2
GE,"[2, 3, 9, 10]",25,40,17,803,10,9
GE,"[2, 3, 9, 10]",25,40,18,383,2,3
GE,"[2, 3, 9, 10]",25,40,19,153,10,3
GE,"[2, 3, 9, 10]",26,40,0,2487,10,3
GE,"[2, 3, 9, 10]",26,40,1,1388,10,10
GE,"[2, 3, 9, 10]",26,40,2,3340,2,2
GE,"[2, 3, 9, 10]",26,40,3,1798,9,9
GE,"[2, 3, 9, 10]",26,40,4,4445,10,10
GE,"[2, 3, 9, 10]",26,40,5,2351,10,9
GE,"[2, 3, 9, 10]",26,40,6,253,9,10
GE,"[2, 3, 9, 10]",26,40,7,2516,10,9
GE,"[2, 3, 9, 10]",26,40,8,2988,2,2
GE,"[2, 3, 9, 10]",26,40,9,84,2,3
GE,"[2, 3, 9, 10]",26,40,10,4439,9,9
GE,"[2, 3, 9, 10]",26,40,11,4262,3,2
GE,"[2, 3, 9, 10]",26,40,12,2859,2,3
GE,"[2, 3, 9, 10]",26,40,13,1483,9,9
GE,"[2, 3, 9, 10]",26,40,14,3702,3,3
GE,"[2, 3, 9, 10]",26,40,15,1794,3,10
GE,"[2, 3, 9, 10]",26,40,16,2165,3,10
GE,"[2, 3, 9, 10]",26,40,17,905,10,9
GE,"[2, 3, 9, 10]",26,40,18,2949,2,2
GE,"[2, 3, 9, 10]",26,40,19,3934,3,10
GE,"[2, 3, 9, 10]",27,40,0,1302,3,10
GE,"[2, 3, 9, 10]",27,40,1,4417,9,9
GE,"[2, 3, 9, 10]",27,40,2,560,9,9
GE,"[2, 3, 9, 10]",27,40,3,152,3,3
GE,"[2, 3, 9, 10]",27,40,4,2145,3,2
GE,"[2, 3, 9, 10]",27,40,5,1787,2,2
GE,"[2, 3, 9, 10]",27,40,6,3415,9,9
GE,"[2, 3, 9, 10]",27,40,7,2113,3,10
GE,"[2, 3, 9, 10]",27,40,8,1016,3,9
GE,"[2, 3, 9, 10]",27,40,9,67,10,10
GE,"[2, 3, 9, 10]",27,40,10,3796,3,3
GE,"[2, 3, 9, 10]",27,40,11,322,3,2
GE,"[2, 3, 9, 10]",27,40,12,2580,2,3
GE,"[2, 3, 9, 10]",27,40,13,2551,3,2
GE,"[2, 3, 9, 10]",27,40,14,1786,3,2
GE,"[2, 3, 9, 10]",27,40,15,1480,10,9
GE,"[2, 3, 9, 10]",27,40,16,208,9,10
GE,"[2, 3, 9, 10]",27,40,17,2972,3,3
GE,"[2, 3, 9, 10]",27,40,18,895,3,10
GE,"[2, 3, 9, 10]",27,40,19,2047,10,10
GE,"[2, 3, 9, 10]",28,40,0,1480,10,9
GE,"[2, 3, 9, 10]",28,40,1,1171,9,10
GE,"[2, 3, 9, 10]",28,40,2,3635,9,9
GE,"[2, 3, 9, 10]",28,40,3,3238,9,3
GE,"[2, 3, 9, 10]",28,40,4,803,10,9
GE,"[2, 3, 9, 10]",28,40,5,322,3,2
GE,"[2, 3, 9, 10]",28,40,6,482,2,2
GE,"[2, 3, 9, 10]",28,40,7,109,2,2
GE,"[2, 3, 9, 10]",28,40,8,1016,3,9
GE,"[2, 3, 9, 10]",28,40,9,188,3,3
GE,"[2, 3, 9, 10]",28,40,10,4325,10,10
GE,"[2, 3, 9, 10]",28,40,11,535,3,3
GE,"[2, 3, 9, 10]",28,40,12,1302,3,10
GE,"[2, 3, 9, 10]",28,40,13,3597,10,10
GE,"[2, 3, 9, 10]",28,40,14,4262,3,2
GE,"[2, 3, 9, 10]",28,40,15,3189,2,2
GE,"[2, 3, 9, 10]",28,40,16,2551,3,2
GE,"[2, 3, 9, 10]",28,40,17,140,9,9
GE,"[2, 3, 9, 10]",28,40,18,560,9,9
GE,"[2, 3, 9, 10]",28,40,19,905,10,9
GE,"[2, 3, 9, 10]",29,40,0,2165,3,10
GE,"[2, 3, 9, 10]",29,40,1,1601,3,2
GE,"[2, 3, 9, 10]",29,40,2,57,3,10
GE,"[2, 3, 9, 10]",29,40,3,4541,9,3
GE,"[2, 3, 9, 10]",29,40,4,4227,3,3
GE,"[2, 3, 9, 10]",29,40,5,2292,10,10
GE,"[2, 3, 9, 10]",29,40,6,1285,2,3
GE,"[2, 3, 9, 10]",29,40,7,803,10,9
GE,"[2, 3, 9, 10]",29,40,8,2033,9,9
GE,"[2, 3, 9, 10]",29,40,9,4445,10,10
GE,"[2, 3, 9, 10]",29,40,10,307,2,3
GE,"[2, 3, 9, 10]",29,40,11,133,2,2
GE,"[2, 3, 9, 10]",29,40,12,220,9,9
GE,"[2, 3, 9, 10]",29,40,13,2717,3,2
GE,"[2, 3, 9, 10]",29,40,14,1794,3,10
GE,"[2, 3, 9, 10]",29,40,15,1592,3,3
GE,"[2, 3, 9, 10]",29,40,16,4099,9,9
GE,"[2, 3, 9, 10]",29,40,17,4556,2,2
GE,"[2, 3, 9, 10]",29,40,18,322,3,2
GE,"[2, 3, 9, 10]",29,40,19,2551,3,2
GE,"[2, 3, 9, 10]",30,40,0,1287,10,3
GE,"[2, 3, 9, 10]",30,40,1,3970,10,2
GE,"[2, 3, 9, 10]",30,40,2,3701,3,2
GE,"[2, 3, 9, 10]",30,40,3,56,3,3
GE,"[2, 3, 9, 10]",30,40,4,2264,2,10
GE,"[2, 3, 9, 10]",30,40,5,3597,10,10
GE,"[2, 3, 9, 10]",30,40,6,1786,3,2
GE,"[2, 3, 9, 10]",30,40,7,1244,3,3
GE,"[2, 3, 9, 10]",30,40,8,4099,9,9
GE,"[2, 3, 9, 10]",30,40,9,803,10,9
GE,"[2, 3, 9, 10]",30,40,10,3238,9,3
GE,"[2, 3, 9, 10]",30,40,11,4340,3,10
GE,"[2, 3, 9, 10]",30,40,12,1158,3,2
GE,"[2, 3, 9, 10]",30,40,13,1302,3,10
GE,"[2, 3, 9, 10]",30,40,14,2516,10,9
GE,"[2, 3, 9, 10]",30,40,15,1388,10,10
GE,"[2, 3, 9, 10]",30,40,16,4157,3,3
GE,"[2, 3, 9, 10]",30,40,17,3825,3,2
GE,"[2, 3, 9, 10]",30,40,18,1317,10,10
GE,"[2, 3, 9, 10]",30,40,19,1016,3,9
GE,"[2, 3, 9, 10]",31,40,0,140,9,9
GE,"[2, 3, 9, 10]",31,40,1,3697,10,10
GE,"[2, 3, 9, 10]",31,40,2,3856,2,10
GE,"[2, 3, 9, 10]",31,40,3,2988,2,2
GE,"[2, 3, 9, 10]",31,40,4,2264,2,10
GE,"[2, 3, 9, 10]",31,40,5,653,9,9
GE,"[2, 3, 9, 10]",31,40,6,3133,2,9
GE,"[2, 3, 9, 10]",31,40,7,2805,10,3
GE,"[2, 3, 9, 10]",31,40,8,4577,9,9
GE,"[2, 3, 9, 10]",31,40,9,1062,9,3
GE,"[2, 3, 9, 10]",31,40,10,2516,10,9
GE,"[2, 3, 9, 10]",31,40,11,1976,2,2
GE,"[2, 3, 9, 10]",31,40,12,2537,2,3
GE,"[2, 3, 9, 10]",31,40,13,1539,3,3
GE,"[2, 3, 9, 10]",31,40,14,3258,10,10
GE,"[2, 3, 9, 10]",31,40,15,1016,3,9
GE,"[2, 3, 9, 10]",31,40,16,4121,9,9
GE,"[2, 3, 9, 10]",31,40,17,3825,3,2
GE,"[2, 3, 9, 10]",31,40,18,1787,2,2
GE,"[2, 3, 9, 10]",31,40,19,1804,3,3
GE,"[2, 3, 9, 10]",32,40,0,4450,2,3
GE,"[2, 3, 9, 10]",32,40,1,2265,2,3
GE,"[2, 3, 9, 10]",32,40,2,3826,3,10
GE,"[2, 3, 9, 10]",32,40,3,3361,10,10
GE,"[2, 3, 9, 10]",32,40,4,803,10,9
GE,"[2, 3, 9, 10]",32,40,5,1402,9,9
GE,"[2, 3, 9, 10]",32,40,6,2033,9,9
GE,"[2, 3, 9, 10]",32,40,7,2001,2,2
GE,"[2, 3, 9, 10]",32,40,8,3825,3,2
GE,"[2, 3, 9, 10]",32,40,9,4384,2,2
GE,"[2, 3, 9, 10]",32,40,10,1016,3,9
GE,"[2, 3, 9, 10]",32,40,11,1483,9,9
GE,"[2, 3, 9, 10]",32,40,12,1938,3,2
GE,"[2, 3, 9, 10]",32,40,13,1302,3,10
GE,"[2, 3, 9, 10]",32,40,14,1669,3,3
GE,"[2, 3, 9, 10]",32,40,15,3811,10,10
GE,"[2, 3, 9, 10]",32,40,16,1158,3,2
GE,"[2, 3, 9, 10]",32,40,17,4001,2,2
GE,"[2, 3, 9, 10]",32,40,18,1794,3,10
GE,"[2, 3, 9, 10]",32,40,19,3302,3,3
GE,"[2, 3, 9, 10]",33,40,0,4506,3,2
GE,"[2, 3, 9, 10]",33,40,1,328,2,3
GE,"[2, 3, 9, 10]",33,40,2,4112,10,10
GE,"[2, 3, 9, 10]",33,40,3,2636,9,9
GE,"[2, 3, 9, 10]",33,40,4,895,3,10
GE,"[2, 3, 9, 10]",33,40,5,1828,2,2
GE,"[2, 3, 9, 10]",33,40,6,3000,2,2
GE,"[2, 3, 9, 10]",33,40,7,4066,2,2
GE,"[2, 3, 9, 10]",33,40,8,1787,2,2
GE,"[2, 3, 9, 10]",33,40,9,4439,9,9
GE,"[2, 3, 9, 10]",33,40,10,399,3,3
GE,"[2, 3, 9, 10]",33,40,11,3582,9,9
GE,"[2, 3, 9, 10]",33,40,12,2404,9,9
GE,"[2, 3, 9, 10]",33,40,13,4340,3,10
GE,"[2, 3, 9, 10]",33,40,14,3942,10,10
GE,"[2, 3, 9, 10]",33,40,15,3133,2,9
GE,"[2, 3, 9, 10]",33,40,16,269,10,10
GE,"[2, 3, 9, 10]",33,40,17,2265,2,3
GE,"[2, 3, 9, 10]",33,40,18,4005,2,3
GE,"[2, 3, 9, 10]",33,40,19,152,3,3
GE,"[2, 3, 9, 10]",34,40,0,140,9,9
GE,"[2, 3, 9, 10]",34,40,1,2113,3,10
GE,"[2, 3, 9, 10]",34,40,2,1285,2,3
GE,"[2, 3, 9, 10]",34,40,3,3582,9,9
GE,"[2, 3, 9, 10]",34,40,4,538,9,3
GE,"[2, 3, 9, 10]",34,40,5,1938,3,2
GE,"[2, 3, 9, 10]",34,40,6,1158,3,2
GE,"[2, 3, 9, 10]",34,40,7,1388,10,10
GE,"[2, 3, 9, 10]",34,40,8,2068,3,10
GE,"[2, 3, 9, 10]",34,40,9,3934,3,10
GE,"[2, 3, 9, 10]",34,40,10,382,3,3
GE,"[2, 3, 9, 10]",34,40,11,2822,3,3
GE,"[2, 3, 9, 10]",34,40,12,2265,2,3
GE,"[2, 3, 9, 10]",34,40,13,328,2,3
GE,"[2, 3, 9, 10]",34,40,14,803,10,9
GE,"[2, 3, 9, 10]",34,40,15,3084,2,2
GE,"[2, 3, 9, 10]",34,40,16,4494,3,3
GE,"[2, 3, 9, 10]",34,40,17,2739,2,2
GE,"[2, 3, 9, 10]",34,40,18,3133,2,9
GE,"[2, 3, 9, 10]",34,40,19,1016,3,9
GE,"[2, 3, 9, 10]",35,40,0,300,3,3
GE,"[2, 3, 9, 10]",35,40,1,2351,10,9
GE,"[2, 3, 9, 10]",35,40,2,416,9,9
GE,"[2, 3, 9, 10]",35,40,3,2826,2,3
GE,"[2, 3, 9, 10]",35,40,4,2165,3,10
GE,"[2, 3, 9, 10]",35,40,5,683,2,2
GE,"[2, 3, 9, 10]",35,40,6,2265,2,3
GE,"[2, 3, 9, 10]",35,40,7,3572,10,10
GE,"[2, 3, 9, 10]",35,40,8,2717,3,2
GE,"[2, 3, 9, 10]",35,40,9,1867,3,3
GE,"[2, 3, 9, 10]",35,40,10,3486,10,10
GE,"[2, 3, 9, 10]",35,40,11,2907,10,10
GE,"[2, 3, 9, 10]",35,40,12,1285,2,3
GE,"[2, 3, 9, 10]",35,40,13,4439,9,9
GE,"[2, 3, 9, 10]",35,40,14,1976,2,2
GE,"[2, 3, 9, 10]",35,40,15,1946,9,9
GE,"[2, 3, 9, 10]",35,40,16,212,2,3
GE,"[2, 3, 9, 10]",35,40,17,2404,9,9
GE,"[2, 3, 9, 10]",35,40,18,2145,3,2
GE,"[2, 3, 9, 10]",35,40,19,364,3,10
GE,"[2, 3, 9, 10]",36,40,0,2538,3,3
GE,"[2, 3, 9, 10]",36,40,1,1786,3,2
GE,"[2, 3, 9, 10]",36,40,2,803,10,9
GE,"[2, 3, 9, 10]",36,40,3,1257,10,10
GE,"[2, 3, 9, 10]",36,40,4,2105,3,3
GE,"[2, 3, 9, 10]",36,40,5,464,10,2
GE,"[2, 3, 9, 10]",36,40,6,2516,10,9
GE,"[2, 3, 9, 10]",36,40,7,2168,2,2
GE,"[2, 3, 9, 10]",36,40,8,1016,3,9
GE,"[2, 3, 9, 10]",36,40,9,152,3,3
GE,"[2, 3, 9, 10]",36,40,10,482,2,2
GE,"[2, 3, 9, 10]",36,40,11,2739,2,2
GE,"[2, 3, 9, 10]",36,40,12,1290,10,10
GE,"[2, 3, 9, 10]",36,40,13,1284,9,9
GE,"[2, 3, 9, 10]",36,40,14,383,2,3
GE,"[2, 3, 9, 10]",36,40,15,2599,3,10
GE,"[2, 3, 9, 10]",36,40,16,208,9,10
GE,"[2, 3, 9, 10]",36,40,17,1760,3,2
GE,"[2, 3, 9, 10]",36,40,18,1317,10,10
GE,"[2, 3, 9, 10]",36,40,19,4577,9,9
GE,"[2, 3, 9, 10]",37,40,0,2660,2,3
GE,"[2, 3, 9, 10]",37,40,1,4099,9,9
GE,"[2, 3, 9, 10]",37,40,2,300,3,3
GE,"[2, 3, 9, 10]",37,40,3,3133,2,9
GE,"[2, 3, 9, 10]",37,40,4,905,10,9
GE,"[2, 3, 9, 10]",37,40,5,109,2,2
GE,"[2, 3, 9, 10]",37,40,6,1704,10,10
GE,"[2, 3, 9, 10]",37,40,7,3214,3,10
GE,"[2, 3, 9, 10]",37,40,8,2513,2,2
GE,"[2, 3, 9, 10]",37,40,9,1599,3,2
GE,"[2, 3, 9, 10]",37,40,10,1284,9,9
GE,"[2, 3, 9, 10]",37,40,11,2949,2,2
GE,"[2, 3, 9, 10]",37,40,12,1804,3,3
GE,"[2, 3, 9, 10]",37,40,13,1938,3,2
GE,"[2, 3, 9, 10]",37,40,14,212,2,3
GE,"[2, 3, 9, 10]",37,40,15,133,2,2
GE,"[2, 3, 9, 10]",37,40,16,1245,9,9
GE,"[2, 3, 9, 10]",37,40,17,2516,10,9
GE,"[2, 3, 9, 10]",37,40,18,4112,10,10
GE,"[2, 3, 9, 10]",37,40,19,2475,2,3
GE,"[2, 3, 9, 10]",38,40,0,653,9,9
GE,"[2, 3, 9, 10]",38,40,1,2998,3,3
GE,"[2, 3, 9, 10]",38,40,2,212,2,3
GE,"[2, 3, 9, 10]",38,40,3,2566,9,9
GE,"[2, 3, 9, 10]",38,40,4,1828,2,2
GE,"[2, 3, 9, 10]",38,40,5,3163,9,3
GE,"[2, 3, 9, 10]",38,40,6,3826,3,10
GE,"[2, 3, 9, 10]",38,40,7,2564,10,10
GE,"[2, 3, 9, 10]",38,40,8,803,10,9
GE,"[2, 3, 9, 10]",38,40,9,2915,2,2
GE,"[2, 3, 9, 10]",38,40,10,357,9,9
GE,"[2, 3, 9, 10]",38,40,11,688,3,3
GE,"[2, 3, 9, 10]",38,40,12,565,2,2
GE,"[2, 3, 9, 10]",38,40,13,2540,9,9
GE,"[2, 3, 9, 10]",38,40,14,2264,2,10
GE,"[2, 3, 9, 10]",38,40,15,2551,3,2
GE,"[2, 3, 9, 10]",38,40,16,1480,10,9
GE,"[2, 3, 9, 10]",38,40,17,1016,3,9
GE,"[2, 3, 9, 10]",38,40,18,1062,9,3
GE,"[2, 3, 9, 10]",38,40,19,3974,2,2
GE,"[2, 3, 9, 10]",39,40,0,2516,10,9
GE,"[2, 3, 9, 10]",39,40,1,1938,3,2
GE,"[2, 3, 9, 10]",39,40,2,220,9,9
GE,"[2, 3, 9, 10]",39,40,3,2965,2,2
GE,"[2, 3, 9, 10]",39,40,4,803,10,9
GE,"[2, 3, 9, 10]",39,40,5,1226,9,9
GE,"[2, 3, 9, 10]",39,40,6,905,10,9
GE,"[2, 3, 9, 10]",39,40,7,1446,3,3
GE,"[2, 3, 9, 10]",39,40,8,1986,2,3
GE,"[2, 3, 9, 10]",39,40,9,56,3,3
GE,"[2, 3, 9, 10]",39,40,10,2636,9,9
GE,"[2, 3, 9, 10]",39,40,11,3410,10,10
GE,"[2, 3, 9, 10]",39,40,12,2985,9,9
GE,"[2, 3, 9, 10]",39,40,13,212,2,3
GE,"[2, 3, 9, 10]",39,40,14,511,3,3
GE,"[2, 3, 9, 10]",39,40,15,1388,10,10
GE,"[2, 3, 9, 10]",39,40,16,1867,3,3
GE,"[2, 3, 9, 10]",39,40,17,3881,10,3
GE,"[2, 3, 9, 10]",39,40,18,2113,3,10
GE,"[2, 3, 9, 10]",39,40,19,57,3,10
GE,"[2, 3, 9, 10]",40,40,0,3881,10,3
GE,"[2, 3, 9, 10]",40,40,1,2322,2,3
GE,"[2, 3, 9, 10]",40,40,2,3190,2,2
GE,"[2, 3, 9, 10]",40,40,3,803,10,9
GE,"[2, 3, 9, 10]",40,40,4,1798,9,9
GE,"[2, 3, 9, 10]",40,40,5,2660,2,3
GE,"[2, 3, 9, 10]",40,40,6,2717,3,2
GE,"[2, 3, 9, 10]",40,40,7,2033,9,9
GE,"[2, 3, 9, 10]",40,40,8,1284,9,9
GE,"[2, 3, 9, 10]",40,40,9,3746,2,10
GE,"[2, 3, 9, 10]",40,40,10,1016,3,9
GE,"[2, 3, 9, 10]",40,40,11,905,10,9
GE,"[2, 3, 9, 10]",40,40,12,2826,2,3
GE,"[2, 3, 9, 10]",40,40,13,2739,2,2
GE,"[2, 3, 9, 10]",40,40,14,1599,3,2
GE,"[2, 3, 9, 10]",40,40,15,416,9,9
GE,"[2, 3, 9, 10]",40,40,16,1297,10,10
GE,"[2, 3, 9, 10]",40,40,17,399,3,3
GE,"[2, 3, 9, 10]",40,40,18,4450,2,3
GE,"[2, 3, 9, 10]",40,40,19,2145,3,2
GE,"[2, 3, 9, 10]",41,40,0,2516,10,9
GE,"[2, 3, 9, 10]",41,40,1,688,3,3
GE,"[2, 3, 9, 10]",41,40,2,3133,2,9
GE,"[2, 3, 9, 10]",41,40,3,905,10,9
GE,"[2, 3, 9, 10]",41,40,4,3746,2,10
GE,"[2, 3, 9, 10]",41,40,5,2915,2,2
GE,"[2, 3, 9, 10]",41,40,6,3572,10,10
GE,"[2, 3, 9, 10]",41,40,7,1280,2,2
GE,"[2, 3, 9, 10]",41,40,8,1257,10,10
GE,"[2, 3, 9, 10]",41,40,9,4066,2,2
GE,"[2, 3, 9, 10]",41,40,10,1245,9,9
GE,"[2, 3, 9, 10]",41,40,11,1592,3,3
GE,"[2, 3, 9, 10]",41,40,12,3701,3,2
GE,"[2, 3, 9, 10]",41,40,13,364,3,10
GE,"[2, 3, 9, 10]",41,40,14,1070,10,2
GE,"[2, 3, 9, 10]",41,40,15,2007,10,10
GE,"[2, 3, 9, 10]",41,40,16,2717,3,2
GE,"[2, 3, 9, 10]",41,40,17,803,10,9
GE,"[2, 3, 9, 10]",41,40,18,4135,2,2
GE,"[2, 3, 9, 10]",41,40,19,140,9,9
GE,"[2, 3, 9, 10]",42,40,0,364,3,10
GE,"[2, 3, 9, 10]",42,40,1,4195,3,3
GE,"[2, 3, 9, 10]",42,40,2,2551,3,2
GE,"[2, 3, 9, 10]",42,40,3,4262,3,2
GE,"[2, 3, 9, 10]",42,40,4,2516,10,9
GE,"[2, 3, 9, 10]",42,40,5,1016,3,9
GE,"[2, 3, 9, 10]",42,40,6,3473,2,3
GE,"[2, 3, 9, 10]",42,40,7,1232,2,2
GE,"[2, 3, 9, 10]",42,40,8,2717,3,2
GE,"[2, 3, 9, 10]",42,40,9,2487,10,3
GE,"[2, 3, 9, 10]",42,40,10,535,3,3
GE,"[2, 3, 9, 10]",42,40,11,2905,10,10
GE,"[2, 3, 9, 10]",42,40,12,3133,2,9
GE,"[2, 3, 9, 10]",42,40,13,3098,10,10
GE,"[2, 3, 9, 10]",42,40,14,2105,3,3
GE,"[2, 3, 9, 10]",42,40,15,4291,3,2
GE,"[2, 3, 9, 10]",42,40,16,3974,2,2
GE,"[2, 3, 9, 10]",42,40,17,3238,9,3
GE,"[2, 3, 9, 10]",42,40,18,1487,2,2
GE,"[2, 3, 9, 10]",42,40,19,4439,9,9
GE,"[2, 3, 9, 10]",43,40,0,2985,9,9
GE,"[2, 3, 9, 10]",43,40,1,409,2,2
GE,"[2, 3, 9, 10]",43,40,2,212,2,3
GE,"[2, 3, 9, 10]",43,40,3,2145,3,2
GE,"[2, 3, 9, 10]",43,40,4,2516,10,9
GE,"[2, 3, 9, 10]",43,40,5,208,9,10
GE,"[2, 3, 9, 10]",43,40,6,1946,9,9
GE,"[2, 3, 9, 10]",43,40,7,2475,2,3
GE,"[2, 3, 9, 10]",43,40,8,4351,3,3
GE,"[2, 3, 9, 10]",43,40,9,1290,10,10
GE,"[2, 3, 9, 10]",43,40,10,1760,3,2
GE,"[2, 3, 9, 10]",43,40,11,4005,2,3
GE,"[2, 3, 9, 10]",43,40,12,1681,2,2
GE,"[2, 3, 9, 10]",43,40,13,2660,2,3
GE,"[2, 3, 9, 10]",43,40,14,1938,3,2
GE,"[2, 3, 9, 10]",43,40,15,2717,3,2
GE,"[2, 3, 9, 10]",43,40,16,153,10,3
GE,"[2, 3, 9, 10]",43,40,17,1480,10,9
GE,"[2, 3, 9, 10]",43,40,18,4099,9,9
GE,"[2, 3, 9, 10]",43,40,19,3942,10,10
GE,"[2, 3, 9, 10]",44,40,0,4417,9,9
GE,"[2, 3, 9, 10]",44,40,1,4506,3,2
GE,"[2, 3, 9, 10]",44,40,2,152,3,3
GE,"[2, 3, 9, 10]",44,40,3,1402,9,9
GE,"[2, 3, 9, 10]",44,40,4,3340,2,2
GE,"[2, 3, 9, 10]",44,40,5,3856,2,10
GE,"[2, 3, 9, 10]",44,40,6,482,2,2
GE,"[2, 3, 9, 10]",44,40,7,2322,2,3
GE,"[2, 3, 9, 10]",44,40,8,1483,9,9
GE,"[2, 3, 9, 10]",44,40,9,305,10,10
GE,"[2, 3, 9, 10]",44,40,10,3826,3,10
GE,"[2, 3, 9, 10]",44,40,11,2351,10,9
GE,"[2, 3, 9, 10]",44,40,12,4340,3,10
GE,"[2, 3, 9, 10]",44,40,13,601,2,2
GE,"[2, 3, 9, 10]",44,40,14,464,10,2
GE,"[2, 3, 9, 10]",44,40,15,1070,10,2
GE,"[2, 3, 9, 10]",44,40,16,2859,2,3
GE,"[2, 3, 9, 10]",44,40,17,220,9,9
GE,"[2, 3, 9, 10]",44,40,18,2456,10,10
GE,"[2, 3, 9, 10]",44,40,19,188,3,3
GE,"[2, 3, 9, 10]",45,40,0,2068,3,10
GE,"[2, 3, 9, 10]",45,40,1,1996,3,2
GE,"[2, 3, 9, 10]",45,40,2,383,2,3
GE,"[2, 3, 9, 10]",45,40,3,3163,9,3
GE,"[2, 3, 9, 10]",45,40,4,3566,9,9
GE,"[2, 3, 9, 10]",45,40,5,1238,2,2
GE,"[2, 3, 9, 10]",45,40,6,1867,3,3
GE,"[2, 3, 9, 10]",45,40,7,484,10,10
GE,"[2, 3, 9, 10]",45,40,8,1402,9,9
GE,"[2, 3, 9, 10]",45,40,9,3854,9,9
GE,"[2, 3, 9, 10]",45,40,10,464,10,2
GE,"[2, 3, 9, 10]",45,40,11,2537,2,3
GE,"[2, 3, 9, 10]",45,40,12,2165,3,10
GE,"[2, 3, 9, 10]",45,40,13,2322,2,3
GE,"[2, 3, 9, 10]",45,40,14,397,10,10
GE,"[2, 3, 9, 10]",45,40,15,56,3,3
GE,"[2, 3, 9, 10]",45,40,16,1786,3,2
GE,"[2, 3, 9, 10]",45,40,17,1480,10,9
GE,"[2, 3, 9, 10]",45,40,18,1794,3,10
GE,"[2, 3, 9, 10]",45,40,19,208,9,10
GE,"[2, 3, 9, 10]",46,40,0,4340,3,10
GE,"[2, 3, 9, 10]",46,40,1,3796,3,3
GE,"[2, 3, 9, 10]",46,40,2,2599,3,10
GE,"[2, 3, 9, 10]",46,40,3,4088,9,3
GE,"[2, 3, 9, 10]",46,40,4,3426,3,3
GE,"[2, 3, 9, 10]",46,40,5,4099,9,9
GE,"[2, 3, 9, 10]",46,40,6,2660,2,3
GE,"[2, 3, 9, 10]",46,40,7,220,9,9
GE,"[2, 3, 9, 10]",46,40,8,2221,3,3
GE,"[2, 3, 9, 10]",46,40,9,3214,3,10
GE,"[2, 3, 9, 10]",46,40,10,3366,10,10
GE,"[2, 3, 9, 10]",46,40,11,3473,2,3
GE,"[2, 3, 9, 10]",46,40,12,409,2,2
GE,"[2, 3, 9, 10]",46,40,13,2915,2,2
GE,"[2, 3, 9, 10]",46,40,14,908,10,10
GE,"[2, 3, 9, 10]",46,40,15,2717,3,2
GE,"[2, 3, 9, 10]",46,40,16,2351,10,9
GE,"[2, 3, 9, 10]",46,40,17,2157,2,3
GE,"[2, 3, 9, 10]",46,40,18,4386,3,3
GE,"[2, 3, 9, 10]",46,40,19,803,10,9
GE,"[2, 3, 9, 10]",47,40,0,2073,10,3
GE,"[2, 3, 9, 10]",47,40,1,3934,3,10
GE,"[2, 3, 9, 10]",47,40,2,2599,3,10
GE,"[2, 3, 9, 10]",47,40,3,322,3,2
GE,"[2, 3, 9, 10]",47,40,4,1483,9,9
GE,"[2, 3, 9, 10]",47,40,5,364,3,10
GE,"[2, 3, 9, 10]",47,40,6,2513,2,2
GE,"[2, 3, 9, 10]",47,40,7,2506,2,2
GE,"[2, 3, 9, 10]",47,40,8,2351,10,9
GE,"[2, 3, 9, 10]",47,40,9,2113,3,10
GE,"[2, 3, 9, 10]",47,40,10,285,10,10
GE,"[2, 3, 9, 10]",47,40,11,4195,3,3
GE,"[2, 3, 9, 10]",47,40,12,763,3,3
GE,"[2, 3, 9, 10]",47,40,13,511,3,3
GE,"[2, 3, 9, 10]",47,40,14,3572,10,10
GE,"[2, 3, 9, 10]",47,40,15,4099,9,9
GE,"[2, 3, 9, 10]",47,40,16,3407,2,2
GE,"[2, 3, 9, 10]",47,40,17,2757,10,10
GE,"[2, 3, 9, 10]",47,40,18,1867,3,3
GE,"[2, 3, 9, 10]",47,40,19,3635,9,9
GE,"[2, 3, 9, 10]",48,40,0,1016,3,9
GE,"[2, 3, 9, 10]",48,40,1,2660,2,3
GE,"[2, 3, 9, 10]",48,40,2,3942,10,10
GE,"[2, 3, 9, 10]",48,40,3,2322,2,3
GE,"[2, 3, 9, 10]",48,40,4,3854,9,9
GE,"[2, 3, 9, 10]",48,40,5,3566,9,9
GE,"[2, 3, 9, 10]",48,40,6,2351,10,9
GE,"[2, 3, 9, 10]",48,40,7,2717,3,2
GE,"[2, 3, 9, 10]",48,40,8,1153,10,10
GE,"[2, 3, 9, 10]",48,40,9,2998,3,3
GE,"[2, 3, 9, 10]",48,40,10,188,3,3
GE,"[2, 3, 9, 10]",48,40,11,253,9,10
GE,"[2, 3, 9, 10]",48,40,12,3970,10,2
GE,"[2, 3, 9, 10]",48,40,13,482,2,2
GE,"[2, 3, 9, 10]",48,40,14,803,10,9
GE,"[2, 3, 9, 10]",48,40,15,3673,2,2
GE,"[2, 3, 9, 10]",48,40,16,3133,2,9
GE,"[2, 3, 9, 10]",48,40,17,1794,3,10
GE,"[2, 3, 9, 10]",48,40,18,2599,3,10
GE,"[2, 3, 9, 10]",48,40,19,2265,2,3
GE,"[2, 3, 9, 10]",49,40,0,2068,3,10
GE,"[2, 3, 9, 10]",49,40,1,535,3,3
GE,"[2, 3, 9, 10]",49,40,2,307,2,3
GE,"[2, 3, 9, 10]",49,40,3,3415,9,9
GE,"[2, 3, 9, 10]",49,40,4,2516,10,9
GE,"[2, 3, 9, 10]",49,40,5,1480,10,9
GE,"[2, 3, 9, 10]",49,40,6,905,10,9
GE,"[2, 3, 9, 10]",49,40,7,3144,10,10
GE,"[2, 3, 9, 10]",49,40,8,3970,10,2
GE,"[2, 3, 9, 10]",49,40,9,3133,2,9
GE,"[2, 3, 9, 10]",49,40,10,464,10,2
GE,"[2, 3, 9, 10]",49,40,11,681,10,10
GE,"[2, 3, 9, 10]",49,40,12,220,9,9
GE,"[2, 3, 9, 10]",49,40,13,3974,2,2
GE,"[2, 3, 9, 10]",49,40,14,688,3,3
GE,"[2, 3, 9, 10]",49,40,15,1986,2,3
GE,"[2, 3, 9, 10]",49,40,16,322,3,2
GE,"[2, 3, 9, 10]",49,40,17,2972,3,3
GE,"[2, 3, 9, 10]",49,40,18,1171,9,10
GE,"[2, 3, 9, 10]",49,40,19,269,10,10
GE,"[6, 7]",0,40,0,4169,7,7
GE,"[6, 7]",0,40,1,2085,7,7
GE,"[6, 7]",0,40,2,2841,7,6
GE,"[6, 7]",0,40,3,3414,7,7
GE,"[6, 7]",0,40,4,3301,7,6
GE,"[6, 7]",0,40,5,1083,6,7
GE,"[6, 7]",0,40,6,1595,6,6
GE,"[6, 7]",0,40,7,3918,6,6
GE,"[6, 7]",0,40,8,623,7,6
GE,"[6, 7]",0,40,9,3490,6,7
GE,"[6, 7]",0,40,10,2123,7,7
GE,"[6, 7]",0,40,11,2900,7,6
GE,"[6, 7]",0,40,12,3282,7,7
GE,"[6, 7]",0,40,13,1347,6,6
GE,"[6, 7]",0,40,14,2282,6,7
GE,"[6, 7]",0,40,15,3666,6,7
GE,"[6, 7]",0,40,16,4347,6,7
GE,"[6, 7]",0,40,17,4550,6,7
GE,"[6, 7]",0,40,18,2535,6,6
GE,"[6, 7]",0,40,19,3001,7,7
GE,"[6, 7]",1,40,0,3301,7,6
GE,"[6, 7]",1,40,1,2282,6,7
GE,"[6, 7]",1,40,2,1064,7,7
GE,"[6, 7]",1,40,3,612,7,6
GE,"[6, 7]",1,40,4,2010,7,7
GE,"[6, 7]",1,40,5,711,7,6
GE,"[6, 7]",1,40,6,4234,7,6
GE,"[6, 7]",1,40,7,3918,6,6
GE,"[6, 7]",1,40,8,1836,7,7
GE,"[6, 7]",1,40,9,2085,7,7
GE,"[6, 7]",1,40,10,3704,7,6
GE,"[6, 7]",1,40,11,146,6,6
GE,"[6, 7]",1,40,12,2900,7,6
GE,"[6, 7]",1,40,13,623,7,6
GE,"[6, 7]",1,40,14,2935,6,6
GE,"[6, 7]",1,40,15,341,6,6
GE,"[6, 7]",1,40,16,2210,7,7
GE,"[6, 7]",1,40,17,4550,6,7
GE,"[6, 7]",1,40,18,881,7,7
GE,"[6, 7]",1,40,19,3828,6,6
GE,"[6, 7]",2,40,0,304,7,7
GE,"[6, 7]",2,40,1,392,7,7
GE,"[6, 7]",2,40,2,1021,6,6
GE,"[6, 7]",2,40,3,711,7,6
GE,"[6, 7]",2,40,4,66,6,6
GE,"[6, 7]",2,40,5,1347,6,6
GE,"[6, 7]",2,40,6,1235,7,7
GE,"[6, 7]",2,40,7,2841,7,6
GE,"[6, 7]",2,40,8,3045,6,6
GE,"[6, 7]",2,40,9,3666,6,7
GE,"[6, 7]",2,40,10,2521,6,7
GE,"[6, 7]",2,40,11,2535,6,6
GE,"[6, 7]",2,40,12,4347,6,7
GE,"[6, 7]",2,40,13,4044,7,7
GE,"[6, 7]",2,40,14,241,7,7
GE,"[6, 7]",2,40,15,1083,6,7
GE,"[6, 7]",2,40,16,1734,6,6
GE,"[6, 7]",2,40,17,761,6,7
GE,"[6, 7]",2,40,18,1306,7,7
GE,"[6, 7]",2,40,19,3603,6,7
GE,"[6, 7]",3,40,0,3828,6,6
GE,"[6, 7]",3,40,1,3603,6,7
GE,"[6, 7]",3,40,2,709,6,6
GE,"[6, 7]",3,40,3,1021,6,6
GE,"[6, 7]",3,40,4,2841,7,6
GE,"[6, 7]",3,40,5,1711,7,7
GE,"[6, 7]",3,40,6,1086,7,7
GE,"[6, 7]",3,40,7,245,6,6
GE,"[6, 7]",3,40,8,3644,7,6
GE,"[6, 7]",3,40,9,1845,6,6
GE,"[6, 7]",3,40,10,4234,7,6
GE,"[6, 7]",3,40,11,2302,7,6
GE,"[6, 7]",3,40,12,3918,6,6
GE,"[6, 7]",3,40,13,1083,6,7
GE,"[6, 7]",3,40,14,2900,7,6
GE,"[6, 7]",3,40,15,3329,6,7
GE,"[6, 7]",3,40,16,2194,7,7
GE,"[6, 7]",3,40,17,2521,6,7
GE,"[6, 7]",3,40,18,3666,6,7
GE,"[6, 7]",3,40,19,1306,7,7
GE,"[6, 7]",4,40,0,3836,7,7
GE,"[6, 7]",4,40,1,623,7,6
GE,"[6, 7]",4,40,2,522,6,6
GE,"[6, 7]",4,40,3,1033,7,7
GE,"[6, 7]",4,40,4,1734,6,6
GE,"[6, 7]",4,40,5,3791,6,6
GE,"[6, 7]",4,40,6,3490,6,7
GE,"[6, 7]",4,40,7,3648,6,6
GE,"[6, 7]",4,40,8,3201,7,7
GE,"[6, 7]",4,40,9,675,7,6
GE,"[6, 7]",4,40,10,3918,6,6
GE,"[6, 7]",4,40,11,4234,7,6
GE,"[6, 7]",4,40,12,761,6,7
GE,"[6, 7]",4,40,13,4550,6,7
GE,"[6, 7]",4,40,14,366,7,6
GE,"[6, 7]",4,40,15,2010,7,7
GE,"[6, 7]",4,40,16,3666,6,7
GE,"[6, 7]",4,40,17,3828,6,6
GE,"[6, 7]",4,40,18,2691,7,6
GE,"[6, 7]",4,40,19,1262,6,6
GE,"[6, 7]",5,40,0,4184,6,6
GE,"[6, 7]",5,40,1,4253,6,6
GE,"[6, 7]",5,40,2,1575,7,7
GE,"[6, 7]",5,40,3,1711,7,7
GE,"[6, 7]",5,40,4,2565,6,6
GE,"[6, 7]",5,40,5,4055,6,6
GE,"[6, 7]",5,40,6,761,6,7
GE,"[6, 7]",5,40,7,3073,7,7
GE,"[6, 7]",5,40,8,4234,7,6
GE,"[6, 7]",5,40,9,2691,7,6
GE,"[6, 7]",5,40,10,4273,7,7
GE,"[6, 7]",5,40,11,2236,7,7
GE,"[6, 7]",5,40,12,2094,6,7
GE,"[6, 7]",5,40,13,2923,6,6
GE,"[6, 7]",5,40,14,1856,6,6
GE,"[6, 7]",5,40,15,3817,6,7
GE,"[6, 7]",5,40,16,3490,6,7
GE,"[6, 7]",5,40,17,3197,6,7
GE,"[6, 7]",5,40,18,2027,7,7
GE,"[6, 7]",5,40,19,3704,7,6
GE,"[6, 7]",6,40,0,761,6,7
GE,"[6, 7]",6,40,1,3059,7,7
GE,"[6, 7]",6,40,2,2713,7,7
GE,"[6, 7]",6,40,3,3817,6,7
GE,"[6, 7]",6,40,4,840,7,7
GE,"[6, 7]",6,40,5,2515,7,7
GE,"[6, 7]",6,40,6,3620,7,7
GE,"[6, 7]",6,40,7,2094,6,7
GE,"[6, 7]",6,40,8,1083,6,7
GE,"[6, 7]",6,40,9,4059,7,6
GE,"[6, 7]",6,40,10,2945,6,6
GE,"[6, 7]",6,40,11,709,6,6
GE,"[6, 7]",6,40,12,1021,6,6
GE,"[6, 7]",6,40,13,2900,7,6
GE,"[6, 7]",6,40,14,3301,7,6
GE,"[6, 7]",6,40,15,3761,6,6
GE,"[6, 7]",6,40,16,612,7,6
GE,"[6, 7]",6,40,17,3644,7,6
GE,"[6, 7]",6,40,18,3329,6,7
GE,"[6, 7]",6,40,19,3490,6,7
GE,"[6, 7]",7,40,0,3666,6,7
GE,"[6, 7]",7,40,1,3828,6,6
GE,"[6, 7]",7,40,2,4361,7,7
GE,"[6, 7]",7,40,3,1334,6,6
GE,"[6, 7]",7,40,4,4455,6,6
GE,"[6, 7]",7,40,5,3684,6,6
GE,"[6, 7]",7,40,6,2690,7,7
GE,"[6, 7]",7,40,7,2378,7,7
GE,"[6, 7]",7,40,8,2102,7,7
GE,"[6, 7]",7,40,9,4472,6,6
GE,"[6, 7]",7,40,10,3603,6,7
GE,"[6, 7]",7,40,11,1064,7,7
GE,"[6, 7]",7,40,12,1595,6,6
GE,"[6, 7]",7,40,13,4347,6,7
GE,"[6, 7]",7,40,14,2078,7,7
GE,"[6, 7]",7,40,15,1083,6,7
GE,"[6, 7]",7,40,16,840,7,7
GE,"[6, 7]",7,40,17,2691,7,6
GE,"[6, 7]",7,40,18,4253,6,6
GE,"[6, 7]",7,40,19,366,7,6
GE,"[6, 7]",8,40,0,1474,7,7
GE,"[6, 7]",8,40,1,2548,7,7
GE,"[6, 7]",8,40,2,3828,6,6
GE,"[6, 7]",8,40,3,3197,6,7
GE,"[6, 7]",8,40,4,2900,7,6
GE,"[6, 7]",8,40,5,3761,6,6
GE,"[6, 7]",8,40,6,241,7,7
GE,"[6, 7]",8,40,7,4052,7,7
GE,"[6, 7]",8,40,8,4055,6,6
GE,"[6, 7]",8,40,9,3301,7,6
GE,"[6, 7]",8,40,10,1083,6,7
GE,"[6, 7]",8,40,11,612,7,6
GE,"[6, 7]",8,40,12,3073,7,7
GE,"[6, 7]",8,40,13,3328,6,6
GE,"[6, 7]",8,40,14,881,7,7
GE,"[6, 7]",8,40,15,3644,7,6
GE,"[6, 7]",8,40,16,3490,6,7
GE,"[6, 7]",8,40,17,2384,7,7
GE,"[6, 7]",8,40,18,3135,6,7
GE,"[6, 7]",8,40,19,1175,6,6
GE,"[6, 7]",9,40,0,2622,7,7
GE,"[6, 7]",9,40,1,2282,6,7
GE,"[6, 7]",9,40,2,2680,7,7
GE,"[6, 7]",9,40,3,2085,7,7
GE,"[6, 7]",9,40,4,1083,6,7
GE,"[6, 7]",9,40,5,3328,6,6
GE,"[6, 7]",9,40,6,3197,6,7
GE,"[6, 7]",9,40,7,3603,6,7
GE,"[6, 7]",9,40,8,3301,7,6
GE,"[6, 7]",9,40,9,2384,7,7
GE,"[6, 7]",9,40,10,3329,6,7
GE,"[6, 7]",9,40,11,4347,6,7
GE,"[6, 7]",9,40,12,1845,6,6
GE,"[6, 7]",9,40,13,4096,6,6
GE,"[6, 7]",9,40,14,2691,7,6
GE,"[6, 7]",9,40,15,4473,7,7
GE,"[6, 7]",9,40,16,3904,6,6
GE,"[6, 7]",9,40,17,623,7,6
GE,"[6, 7]",9,40,18,304,7,7
GE,"[6, 7]",9,40,19,4059,7,6
GE,"[6, 7]",10,40,0,3135,6,7
GE,"[6, 7]",10,40,1,2565,6,6
GE,"[6, 7]",10,40,2,711,7,6
GE,"[6, 7]",10,40,3,4234,7,6
GE,"[6, 7]",10,40,4,2302,7,6
GE,"[6, 7]",10,40,5,2282,6,7
GE,"[6, 7]",10,40,6,3001,7,7
GE,"[6, 7]",10,40,7,3329,6,7
GE,"[6, 7]",10,40,8,3666,6,7
GE,"[6, 7]",10,40,9,1347,6,6
GE,"[6, 7]",10,40,10,1836,7,7
GE,"[6, 7]",10,40,11,3817,6,7
GE,"[6, 7]",10,40,12,3059,7,7
GE,"[6, 7]",10,40,13,3301,7,6
GE,"[6, 7]",10,40,14,2900,7,6
GE,"[6, 7]",10,40,15,3587,7,7
GE,"[6, 7]",10,40,16,2841,7,6
GE,"[6, 7]",10,40,17,1884,7,7
GE,"[6, 7]",10,40,18,3704,7,6
GE,"[6, 7]",10,40,19,2094,6,7
GE,"[6, 7]",11,40,0,3045,6,6
GE,"[6, 7]",11,40,1,612,7,6
GE,"[6, 7]",11,40,2,1249,7,7
GE,"[6, 7]",11,40,3,2002,6,7
GE,"[6, 7]",11,40,4,4295,6,6
GE,"[6, 7]",11,40,5,2010,7,7
GE,"[6, 7]",11,40,6,2713,7,7
GE,"[6, 7]",11,40,7,4550,6,7
GE,"[6, 7]",11,40,8,4059,7,6
GE,"[6, 7]",11,40,9,675,7,6
GE,"[6, 7]",11,40,10,341,6,6
GE,"[6, 7]",11,40,11,2094,6,7
GE,"[6, 7]",11,40,12,1856,6,6
GE,"[6, 7]",11,40,13,4455,6,6
GE,"[6, 7]",11,40,14,2900,7,6
GE,"[6, 7]",11,40,15,1083,6,7
GE,"[6, 7]",11,40,16,2535,6,6
GE,"[6, 7]",11,40,17,345,6,6
GE,"[6, 7]",11,40,18,3329,6,7
GE,"[6, 7]",11,40,19,4234,7,6
GE,"[6, 7]",12,40,0,2841,7,6
GE,"[6, 7]",12,40,1,2900,7,6
GE,"[6, 7]",12,40,2,4234,7,6
GE,"[6, 7]",12,40,3,2282,6,7
GE,"[6, 7]",12,40,4,2002,6,7
GE,"[6, 7]",12,40,5,3490,6,7
GE,"[6, 7]",12,40,6,4102,6,6
GE,"[6, 7]",12,40,7,711,7,6
GE,"[6, 7]",12,40,8,2691,7,6
GE,"[6, 7]",12,40,9,3704,7,6
GE,"[6, 7]",12,40,10,3282,7,7
GE,"[6, 7]",12,40,11,392,7,7
GE,"[6, 7]",12,40,12,588,7,7
GE,"[6, 7]",12,40,13,4295,6,6
GE,"[6, 7]",12,40,14,675,7,6
GE,"[6, 7]",12,40,15,3828,6,6
GE,"[6, 7]",12,40,16,3329,6,7
GE,"[6, 7]",12,40,17,341,6,6
GE,"[6, 7]",12,40,18,1306,7,7
GE,"[6, 7]",12,40,19,3817,6,7
GE,"[6, 7]",13,40,0,2302,7,6
GE,"[6, 7]",13,40,1,3620,7,7
GE,"[6, 7]",13,40,2,2027,7,7
GE,"[6, 7]",13,40,3,4273,7,7
GE,"[6, 7]",13,40,4,1939,7,7
GE,"[6, 7]",13,40,5,3648,6,6
GE,"[6, 7]",13,40,6,2691,7,6
GE,"[6, 7]",13,40,7,78,6,6
GE,"[6, 7]",13,40,8,3817,6,7
GE,"[6, 7]",13,40,9,3704,7,6
GE,"[6, 7]",13,40,10,3644,7,6
GE,"[6, 7]",13,40,11,3490,6,7
GE,"[6, 7]",13,40,12,1083,6,7
GE,"[6, 7]",13,40,13,3666,6,7
GE,"[6, 7]",13,40,14,711,7,6
GE,"[6, 7]",13,40,15,4102,6,6
GE,"[6, 7]",13,40,16,4550,6,7
GE,"[6, 7]",13,40,17,209,6,6
GE,"[6, 7]",13,40,18,2094,6,7
GE,"[6, 7]",13,40,19,3197,6,7
GE,"[6, 7]",14,40,0,3808,6,6
GE,"[6, 7]",14,40,1,1884,7,7
GE,"[6, 7]",14,40,2,3918,6,6
GE,"[6, 7]",14,40,3,2094,6,7
GE,"[6, 7]",14,40,4,4550,6,7
GE,"[6, 7]",14,40,5,3805,7,7
GE,"[6, 7]",14,40,6,2139,7,6
GE,"[6, 7]",14,40,7,3301,7,6
GE,"[6, 7]",14,40,8,3135,6,7
GE,"[6, 7]",14,40,9,3644,7,6
GE,"[6, 7]",14,40,10,2302,7,6
GE,"[6, 7]",14,40,11,4347,6,7
GE,"[6, 7]",14,40,12,366,7,6
GE,"[6, 7]",14,40,13,1086,7,7
GE,"[6, 7]",14,40,14,2900,7,6
GE,"[6, 7]",14,40,15,2010,7,7
GE,"[6, 7]",14,40,16,4055,6,6
GE,"[6, 7]",14,40,17,3197,6,7
GE,"[6, 7]",14,40,18,3603,6,7
GE,"[6, 7]",14,40,19,4059,7,6
GE,"[6, 7]",15,40,0,3704,7,6
GE,"[6, 7]",15,40,1,2548,7,7
GE,"[6, 7]",15,40,2,2002,6,7
GE,"[6, 7]",15,40,3,3642,7,7
GE,"[6, 7]",15,40,4,2282,6,7
GE,"[6, 7]",15,40,5,3889,6,6
GE,"[6, 7]",15,40,6,1083,6,7
GE,"[6, 7]",15,40,7,3693,7,7
GE,"[6, 7]",15,40,8,366,7,6
GE,"[6, 7]",15,40,9,675,7,6
GE,"[6, 7]",15,40,10,23,7,7
GE,"[6, 7]",15,40,11,2094,6,7
GE,"[6, 7]",15,40,12,3684,6,6
GE,"[6, 7]",15,40,13,1845,6,6
GE,"[6, 7]",15,40,14,761,6,7
GE,"[6, 7]",15,40,15,3620,7,7
GE,"[6, 7]",15,40,16,3894,7,7
GE,"[6, 7]",15,40,17,2302,7,6
GE,"[6, 7]",15,40,18,2085,7,7
GE,"[6, 7]",15,40,19,2139,7,6
GE,"[6, 7]",16,40,0,2515,7,7
GE,"[6, 7]",16,40,1,1021,6,6
GE,"[6, 7]",16,40,2,1334,6,6
GE,"[6, 7]",16,40,3,1711,7,7
GE,"[6, 7]",16,40,4,78,6,6
GE,"[6, 7]",16,40,5,245,6,6
GE,"[6, 7]",16,40,6,366,7,6
GE,"[6, 7]",16,40,7,3301,7,6
GE,"[6, 7]",16,40,8,2521,6,7
GE,"[6, 7]",16,40,9,2713,7,7
GE,"[6, 7]",16,40,10,612,7,6
GE,"[6, 7]",16,40,11,4347,6,7
GE,"[6, 7]",16,40,12,4411,7,7
GE,"[6, 7]",16,40,13,2282,6,7
GE,"[6, 7]",16,40,14,2094,6,7
GE,"[6, 7]",16,40,15,4234,7,6
GE,"[6, 7]",16,40,16,3918,6,6
GE,"[6, 7]",16,40,17,2378,7,7
GE,"[6, 7]",16,40,18,761,6,7
GE,"[6, 7]",16,40,19,4473,7,7
GE,"[6, 7]",17,40,0,2027,7,7
GE,"[6, 7]",17,40,1,2622,7,7
GE,"[6, 7]",17,40,2,2521,6,7
GE,"[6, 7]",17,40,3,2139,7,6
GE,"[6, 7]",17,40,4,4169,7,7
GE,"[6, 7]",17,40,5,3805,7,7
GE,"[6, 7]",17,40,6,2282,6,7
GE,"[6, 7]",17,40,7,4059,7,6
GE,"[6, 7]",17,40,8,345,6,6
GE,"[6, 7]",17,40,9,2900,7,6
GE,"[6, 7]",17,40,10,711,7,6
GE,"[6, 7]",17,40,11,3894,7,7
GE,"[6, 7]",17,40,12,366,7,6
GE,"[6, 7]",17,40,13,3918,6,6
GE,"[6, 7]",17,40,14,4295,6,6
GE,"[6, 7]",17,40,15,2841,7,6
GE,"[6, 7]",17,40,16,3836,7,7
GE,"[6, 7]",17,40,17,1734,6,6
GE,"[6, 7]",17,40,18,3603,6,7
GE,"[6, 7]",17,40,19,522,6,6
GE,"[6, 7]",18,40,0,3666,6,7
GE,"[6, 7]",18,40,1,4055,6,6
GE,"[6, 7]",18,40,2,392,7,7
GE,"[6, 7]",18,40,3,3808,6,6
GE,"[6, 7]",18,40,4,1262,6,6
GE,"[6, 7]",18,40,5,4347,6,7
GE,"[6, 7]",18,40,6,612,7,6
GE,"[6, 7]",18,40,7,2139,7,6
GE,"[6, 7]",18,40,8,3648,6,6
GE,"[6, 7]",18,40,9,4184,6,6
GE,"[6, 7]",18,40,10,4234,7,6
GE,"[6, 7]",18,40,11,3610,7,7
GE,"[6, 7]",18,40,12,761,6,7
GE,"[6, 7]",18,40,13,2900,7,6
GE,"[6, 7]",18,40,14,3603,6,7
GE,"[6, 7]",18,40,15,623,7,6
GE,"[6, 7]",18,40,16,4550,6,7
GE,"[6, 7]",18,40,17,1083,6,7
GE,"[6, 7]",18,40,18,2841,7,6
GE,"[6, 7]",18,40,19,4455,6,6
GE,"[6, 7]",19,40,0,4102,6,6
GE,"[6, 7]",19,40,1,3328,6,6
GE,"[6, 7]",19,40,2,2923,6,6
GE,"[6, 7]",19,40,3,2900,7,6
GE,"[6, 7]",19,40,4,3352,6,6
GE,"[6, 7]",19,40,5,675,7,6
GE,"[6, 7]",19,40,6,2633,7,7
GE,"[6, 7]",19,40,7,1856,6,6
GE,"[6, 7]",19,40,8,1884,7,7
GE,"[6, 7]",19,40,9,4253,6,6
GE,"[6, 7]",19,40,10,3045,6,6
GE,"[6, 7]",19,40,11,612,7,6
GE,"[6, 7]",19,40,12,3414,7,7
GE,"[6, 7]",19,40,13,711,7,6
GE,"[6, 7]",19,40,14,3704,7,6
GE,"[6, 7]",19,40,15,761,6,7
GE,"[6, 7]",19,40,16,2094,6,7
GE,"[6, 7]",19,40,17,2002,6,7
GE,"[6, 7]",19,40,18,392,7,7
GE,"[6, 7]",19,40,19,3620,7,7
GE,"[6, 7]",20,40,0,4169,7,7
GE,"[6, 7]",20,40,1,1845,6,6
GE,"[6, 7]",20,40,2,3904,6,6
GE,"[6, 7]",20,40,3,612,7,6
GE,"[6, 7]",20,40,4,2691,7,6
GE,"[6, 7]",20,40,5,2057,7,7
GE,"[6, 7]",20,40,6,465,7,7
GE,"[6, 7]",20,40,7,385,7,7
GE,"[6, 7]",20,40,8,3666,6,7
GE,"[6, 7]",20,40,9,241,7,7
GE,"[6, 7]",20,40,10,2302,7,6
GE,"[6, 7]",20,40,11,4347,6,7
GE,"[6, 7]",20,40,12,4059,7,6
GE,"[6, 7]",20,40,13,3836,7,7
GE,"[6, 7]",20,40,14,2002,6,7
GE,"[6, 7]",20,40,15,1334,6,6
GE,"[6, 7]",20,40,16,3704,7,6
GE,"[6, 7]",20,40,17,522,6,6
GE,"[6, 7]",20,40,18,3642,7,7
GE,"[6, 7]",20,40,19,1595,6,6
GE,"[6, 7]",21,40,0,761,6,7
GE,"[6, 7]",21,40,1,3835,6,6
GE,"[6, 7]",21,40,2,711,7,6
GE,"[6, 7]",21,40,3,1347,6,6
GE,"[6, 7]",21,40,4,2900,7,6
GE,"[6, 7]",21,40,5,241,7,7
GE,"[6, 7]",21,40,6,3889,6,6
GE,"[6, 7]",21,40,7,3490,6,7
GE,"[6, 7]",21,40,8,1856,6,6
GE,"[6, 7]",21,40,9,2633,7,7
GE,"[6, 7]",21,40,10,3498,7,7
GE,"[6, 7]",21,40,11,623,7,6
GE,"[6, 7]",21,40,12,78,6,6
GE,"[6, 7]",21,40,13,546,7,7
GE,"[6, 7]",21,40,14,2422,6,6
GE,"[6, 7]",21,40,15,4550,6,7
GE,"[6, 7]",21,40,16,3135,6,7
GE,"[6, 7]",21,40,17,4169,7,7
GE,"[6, 7]",21,40,18,1262,6,6
GE,"[6, 7]",21,40,19,3301,7,6
GE,"[6, 7]",22,40,0,4096,6,6
GE,"[6, 7]",22,40,1,612,7,6
GE,"[6, 7]",22,40,2,78,6,6
GE,"[6, 7]",22,40,3,2521,6,7
GE,"[6, 7]",22,40,4,3666,6,7
GE,"[6, 7]",22,40,5,3329,6,7
GE,"[6, 7]",22,40,6,1249,7,7
GE,"[6, 7]",22,40,7,2923,6,6
GE,"[6, 7]",22,40,8,2078,7,7
GE,"[6, 7]",22,40,9,2139,7,6
GE,"[6, 7]",22,40,10,711,7,6
GE,"[6, 7]",22,40,11,4347,6,7
GE,"[6, 7]",22,40,12,3603,6,7
GE,"[6, 7]",22,40,13,2691,7,6
GE,"[6, 7]",22,40,14,2236,7,7
GE,"[6, 7]",22,40,15,2900,7,6
GE,"[6, 7]",22,40,16,1083,6,7
GE,"[6, 7]",22,40,17,2841,7,6
GE,"[6, 7]",22,40,18,3490,6,7
GE,"[6, 7]",22,40,19,2865,7,7
GE,"[6, 7]",23,40,0,3301,7,6
GE,"[6, 7]",23,40,1,3603,6,7
GE,"[6, 7]",23,40,2,4253,6,6
GE,"[6, 7]",23,40,3,3135,6,7
GE,"[6, 7]",23,40,4,2378,7,7
GE,"[6, 7]",23,40,5,2521,6,7
GE,"[6, 7]",23,40,6,2668,7,7
GE,"[6, 7]",23,40,7,3255,7,7
GE,"[6, 7]",23,40,8,2633,7,7
GE,"[6, 7]",23,40,9,2302,7,6
GE,"[6, 7]",23,40,10,3352,6,6
GE,"[6, 7]",23,40,11,881,7,7
GE,"[6, 7]",23,40,12,2329,7,7
GE,"[6, 7]",23,40,13,2945,6,6
GE,"[6, 7]",23,40,14,445,7,7
GE,"[6, 7]",23,40,15,3329,6,7
GE,"[6, 7]",23,40,16,522,6,6
GE,"[6, 7]",23,40,17,2691,7,6
GE,"[6, 7]",23,40,18,66,6,6
GE,"[6, 7]",23,40,19,3904,6,6
GE,"[6, 7]",24,40,0,3329,6,7
GE,"[6, 7]",24,40,1,1856,6,6
GE,"[6, 7]",24,40,2,612,7,6
GE,"[6, 7]",24,40,3,4044,7,7
GE,"[6, 7]",24,40,4,4169,7,7
GE,"[6, 7]",24,40,5,3414,7,7
GE,"[6, 7]",24,40,6,3642,7,7
GE,"[6, 7]",24,40,7,4497,7,7
GE,"[6, 7]",24,40,8,3135,6,7
GE,"[6, 7]",24,40,9,3666,6,7
GE,"[6, 7]",24,40,10,3648,6,6
GE,"[6, 7]",24,40,11,4059,7,6
GE,"[6, 7]",24,40,12,2691,7,6
GE,"[6, 7]",24,40,13,4295,6,6
GE,"[6, 7]",24,40,14,1845,6,6
GE,"[6, 7]",24,40,15,3704,7,6
GE,"[6, 7]",24,40,16,761,6,7
GE,"[6, 7]",24,40,17,2521,6,7
GE,"[6, 7]",24,40,18,4234,7,6
GE,"[6, 7]",24,40,19,3817,6,7
GE,"[6, 7]",25,40,0,3173,7,7
GE,"[6, 7]",25,40,1,2282,6,7
GE,"[6, 7]",25,40,2,4059,7,6
GE,"[6, 7]",25,40,3,4550,6,7
GE,"[6, 7]",25,40,4,2002,6,7
GE,"[6, 7]",25,40,5,385,7,7
GE,"[6, 7]",25,40,6,522,6,6
GE,"[6, 7]",25,40,7,2384,7,7
GE,"[6, 7]",25,40,8,3045,6,6
GE,"[6, 7]",25,40,9,1334,6,6
GE,"[6, 7]",25,40,10,2691,7,6
GE,"[6, 7]",25,40,11,761,6,7
GE,"[6, 7]",25,40,12,1575,7,7
GE,"[6, 7]",25,40,13,2094,6,7
GE,"[6, 7]",25,40,14,23,7,7
GE,"[6, 7]",25,40,15,1029,7,7
GE,"[6, 7]",25,40,16,4234,7,6
GE,"[6, 7]",25,40,17,3808,6,6
GE,"[6, 7]",25,40,18,3587,7,7
GE,"[6, 7]",25,40,19,3490,6,7
GE,"[6, 7]",26,40,0,4234,7,6
GE,"[6, 7]",26,40,1,3050,7,7
GE,"[6, 7]",26,40,2,66,6,6
GE,"[6, 7]",26,40,3,2139,7,6
GE,"[6, 7]",26,40,4,4455,6,6
GE,"[6, 7]",26,40,5,2329,7,7
GE,"[6, 7]",26,40,6,3704,7,6
GE,"[6, 7]",26,40,7,3761,6,6
GE,"[6, 7]",26,40,8,2691,7,6
GE,"[6, 7]",26,40,9,2302,7,6
GE,"[6, 7]",26,40,10,1807,7,7
GE,"[6, 7]",26,40,11,3301,7,6
GE,"[6, 7]",26,40,12,2865,7,7
GE,"[6, 7]",26,40,13,4347,6,7
GE,"[6, 7]",26,40,14,1262,6,6
GE,"[6, 7]",26,40,15,2094,6,7
GE,"[6, 7]",26,40,16,3828,6,6
GE,"[6, 7]",26,40,17,3684,6,6
GE,"[6, 7]",26,40,18,4059,7,6
GE,"[6, 7]",26,40,19,3201,7,7
GE,"[6, 7]",27,40,0,489,6,6
GE,"[6, 7]",27,40,1,3667,6,6
GE,"[6, 7]",27,40,2,3704,7,6
GE,"[6, 7]",27,40,3,2865,7,7
GE,"[6, 7]",27,40,4,2094,6,7
GE,"[6, 7]",27,40,5,623,7,6
GE,"[6, 7]",27,40,6,2002,6,7
GE,"[6, 7]",27,40,7,3610,7,7
GE,"[6, 7]",27,40,8,3791,6,6
GE,"[6, 7]",27,40,9,366,7,6
GE,"[6, 7]",27,40,10,4253,6,6
GE,"[6, 7]",27,40,11,711,7,6
GE,"[6, 7]",27,40,12,3197,6,7
GE,"[6, 7]",27,40,13,2302,7,6
GE,"[6, 7]",27,40,14,3648,6,6
GE,"[6, 7]",27,40,15,2900,7,6
GE,"[6, 7]",27,40,16,2633,7,7
GE,"[6, 7]",27,40,17,4421,7,7
GE,"[6, 7]",27,40,18,3301,7,6
GE,"[6, 7]",27,40,19,1033,7,7
GE,"[6, 7]",28,40,0,1021,6,6
GE,"[6, 7]",28,40,1,3817,6,7
GE,"[6, 7]",28,40,2,1856,6,6
GE,"[6, 7]",28,40,3,1249,7,7
GE,"[6, 7]",28,40,4,2945,6,6
GE,"[6, 7]",28,40,5,1064,7,7
GE,"[6, 7]",28,40,6,2010,7,7
GE,"[6, 7]",28,40,7,3704,7,6
GE,"[6, 7]",28,40,8,3603,6,7
GE,"[6, 7]",28,40,9,3490,6,7
GE,"[6, 7]",28,40,10,2094,6,7
GE,"[6, 7]",28,40,11,2841,7,6
GE,"[6, 7]",28,40,12,2422,6,6
GE,"[6, 7]",28,40,13,2002,6,7
GE,"[6, 7]",28,40,14,4184,6,6
GE,"[6, 7]",28,40,15,3352,6,6
GE,"[6, 7]",28,40,16,2691,7,6
GE,"[6, 7]",28,40,17,709,6,6
GE,"[6, 7]",28,40,18,2123,7,7
GE,"[6, 7]",28,40,19,2282,6,7
GE,"[6, 7]",29,40,0,4059,7,6
GE,"[6, 7]",29,40,1,2139,7,6
GE,"[6, 7]",29,40,2,2102,7,7
GE,"[6, 7]",29,40,3,2923,6,6
GE,"[6, 7]",29,40,4,489,6,6
GE,"[6, 7]",29,40,5,761,6,7
GE,"[6, 7]",29,40,6,3197,6,7
GE,"[6, 7]",29,40,7,2384,7,7
GE,"[6, 7]",29,40,8,612,7,6
GE,"[6, 7]",29,40,9,3836,7,7
GE,"[6, 7]",29,40,10,2691,7,6
GE,"[6, 7]",29,40,11,2521,6,7
GE,"[6, 7]",29,40,12,3666,6,7
GE,"[6, 7]",29,40,13,3648,6,6
GE,"[6, 7]",29,40,14,4411,7,7
GE,"[6, 7]",29,40,15,4102,6,6
GE,"[6, 7]",29,40,16,2900,7,6
GE,"[6, 7]",29,40,17,3329,6,7
GE,"[6, 7]",29,40,18,2094,6,7
GE,"[6, 7]",29,40,19,1856,6,6
GE,"[6, 7]",30,40,0,3001,7,7
GE,"[6, 7]",30,40,1,1347,6,6
GE,"[6, 7]",30,40,2,881,7,7
GE,"[6, 7]",30,40,3,3817,6,7
GE,"[6, 7]",30,40,4,4044,7,7
GE,"[6, 7]",30,40,5,4361,7,7
GE,"[6, 7]",30,40,6,2010,7,7
GE,"[6, 7]",30,40,7,366,7,6
GE,"[6, 7]",30,40,8,3666,6,7
GE,"[6, 7]",30,40,9,1595,6,6
GE,"[6, 7]",30,40,10,2521,6,7
GE,"[6, 7]",30,40,11,3329,6,7
GE,"[6, 7]",30,40,12,623,7,6
GE,"[6, 7]",30,40,13,3603,6,7
GE,"[6, 7]",30,40,14,3704,7,6
GE,"[6, 7]",30,40,15,2945,6,6
GE,"[6, 7]",30,40,16,3197,6,7
GE,"[6, 7]",30,40,17,2900,7,6
GE,"[6, 7]",30,40,18,1560,7,7
GE,"[6, 7]",30,40,19,2841,7,6
GE,"[6, 7]",31,40,0,2691,7,6
GE,"[6, 7]",31,40,1,3560,7,7
GE,"[6, 7]",31,40,2,3761,6,6
GE,"[6, 7]",31,40,3,2422,6,6
GE,"[6, 7]",31,40,4,1884,7,7
GE,"[6, 7]",31,40,5,3666,6,7
GE,"[6, 7]",31,40,6,761,6,7
GE,"[6, 7]",31,40,7,4055,6,6
GE,"[6, 7]",31,40,8,522,6,6
GE,"[6, 7]",31,40,9,675,7,6
GE,"[6, 7]",31,40,10,2027,7,7
GE,"[6, 7]",31,40,11,1175,6,6
GE,"[6, 7]",31,40,12,3587,7,7
GE,"[6, 7]",31,40,13,2690,7,7
GE,"[6, 7]",31,40,14,3817,6,7
GE,"[6, 7]",31,40,15,1083,6,7
GE,"[6, 7]",31,40,16,612,7,6
GE,"[6, 7]",31,40,17,711,7,6
GE,"[6, 7]",31,40,18,4059,7,6
GE,"[6, 7]",31,40,19,4102,6,6
GE,"[6, 7]",32,40,0,2841,7,6
GE,"[6, 7]",32,40,1,4055,6,6
GE,"[6, 7]",32,40,2,2923,6,6
GE,"[6, 7]",32,40,3,761,6,7
GE,"[6, 7]",32,40,4,3644,7,6
GE,"[6, 7]",32,40,5,3808,6,6
GE,"[6, 7]",32,40,6,1083,6,7
GE,"[6, 7]",32,40,7,245,6,6
GE,"[6, 7]",32,40,8,711,7,6
GE,"[6, 7]",32,40,9,3197,6,7
GE,"[6, 7]",32,40,10,2282,6,7
GE,"[6, 7]",32,40,11,1474,7,7
GE,"[6, 7]",32,40,12,2102,7,7
GE,"[6, 7]",32,40,13,2935,6,6
GE,"[6, 7]",32,40,14,4273,7,7
GE,"[6, 7]",32,40,15,2002,6,7
GE,"[6, 7]",32,40,16,3059,7,7
GE,"[6, 7]",32,40,17,23,7,7
GE,"[6, 7]",32,40,18,3828,6,6
GE,"[6, 7]",32,40,19,392,7,7
GE,"[6, 7]",33,40,0,2935,6,6
GE,"[6, 7]",33,40,1,612,7,6
GE,"[6, 7]",33,40,2,3301,7,6
GE,"[6, 7]",33,40,3,78,6,6
GE,"[6, 7]",33,40,4,4455,6,6
GE,"[6, 7]",33,40,5,1595,6,6
GE,"[6, 7]",33,40,6,1083,6,7
GE,"[6, 7]",33,40,7,3603,6,7
GE,"[6, 7]",33,40,8,1924,7,7
GE,"[6, 7]",33,40,9,2690,7,7
GE,"[6, 7]",33,40,10,2302,7,6
GE,"[6, 7]",33,40,11,3328,6,6
GE,"[6, 7]",33,40,12,3817,6,7
GE,"[6, 7]",33,40,13,4234,7,6
GE,"[6, 7]",33,40,14,241,7,7
GE,"[6, 7]",33,40,15,3808,6,6
GE,"[6, 7]",33,40,16,1086,7,7
GE,"[6, 7]",33,40,17,146,6,6
GE,"[6, 7]",33,40,18,2981,7,7
GE,"[6, 7]",33,40,19,2139,7,6
GE,"[6, 7]",34,40,0,366,7,6
GE,"[6, 7]",34,40,1,4295,6,6
GE,"[6, 7]",34,40,2,1306,7,7
GE,"[6, 7]",34,40,3,1595,6,6
GE,"[6, 7]",34,40,4,2900,7,6
GE,"[6, 7]",34,40,5,1235,7,7
GE,"[6, 7]",34,40,6,4052,7,7
GE,"[6, 7]",34,40,7,209,6,6
GE,"[6, 7]",34,40,8,623,7,6
GE,"[6, 7]",34,40,9,2535,6,6
GE,"[6, 7]",34,40,10,3603,6,7
GE,"[6, 7]",34,40,11,2281,6,6
GE,"[6, 7]",34,40,12,4234,7,6
GE,"[6, 7]",34,40,13,3274,7,7
GE,"[6, 7]",34,40,14,3197,6,7
GE,"[6, 7]",34,40,15,3648,6,6
GE,"[6, 7]",34,40,16,3135,6,7
GE,"[6, 7]",34,40,17,2085,7,7
GE,"[6, 7]",34,40,18,2002,6,7
GE,"[6, 7]",34,40,19,304,7,7
GE,"[6, 7]",35,40,0,639,7,7
GE,"[6, 7]",35,40,1,2865,7,7
GE,"[6, 7]",35,40,2,2691,7,6
GE,"[6, 7]",35,40,3,4055,6,6
GE,"[6, 7]",35,40,4,3644,7,6
GE,"[6, 7]",35,40,5,1939,7,7
GE,"[6, 7]",35,40,6,3414,7,7
GE,"[6, 7]",35,40,7,4347,6,7
GE,"[6, 7]",35,40,8,4059,7,6
GE,"[6, 7]",35,40,9,675,7,6
GE,"[6, 7]",35,40,10,1262,6,6
GE,"[6, 7]",35,40,11,2302,7,6
GE,"[6, 7]",35,40,12,2094,6,7
GE,"[6, 7]",35,40,13,4550,6,7
GE,"[6, 7]",35,40,14,623,7,6
GE,"[6, 7]",35,40,15,2622,7,7
GE,"[6, 7]",35,40,16,3603,6,7
GE,"[6, 7]",35,40,17,2900,7,6
GE,"[6, 7]",35,40,18,2139,7,6
GE,"[6, 7]",35,40,19,4052,7,7
GE,"[6, 7]",36,40,0,2945,6,6
GE,"[6, 7]",36,40,1,3642,7,7
GE,"[6, 7]",36,40,2,840,7,7
GE,"[6, 7]",36,40,3,3201,7,7
GE,"[6, 7]",36,40,4,2691,7,6
GE,"[6, 7]",36,40,5,4472,6,6
GE,"[6, 7]",36,40,6,2139,7,6
GE,"[6, 7]",36,40,7,1334,6,6
GE,"[6, 7]",36,40,8,3328,6,6
GE,"[6, 7]",36,40,9,345,6,6
GE,"[6, 7]",36,40,10,3135,6,7
GE,"[6, 7]",36,40,11,3490,6,7
GE,"[6, 7]",36,40,12,761,6,7
GE,"[6, 7]",36,40,13,1021,6,6
GE,"[6, 7]",36,40,14,3603,6,7
GE,"[6, 7]",36,40,15,3666,6,7
GE,"[6, 7]",36,40,16,612,7,6
GE,"[6, 7]",36,40,17,1845,6,6
GE,"[6, 7]",36,40,18,4234,7,6
GE,"[6, 7]",36,40,19,2210,7,7
GE,"[6, 7]",37,40,0,1221,7,7
GE,"[6, 7]",37,40,1,711,7,6
GE,"[6, 7]",37,40,2,3889,6,6
GE,"[6, 7]",37,40,3,3620,7,7
GE,"[6, 7]",37,40,4,241,7,7
GE,"[6, 7]",37,40,5,2935,6,6
GE,"[6, 7]",37,40,6,1836,7,7
GE,"[6, 7]",37,40,7,3808,6,6
GE,"[6, 7]",37,40,8,709,6,6
GE,"[6, 7]",37,40,9,2282,6,7
GE,"[6, 7]",37,40,10,3817,6,7
GE,"[6, 7]",37,40,11,4455,6,6
GE,"[6, 7]",37,40,12,3197,6,7
GE,"[6, 7]",37,40,13,1734,6,6
GE,"[6, 7]",37,40,14,3301,7,6
GE,"[6, 7]",37,40,15,2633,7,7
GE,"[6, 7]",37,40,16,345,6,6
GE,"[6, 7]",37,40,17,3329,6,7
GE,"[6, 7]",37,40,18,3490,6,7
GE,"[6, 7]",37,40,19,2378,7,7
GE,"[6, 7]",38,40,0,3761,6,6
GE,"[6, 7]",38,40,1,4059,7,6
GE,"[6, 7]",38,40,2,2302,7,6
GE,"[6, 7]",38,40,3,3045,6,6
GE,"[6, 7]",38,40,4,366,7,6
GE,"[6, 7]",38,40,5,2935,6,6
GE,"[6, 7]",38,40,6,4169,7,7
GE,"[6, 7]",38,40,7,3828,6,6
GE,"[6, 7]",38,40,8,4472,6,6
GE,"[6, 7]",38,40,9,3197,6,7
GE,"[6, 7]",38,40,10,4550,6,7
GE,"[6, 7]",38,40,11,3620,7,7
GE,"[6, 7]",38,40,12,2102,7,7
GE,"[6, 7]",38,40,13,245,6,6
GE,"[6, 7]",38,40,14,3001,7,7
GE,"[6, 7]",38,40,15,675,7,6
GE,"[6, 7]",38,40,16,3301,7,6
GE,"[6, 7]",38,40,17,1595,6,6
GE,"[6, 7]",38,40,18,3328,6,6
GE,"[6, 7]",38,40,19,3642,7,7
GE,"[6, 7]",39,40,0,2521,6,7
GE,"[6, 7]",39,40,1,1221,7,7
GE,"[6, 7]",39,40,2,3328,6,6
GE,"[6, 7]",39,40,3,4052,7,7
GE,"[6, 7]",39,40,4,546,7,7
GE,"[6, 7]",39,40,5,2094,6,7
GE,"[6, 7]",39,40,6,1029,7,7
GE,"[6, 7]",39,40,7,675,7,6
GE,"[6, 7]",39,40,8,612,7,6
GE,"[6, 7]",39,40,9,1064,7,7
GE,"[6, 7]",39,40,10,2422,6,6
GE,"[6, 7]",39,40,11,2841,7,6
GE,"[6, 7]",39,40,12,2691,7,6
GE,"[6, 7]",39,40,13,522,6,6
GE,"[6, 7]",39,40,14,2329,7,7
GE,"[6, 7]",39,40,15,1021,6,6
GE,"[6, 7]",39,40,16,4059,7,6
GE,"[6, 7]",39,40,17,3603,6,7
GE,"[6, 7]",39,40,18,3666,6,7
GE,"[6, 7]",39,40,19,4055,6,6
GE,"[6, 7]",40,40,0,3329,6,7
GE,"[6, 7]",40,40,1,3001,7,7
GE,"[6, 7]",40,40,2,2302,7,6
GE,"[6, 7]",40,40,3,1856,6,6
GE,"[6, 7]",40,40,4,4347,6,7
GE,"[6, 7]",40,40,5,3498,7,7
GE,"[6, 7]",40,40,6,3255,7,7
GE,"[6, 7]",40,40,7,711,7,6
GE,"[6, 7]",40,40,8,3642,7,7
GE,"[6, 7]",40,40,9,3603,6,7
GE,"[6, 7]",40,40,10,761,6,7
GE,"[6, 7]",40,40,11,623,7,6
GE,"[6, 7]",40,40,12,2691,7,6
GE,"[6, 7]",40,40,13,612,7,6
GE,"[6, 7]",40,40,14,3666,6,7
GE,"[6, 7]",40,40,15,675,7,6
GE,"[6, 7]",40,40,16,2521,6,7
GE,"[6, 7]",40,40,17,3644,7,6
GE,"[6, 7]",40,40,18,341,6,6
GE,"[6, 7]",40,40,19,4234,7,6
GE,"[6, 7]",41,40,0,2680,7,7
GE,"[6, 7]",41,40,1,881,7,7
GE,"[6, 7]",41,40,2,241,7,7
GE,"[6, 7]",41,40,3,1961,7,7
GE,"[6, 7]",41,40,4,3490,6,7
GE,"[6, 7]",41,40,5,1175,6,6
GE,"[6, 7]",41,40,6,1939,7,7
GE,"[6, 7]",41,40,7,2565,6,6
GE,"[6, 7]",41,40,8,2002,6,7
GE,"[6, 7]",41,40,9,3704,7,6
GE,"[6, 7]",41,40,10,4550,6,7
GE,"[6, 7]",41,40,11,2384,7,7
GE,"[6, 7]",41,40,12,341,6,6
GE,"[6, 7]",41,40,13,3328,6,6
GE,"[6, 7]",41,40,14,623,7,6
GE,"[6, 7]",41,40,15,146,6,6
GE,"[6, 7]",41,40,16,2094,6,7
GE,"[6, 7]",41,40,17,675,7,6
GE,"[6, 7]",41,40,18,3684,6,6
GE,"[6, 7]",41,40,19,3918,6,6
GE,"[6, 7]",42,40,0,1086,7,7
GE,"[6, 7]",42,40,1,2002,6,7
GE,"[6, 7]",42,40,2,4102,6,6
GE,"[6, 7]",42,40,3,4096,6,6
GE,"[6, 7]",42,40,4,3197,6,7
GE,"[6, 7]",42,40,5,2535,6,6
GE,"[6, 7]",42,40,6,3817,6,7
GE,"[6, 7]",42,40,7,4473,7,7
GE,"[6, 7]",42,40,8,345,6,6
GE,"[6, 7]",42,40,9,4347,6,7
GE,"[6, 7]",42,40,10,3001,7,7
GE,"[6, 7]",42,40,11,2912,7,7
GE,"[6, 7]",42,40,12,3135,6,7
GE,"[6, 7]",42,40,13,4055,6,6
GE,"[6, 7]",42,40,14,2841,7,6
GE,"[6, 7]",42,40,15,2281,6,6
GE,"[6, 7]",42,40,16,2282,6,7
GE,"[6, 7]",42,40,17,2139,7,6
GE,"[6, 7]",42,40,18,2865,7,7
GE,"[6, 7]",42,40,19,2548,7,7
GE,"[6, 7]",43,40,0,2690,7,7
GE,"[6, 7]",43,40,1,2302,7,6
GE,"[6, 7]",43,40,2,2900,7,6
GE,"[6, 7]",43,40,3,3704,7,6
GE,"[6, 7]",43,40,4,1939,7,7
GE,"[6, 7]",43,40,5,2521,6,7
GE,"[6, 7]",43,40,6,3693,7,7
GE,"[6, 7]",43,40,7,345,6,6
GE,"[6, 7]",43,40,8,2194,7,7
GE,"[6, 7]",43,40,9,2094,6,7
GE,"[6, 7]",43,40,10,2515,7,7
GE,"[6, 7]",43,40,11,3666,6,7
GE,"[6, 7]",43,40,12,4234,7,6
GE,"[6, 7]",43,40,13,623,7,6
GE,"[6, 7]",43,40,14,1711,7,7
GE,"[6, 7]",43,40,15,366,7,6
GE,"[6, 7]",43,40,16,3197,6,7
GE,"[6, 7]",43,40,17,4455,6,6
GE,"[6, 7]",43,40,18,2282,6,7
GE,"[6, 7]",43,40,19,2691,7,6
GE,"[6, 7]",44,40,0,3135,6,7
GE,"[6, 7]",44,40,1,3001,7,7
GE,"[6, 7]",44,40,2,3328,6,6
GE,"[6, 7]",44,40,3,1347,6,6
GE,"[6, 7]",44,40,4,2680,7,7
GE,"[6, 7]",44,40,5,2691,7,6
GE,"[6, 7]",44,40,6,4550,6,7
GE,"[6, 7]",44,40,7,1262,6,6
GE,"[6, 7]",44,40,8,1021,6,6
GE,"[6, 7]",44,40,9,1083,6,7
GE,"[6, 7]",44,40,10,4169,7,7
GE,"[6, 7]",44,40,11,2002,6,7
GE,"[6, 7]",44,40,12,3197,6,7
GE,"[6, 7]",44,40,13,761,6,7
GE,"[6, 7]",44,40,14,2935,6,6
GE,"[6, 7]",44,40,15,2565,6,6
GE,"[6, 7]",44,40,16,2302,7,6
GE,"[6, 7]",44,40,17,2094,6,7
GE,"[6, 7]",44,40,18,2713,7,7
GE,"[6, 7]",44,40,19,3301,7,6
GE,"[6, 7]",45,40,0,1939,7,7
GE,"[6, 7]",45,40,1,1083,6,7
GE,"[6, 7]",45,40,2,4234,7,6
GE,"[6, 7]",45,40,3,1334,6,6
GE,"[6, 7]",45,40,4,1734,6,6
GE,"[6, 7]",45,40,5,4347,6,7
GE,"[6, 7]",45,40,6,2548,7,7
GE,"[6, 7]",45,40,7,4411,7,7
GE,"[6, 7]",45,40,8,2680,7,7
GE,"[6, 7]",45,40,9,3642,7,7
GE,"[6, 7]",45,40,10,1064,7,7
GE,"[6, 7]",45,40,11,3704,7,6
GE,"[6, 7]",45,40,12,2945,6,6
GE,"[6, 7]",45,40,13,2521,6,7
GE,"[6, 7]",45,40,14,675,7,6
GE,"[6, 7]",45,40,15,1262,6,6
GE,"[6, 7]",45,40,16,3197,6,7
GE,"[6, 7]",45,40,17,4059,7,6
GE,"[6, 7]",45,40,18,3904,6,6
GE,"[6, 7]",45,40,19,3666,6,7
GE,"[6, 7]",46,40,0,78,6,6
GE,"[6, 7]",46,40,1,1924,7,7
GE,"[6, 7]",46,40,2,3352,6,6
GE,"[6, 7]",46,40,3,3667,6,6
GE,"[6, 7]",46,40,4,134,7,7
GE,"[6, 7]",46,40,5,2521,6,7
GE,"[6, 7]",46,40,6,2841,7,6
GE,"[6, 7]",46,40,7,2139,7,6
GE,"[6, 7]",46,40,8,2935,6,6
GE,"[6, 7]",46,40,9,2002,6,7
GE,"[6, 7]",46,40,10,3889,6,6
GE,"[6, 7]",46,40,11,3587,7,7
GE,"[6, 7]",46,40,12,245,6,6
GE,"[6, 7]",46,40,13,465,7,7
GE,"[6, 7]",46,40,14,1347,6,6
GE,"[6, 7]",46,40,15,1845,6,6
GE,"[6, 7]",46,40,16,1083,6,7
GE,"[6, 7]",46,40,17,392,7,7
GE,"[6, 7]",46,40,18,612,7,6
GE,"[6, 7]",46,40,19,3666,6,7
GE,"[6, 7]",47,40,0,612,7,6
GE,"[6, 7]",47,40,1,345,6,6
GE,"[6, 7]",47,40,2,2900,7,6
GE,"[6, 7]",47,40,3,4059,7,6
GE,"[6, 7]",47,40,4,4253,6,6
GE,"[6, 7]",47,40,5,3761,6,6
GE,"[6, 7]",47,40,6,3642,7,7
GE,"[6, 7]",47,40,7,392,7,7
GE,"[6, 7]",47,40,8,4096,6,6
GE,"[6, 7]",47,40,9,4472,6,6
GE,"[6, 7]",47,40,10,1334,6,6
GE,"[6, 7]",47,40,11,3603,6,7
GE,"[6, 7]",47,40,12,2668,7,7
GE,"[6, 7]",47,40,13,1595,6,6
GE,"[6, 7]",47,40,14,3490,6,7
GE,"[6, 7]",47,40,15,3059,7,7
GE,"[6, 7]",47,40,16,2282,6,7
GE,"[6, 7]",47,40,17,675,7,6
GE,"[6, 7]",47,40,18,761,6,7
GE,"[6, 7]",47,40,19,4347,6,7
GE,"[6, 7]",48,40,0,2900,7,6
GE,"[6, 7]",48,40,1,341,6,6
GE,"[6, 7]",48,40,2,3817,6,7
GE,"[6, 7]",48,40,3,3835,6,6
GE,"[6, 7]",48,40,4,2691,7,6
GE,"[6, 7]",48,40,5,2981,7,7
GE,"[6, 7]",48,40,6,1235,7,7
GE,"[6, 7]",48,40,7,3329,6,7
GE,"[6, 7]",48,40,8,3693,7,7
GE,"[6, 7]",48,40,9,2010,7,7
GE,"[6, 7]",48,40,10,2841,7,6
GE,"[6, 7]",48,40,11,3904,6,6
GE,"[6, 7]",48,40,12,2302,7,6
GE,"[6, 7]",48,40,13,1595,6,6
GE,"[6, 7]",48,40,14,3918,6,6
GE,"[6, 7]",48,40,15,4295,6,6
GE,"[6, 7]",48,40,16,3301,7,6
GE,"[6, 7]",48,40,17,2713,7,7
GE,"[6, 7]",48,40,18,2935,6,6
GE,"[6, 7]",48,40,19,445,7,7
GE,"[6, 7]",49,40,0,3490,6,7
GE,"[6, 7]",49,40,1,2282,6,7
GE,"[6, 7]",49,40,2,2094,6,7
GE,"[6, 7]",49,40,3,385,7,7
GE,"[6, 7]",49,40,4,4455,6,6
GE,"[6, 7]",49,40,5,4234,7,6
GE,"[6, 7]",49,40,6,1175,6,6
GE,"[6, 7]",49,40,7,3644,7,6
GE,"[6, 7]",49,40,8,761,6,7
GE,"[6, 7]",49,40,9,3045,6,6
GE,"[6, 7]",49,40,10,2841,7,6
GE,"[6, 7]",49,40,11,614,7,7
GE,"[6, 7]",49,40,12,3808,6,6
GE,"[6, 7]",49,40,13,3603,6,7
GE,"[6, 7]",49,40,14,3817,6,7
GE,"[6, 7]",49,40,15,4273,7,7
GE,"[6, 7]",49,40,16,675,7,6
GE,"[6, 7]",49,40,17,3904,6,6
GE,"[6, 7]",49,40,18,1734,6,6
GE,"[6, 7]",49,40,19,2900,7,6
IMDB,"[0, 1]",0,40,0,11702,0,0
IMDB,"[0, 1]",0,40,1,384,0,1
IMDB,"[0, 1]",0,40,2,21398,1,1
IMDB,"[0, 1]",0,40,3,23977,1,1
IMDB,"[0, 1]",0,40,4,6734,0,1
IMDB,"[0, 1]",0,40,5,3377,0,0
IMDB,"[0, 1]",0,40,6,23523,1,0
IMDB,"[0, 1]",0,40,7,7868,0,1
IMDB,"[0, 1]",0,40,8,23323,1,1
IMDB,"[0, 1]",0,40,9,14532,1,1
IMDB,"[0, 1]",0,40,10,21077,1,1
IMDB,"[0, 1]",0,40,11,10210,0,0
IMDB,"[0, 1]",0,40,12,18897,1,1
IMDB,"[0, 1]",0,40,13,3355,0,1
IMDB,"[0, 1]",0,40,14,12416,0,0
IMDB,"[0, 1]",0,40,15,20816,1,1
IMDB,"[0, 1]",0,40,16,19856,1,0
IMDB,"[0, 1]",0,40,17,15940,1,0
IMDB,"[0, 1]",0,40,18,2698,0,0
IMDB,"[0, 1]",0,40,19,5099,0,0
IMDB,"[0, 1]",1,40,0,517,0,1
IMDB,"[0, 1]",1,40,1,7044,0,0
IMDB,"[0, 1]",1,40,2,5086,0,0
IMDB,"[0, 1]",1,40,3,12217,0,1
IMDB,"[0, 1]",1,40,4,7619,0,1
IMDB,"[0, 1]",1,40,5,9824,0,1
IMDB,"[0, 1]",1,40,6,24016,1,0
IMDB,"[0, 1]",1,40,7,3332,0,1
IMDB,"[0, 1]",1,40,8,22201,1,0
IMDB,"[0, 1]",1,40,9,24963,1,1
IMDB,"[0, 1]",1,40,10,9863,0,0
IMDB,"[0, 1]",1,40,11,20405,1,0
IMDB,"[0, 1]",1,40,12,4269,0,0
IMDB,"[0, 1]",1,40,13,5244,0,1
IMDB,"[0, 1]",1,40,14,9507,0,1
IMDB,"[0, 1]",1,40,15,4494,0,0
IMDB,"[0, 1]",1,40,16,21583,1,0
IMDB,"[0, 1]",1,40,17,5236,0,1
IMDB,"[0, 1]",1,40,18,19191,1,1
IMDB,"[0, 1]",1,40,19,17912,1,0
IMDB,"[0, 1]",2,40,0,21059,1,1
IMDB,"[0, 1]",2,40,1,12375,0,1
IMDB,"[0, 1]",2,40,2,10512,0,0
IMDB,"[0, 1]",2,40,3,20654,1,1
IMDB,"[0, 1]",2,40,4,14314,1,0
IMDB,"[0, 1]",2,40,5,18945,1,1
IMDB,"[0, 1]",2,40,6,15508,1,0
IMDB,"[0, 1]",2,40,7,2373,0,1
IMDB,"[0, 1]",2,40,8,12567,1,1
IMDB,"[0, 1]",2,40,9,13569,1,0
IMDB,"[0, 1]",2,40,10,19132,1,1
IMDB,"[0, 1]",2,40,11,13308,1,0
IMDB,"[0, 1]",2,40,12,12130,0,0
IMDB,"[0, 1]",2,40,13,13390,1,0
IMDB,"[0, 1]",2,40,14,18025,1,1
IMDB,"[0, 1]",2,40,15,14486,1,0
IMDB,"[0, 1]",2,40,16,4113,0,0
IMDB,"[0, 1]",2,40,17,3255,0,0
IMDB,"[0, 1]",2,40,18,10773,0,1
IMDB,"[0, 1]",2,40,19,21901,1,1
IMDB,"[0, 1]",3,40,0,22680,1,0
IMDB,"[0, 1]",3,40,1,6724,0,0
IMDB,"[0, 1]",3,40,2,17711,1,0
IMDB,"[0, 1]",3,40,3,24053,1,1
IMDB,"[0, 1]",3,40,4,18287,1,0
IMDB,"[0, 1]",3,40,5,7792,0,1
IMDB,"[0, 1]",3,40,6,9000,0,0
IMDB,"[0, 1]",3,40,7,10044,0,1
IMDB,"[0, 1]",3,40,8,13181,1,1
IMDB,"[0, 1]",3,40,9,903,0,1
IMDB,"[0, 1]",3,40,10,11985,0,1
IMDB,"[0, 1]",3,40,11,18066,1,1
IMDB,"[0, 1]",3,40,12,19714,1,1
IMDB,"[0, 1]",3,40,13,11746,0,0
IMDB,"[0, 1]",3,40,14,1811,0,1
IMDB,"[0, 1]",3,40,15,19675,1,0
IMDB,"[0, 1]",3,40,16,17940,1,0
IMDB,"[0, 1]",3,40,17,21547,1,1
IMDB,"[0, 1]",3,40,18,713,0,0
IMDB,"[0, 1]",3,40,19,9847,0,1
IMDB,"[0, 1]",4,40,0,13003,1,0
IMDB,"[0, 1]",4,40,1,9204,0,0
IMDB,"[0, 1]",4,40,2,14925,1,1
IMDB,"[0, 1]",4,40,3,21960,1,0
IMDB,"[0, 1]",4,40,4,4927,0,1
IMDB,"[0, 1]",4,40,5,18199,1,0
IMDB,"[0, 1]",4,40,6,22933,1,1
IMDB,"[0, 1]",4,40,7,2957,0,1
IMDB,"[0, 1]",4,40,8,18473,1,1
IMDB,"[0, 1]",4,40,9,20724,1,0
IMDB,"[0, 1]",4,40,10,19909,1,1
IMDB,"[0, 1]",4,40,11,7749,0,1
IMDB,"[0, 1]",4,40,12,12311,0,1
IMDB,"[0, 1]",4,40,13,13611,1,0
IMDB,"[0, 1]",4,40,14,6139,0,1
IMDB,"[0, 1]",4,40,15,12008,0,1
IMDB,"[0, 1]",4,40,16,5237,0,0
IMDB,"[0, 1]",4,40,17,20999,1,0
IMDB,"[0, 1]",4,40,18,10078,0,0
IMDB,"[0, 1]",4,40,19,6626,0,0
IMDB,"[0, 1]",5,40,0,22204,1,0
IMDB,"[0, 1]",5,40,1,9484,0,0
IMDB,"[0, 1]",5,40,2,6608,0,1
IMDB,"[0, 1]",5,40,3,18217,1,1
IMDB,"[0, 1]",5,40,4,21321,1,0
IMDB,"[0, 1]",5,40,5,5685,0,1
IMDB,"[0, 1]",5,40,6,16263,1,0
IMDB,"[0, 1]",5,40,7,3379,0,1
IMDB,"[0, 1]",5,40,8,9014,0,0
IMDB,"[0, 1]",5,40,9,18473,1,1
IMDB,"[0, 1]",5,40,10,19909,1,1
IMDB,"[0, 1]",5,40,11,12972,1,0
IMDB,"[0, 1]",5,40,12,7589,0,1
IMDB,"[0, 1]",5,40,13,2319,0,1
IMDB,"[0, 1]",5,40,14,4856,0,1
IMDB,"[0, 1]",5,40,15,21055,1,1
IMDB,"[0, 1]",5,40,16,23459,1,0
IMDB,"[0, 1]",5,40,17,24906,1,1
IMDB,"[0, 1]",5,40,18,15104,1,1
IMDB,"[0, 1]",5,40,19,17348,1,0
IMDB,"[0, 1]",6,40,0,11391,0,1
IMDB,"[0, 1]",6,40,1,8288,0,1
IMDB,"[0, 1]",6,40,2,11770,0,0
IMDB,"[0, 1]",6,40,3,18607,1,0
IMDB,"[0, 1]",6,40,4,3422,0,1
IMDB,"[0, 1]",6,40,5,12469,0,0
IMDB,"[0, 1]",6,40,6,6608,0,1
IMDB,"[0, 1]",6,40,7,20170,1,0
IMDB,"[0, 1]",6,40,8,5941,0,0
IMDB,"[0, 1]",6,40,9,14725,1,1
IMDB,"[0, 1]",6,40,10,5665,0,1
IMDB,"[0, 1]",6,40,11,17046,1,1
IMDB,"[0, 1]",6,40,12,18201,1,0
IMDB,"[0, 1]",6,40,13,11535,0,0
IMDB,"[0, 1]",6,40,14,16932,1,0
IMDB,"[0, 1]",6,40,15,22664,1,0
IMDB,"[0, 1]",6,40,16,10662,0,1
IMDB,"[0, 1]",6,40,17,20969,1,1
IMDB,"[0, 1]",6,40,18,15233,1,0
IMDB,"[0, 1]",6,40,19,4401,0,0
IMDB,"[0, 1]",7,40,0,3273,0,1
IMDB,"[0, 1]",7,40,1,19144,1,0
IMDB,"[0, 1]",7,40,2,13072,1,1
IMDB,"[0, 1]",7,40,3,18642,1,0
IMDB,"[0, 1]",7,40,4,10707,0,0
IMDB,"[0, 1]",7,40,5,6975,0,1
IMDB,"[0, 1]",7,40,6,13530,1,0
IMDB,"[0, 1]",7,40,7,12923,1,1
IMDB,"[0, 1]",7,40,8,2420,0,1
IMDB,"[0, 1]",7,40,9,12507,1,0
IMDB,"[0, 1]",7,40,10,230,0,1
IMDB,"[0, 1]",7,40,11,18728,1,0
IMDB,"[0, 1]",7,40,12,2580,0,1
IMDB,"[0, 1]",7,40,13,600,0,1
IMDB,"[0, 1]",7,40,14,21685,1,1
IMDB,"[0, 1]",7,40,15,21025,1,1
IMDB,"[0, 1]",7,40,16,17246,1,0
IMDB,"[0, 1]",7,40,17,16365,1,1
IMDB,"[0, 1]",7,40,18,6415,0,0
IMDB,"[0, 1]",7,40,19,22213,1,1
IMDB,"[0, 1]",8,40,0,8118,0,0
IMDB,"[0, 1]",8,40,1,3049,0,0
IMDB,"[0, 1]",8,40,2,20520,1,1
IMDB,"[0, 1]",8,40,3,14853,1,0
IMDB,"[0, 1]",8,40,4,11555,0,0
IMDB,"[0, 1]",8,40,5,18710,1,0
IMDB,"[0, 1]",8,40,6,13597,1,1
IMDB,"[0, 1]",8,40,7,6081,0,1
IMDB,"[0, 1]",8,40,8,6836,0,1
IMDB,"[0, 1]",8,40,9,6870,0,0
IMDB,"[0, 1]",8,40,10,14657,1,0
IMDB,"[0, 1]",8,40,11,9677,0,1
IMDB,"[0, 1]",8,40,12,12104,0,1
IMDB,"[0, 1]",8,40,13,24818,1,1
IMDB,"[0, 1]",8,40,14,12446,0,1
IMDB,"[0, 1]",8,40,15,15141,1,0
IMDB,"[0, 1]",8,40,16,19909,1,1
IMDB,"[0, 1]",8,40,17,7048,0,1
IMDB,"[0, 1]",8,40,18,22454,1,0
IMDB,"[0, 1]",8,40,19,12373,0,1
IMDB,"[0, 1]",9,40,0,22646,1,0
IMDB,"[0, 1]",9,40,1,8709,0,1
IMDB,"[0, 1]",9,40,2,4427,0,0
IMDB,"[0, 1]",9,40,3,16185,1,1
IMDB,"[0, 1]",9,40,4,21946,1,1
IMDB,"[0, 1]",9,40,5,9509,0,0
IMDB,"[0, 1]",9,40,6,7333,0,0
IMDB,"[0, 1]",9,40,7,4701,0,1
IMDB,"[0, 1]",9,40,8,24461,1,1
IMDB,"[0, 1]",9,40,9,14818,1,0
IMDB,"[0, 1]",9,40,10,8734,0,1
IMDB,"[0, 1]",9,40,11,20654,1,1
IMDB,"[0, 1]",9,40,12,12013,0,1
IMDB,"[0, 1]",9,40,13,18814,1,0
IMDB,"[0, 1]",9,40,14,15614,1,0
IMDB,"[0, 1]",9,40,15,22877,1,0
IMDB,"[0, 1]",9,40,16,8198,0,0
IMDB,"[0, 1]",9,40,17,600,0,1
IMDB,"[0, 1]",9,40,18,14081,1,0
IMDB,"[0, 1]",9,40,19,19655,1,0
IMDB,"[0, 1]",10,40,0,21587,1,1
IMDB,"[0, 1]",10,40,1,12505,1,1
IMDB,"[0, 1]",10,40,2,22337,1,0
IMDB,"[0, 1]",10,40,3,18197,1,0
IMDB,"[0, 1]",10,40,4,14802,1,1
IMDB,"[0, 1]",10,40,5,20793,1,0
IMDB,"[0, 1]",10,40,6,21235,1,1
IMDB,"[0, 1]",10,40,7,11215,0,0
IMDB,"[0, 1]",10,40,8,62,0,0
IMDB,"[0, 1]",10,40,9,9715,0,0
IMDB,"[0, 1]",10,40,10,12984,1,0
IMDB,"[0, 1]",10,40,11,23292,1,0
IMDB,"[0, 1]",10,40,12,5652,0,1
IMDB,"[0, 1]",10,40,13,13429,1,1
IMDB,"[0, 1]",10,40,14,12316,0,0
IMDB,"[0, 1]",10,40,15,8396,0,0
IMDB,"[0, 1]",10,40,16,6363,0,1
IMDB,"[0, 1]",10,40,17,4108,0,1
IMDB,"[0, 1]",10,40,18,23055,1,1
IMDB,"[0, 1]",10,40,19,903,0,1
IMDB,"[0, 1]",11,40,0,3416,0,0
IMDB,"[0, 1]",11,40,1,18369,1,1
IMDB,"[0, 1]",11,40,2,4436,0,1
IMDB,"[0, 1]",11,40,3,22301,1,1
IMDB,"[0, 1]",11,40,4,24824,1,1
IMDB,"[0, 1]",11,40,5,14173,1,0
IMDB,"[0, 1]",11,40,6,10095,0,0
IMDB,"[0, 1]",11,40,7,12881,1,0
IMDB,"[0, 1]",11,40,8,678,0,1
IMDB,"[0, 1]",11,40,9,7698,0,0
IMDB,"[0, 1]",11,40,10,10135,0,0
IMDB,"[0, 1]",11,40,11,3303,0,1
IMDB,"[0, 1]",11,40,12,9154,0,1
IMDB,"[0, 1]",11,40,13,17004,1,1
IMDB,"[0, 1]",11,40,14,4512,0,1
IMDB,"[0, 1]",11,40,15,1967,0,0
IMDB,"[0, 1]",11,40,16,16515,1,0
IMDB,"[0, 1]",11,40,17,18478,1,1
IMDB,"[0, 1]",11,40,18,932,0,1
IMDB,"[0, 1]",11,40,19,5109,0,1
IMDB,"[0, 1]",12,40,0,10870,0,0
IMDB,"[0, 1]",12,40,1,9194,0,1
IMDB,"[0, 1]",12,40,2,19121,1,0
IMDB,"[0, 1]",12,40,3,627,0,1
IMDB,"[0, 1]",12,40,4,8849,0,0
IMDB,"[0, 1]",12,40,5,6034,0,1
IMDB,"[0, 1]",12,40,6,16365,1,1
IMDB,"[0, 1]",12,40,7,21524,1,0
IMDB,"[0, 1]",12,40,8,4081,0,0
IMDB,"[0, 1]",12,40,9,12141,0,1
IMDB,"[0, 1]",12,40,10,17281,1,0
IMDB,"[0, 1]",12,40,11,6524,0,0
IMDB,"[0, 1]",12,40,12,24534,1,1
IMDB,"[0, 1]",12,40,13,7754,0,1
IMDB,"[0, 1]",12,40,14,1074,0,1
IMDB,"[0, 1]",12,40,15,3303,0,1
IMDB,"[0, 1]",12,40,16,21328,1,1
IMDB,"[0, 1]",12,40,17,6717,0,0
IMDB,"[0, 1]",12,40,18,22855,1,0
IMDB,"[0, 1]",12,40,19,21879,1,0
IMDB,"[0, 1]",13,40,0,6475,0,0
IMDB,"[0, 1]",13,40,1,24942,1,1
IMDB,"[0, 1]",13,40,2,13940,1,1
IMDB,"[0, 1]",13,40,3,16635,1,1
IMDB,"[0, 1]",13,40,4,20714,1,1
IMDB,"[0, 1]",13,40,5,11375,0,1
IMDB,"[0, 1]",13,40,6,15802,1,0
IMDB,"[0, 1]",13,40,7,1297,0,0
IMDB,"[0, 1]",13,40,8,7619,0,1
IMDB,"[0, 1]",13,40,9,3264,0,0
IMDB,"[0, 1]",13,40,10,24555,1,0
IMDB,"[0, 1]",13,40,11,22509,1,0
IMDB,"[0, 1]",13,40,12,20816,1,1
IMDB,"[0, 1]",13,40,13,10899,0,1
IMDB,"[0, 1]",13,40,14,14802,1,1
IMDB,"[0, 1]",13,40,15,17797,1,0
IMDB,"[0, 1]",13,40,16,4448,0,0
IMDB,"[0, 1]",13,40,17,7643,0,1
IMDB,"[0, 1]",13,40,18,118,0,1
IMDB,"[0, 1]",13,40,19,23358,1,1
IMDB,"[0, 1]",14,40,0,1138,0,0
IMDB,"[0, 1]",14,40,1,17847,1,0
IMDB,"[0, 1]",14,40,2,4603,0,1
IMDB,"[0, 1]",14,40,3,14865,1,1
IMDB,"[0, 1]",14,40,4,8473,0,1
IMDB,"[0, 1]",14,40,5,21105,1,0
IMDB,"[0, 1]",14,40,6,7694,0,0
IMDB,"[0, 1]",14,40,7,6572,0,1
IMDB,"[0, 1]",14,40,8,7013,0,0
IMDB,"[0, 1]",14,40,9,19245,1,1
IMDB,"[0, 1]",14,40,10,6083,0,1
IMDB,"[0, 1]",14,40,11,21487,1,0
IMDB,"[0, 1]",14,40,12,24534,1,1
IMDB,"[0, 1]",14,40,13,24600,1,0
IMDB,"[0, 1]",14,40,14,3993,0,0
IMDB,"[0, 1]",14,40,15,4705,0,1
IMDB,"[0, 1]",14,40,16,12943,1,1
IMDB,"[0, 1]",14,40,17,7711,0,1
IMDB,"[0, 1]",14,40,18,12709,1,1
IMDB,"[0, 1]",14,40,19,21371,1,0
IMDB,"[0, 1]",15,40,0,20338,1,0
IMDB,"[0, 1]",15,40,1,16897,1,0
IMDB,"[0, 1]",15,40,2,14123,1,1
IMDB,"[0, 1]",15,40,3,15951,1,0
IMDB,"[0, 1]",15,40,4,19769,1,0
IMDB,"[0, 1]",15,40,5,24474,1,0
IMDB,"[0, 1]",15,40,6,2481,0,0
IMDB,"[0, 1]",15,40,7,18012,1,1
IMDB,"[0, 1]",15,40,8,4775,0,1
IMDB,"[0, 1]",15,40,9,21699,1,1
IMDB,"[0, 1]",15,40,10,17656,1,1
IMDB,"[0, 1]",15,40,11,2322,0,1
IMDB,"[0, 1]",15,40,12,20710,1,1
IMDB,"[0, 1]",15,40,13,7513,0,0
IMDB,"[0, 1]",15,40,14,11477,0,1
IMDB,"[0, 1]",15,40,15,13618,1,1
IMDB,"[0, 1]",15,40,16,15178,1,0
IMDB,"[0, 1]",15,40,17,20512,1,0
IMDB,"[0, 1]",15,40,18,19012,1,1
IMDB,"[0, 1]",15,40,19,20443,1,1
IMDB,"[0, 1]",16,40,0,23038,1,1
IMDB,"[0, 1]",16,40,1,20027,1,1
IMDB,"[0, 1]",16,40,2,4837,0,0
IMDB,"[0, 1]",16,40,3,7854,0,0
IMDB,"[0, 1]",16,40,4,8759,0,1
IMDB,"[0, 1]",16,40,5,21623,1,1
IMDB,"[0, 1]",16,40,6,19389,1,0
IMDB,"[0, 1]",16,40,7,18981,1,1
IMDB,"[0, 1]",16,40,8,8207,0,0
IMDB,"[0, 1]",16,40,9,1837,0,1
IMDB,"[0, 1]",16,40,10,6489,0,1
IMDB,"[0, 1]",16,40,11,14816,1,0
IMDB,"[0, 1]",16,40,12,6857,0,1
IMDB,"[0, 1]",16,40,13,7994,0,0
IMDB,"[0, 1]",16,40,14,14465,1,0
IMDB,"[0, 1]",16,40,15,13729,1,1
IMDB,"[0, 1]",16,40,16,5723,0,0
IMDB,"[0, 1]",16,40,17,9903,0,1
IMDB,"[0, 1]",16,40,18,19828,1,1
IMDB,"[0, 1]",16,40,19,20432,1,1
IMDB,"[0, 1]",17,40,0,12195,0,0
IMDB,"[0, 1]",17,40,1,23276,1,1
IMDB,"[0, 1]",17,40,2,20977,1,0
IMDB,"[0, 1]",17,40,3,3086,0,1
IMDB,"[0, 1]",17,40,4,6218,0,0
IMDB,"[0, 1]",17,40,5,17883,1,0
IMDB,"[0, 1]",17,40,6,18883,1,1
IMDB,"[0, 1]",17,40,7,4041,0,1
IMDB,"[0, 1]",17,40,8,16386,1,1
IMDB,"[0, 1]",17,40,9,22400,1,1
IMDB,"[0, 1]",17,40,10,23038,1,1
IMDB,"[0, 1]",17,40,11,5629,0,1
IMDB,"[0, 1]",17,40,12,24409,1,0
IMDB,"[0, 1]",17,40,13,12899,1,1
IMDB,"[0, 1]",17,40,14,21032,1,1
IMDB,"[0, 1]",17,40,15,8034,0,0
IMDB,"[0, 1]",17,40,16,18661,1,1
IMDB,"[0, 1]",17,40,17,119,0,0
IMDB,"[0, 1]",17,40,18,22876,1,0
IMDB,"[0, 1]",17,40,19,16620,1,1
IMDB,"[0, 1]",18,40,0,19734,1,1
IMDB,"[0, 1]",18,40,1,9207,0,0
IMDB,"[0, 1]",18,40,2,15050,1,0
IMDB,"[0, 1]",18,40,3,9613,0,0
IMDB,"[0, 1]",18,40,4,8407,0,1
IMDB,"[0, 1]",18,40,5,17355,1,0
IMDB,"[0, 1]",18,40,6,16956,1,0
IMDB,"[0, 1]",18,40,7,935,0,1
IMDB,"[0, 1]",18,40,8,12424,0,1
IMDB,"[0, 1]",18,40,9,10634,0,1
IMDB,"[0, 1]",18,40,10,12800,1,0
IMDB,"[0, 1]",18,40,11,19575,1,1
IMDB,"[0, 1]",18,40,12,22683,1,1
IMDB,"[0, 1]",18,40,13,4425,0,0
IMDB,"[0, 1]",18,40,14,19647,1,1
IMDB,"[0, 1]",18,40,15,6149,0,0
IMDB,"[0, 1]",18,40,16,7102,0,0
IMDB,"[0, 1]",18,40,17,4813,0,0
IMDB,"[0, 1]",18,40,18,15066,1,1
IMDB,"[0, 1]",18,40,19,22289,1,0
IMDB,"[0, 1]",19,40,0,18298,1,0
IMDB,"[0, 1]",19,40,1,16781,1,0
IMDB,"[0, 1]",19,40,2,12030,0,1
IMDB,"[0, 1]",19,40,3,10121,0,0
IMDB,"[0, 1]",19,40,4,23055,1,1
IMDB,"[0, 1]",19,40,5,12308,0,1
IMDB,"[0, 1]",19,40,6,21281,1,1
IMDB,"[0, 1]",19,40,7,3055,0,0
IMDB,"[0, 1]",19,40,8,11701,0,0
IMDB,"[0, 1]",19,40,9,22213,1,1
IMDB,"[0, 1]",19,40,10,8066,0,0
IMDB,"[0, 1]",19,40,11,12136,0,0
IMDB,"[0, 1]",19,40,12,19992,1,1
IMDB,"[0, 1]",19,40,13,6093,0,1
IMDB,"[0, 1]",19,40,14,22301,1,1
IMDB,"[0, 1]",19,40,15,15824,1,0
IMDB,"[0, 1]",19,40,16,2978,0,1
IMDB,"[0, 1]",19,40,17,1138,0,0
IMDB,"[0, 1]",19,40,18,7591,0,0
IMDB,"[0, 1]",19,40,19,11137,0,1
IMDB,"[0, 1]",20,40,0,7762,0,1
IMDB,"[0, 1]",20,40,1,21685,1,1
IMDB,"[0, 1]",20,40,2,18164,1,1
IMDB,"[0, 1]",20,40,3,9401,0,0
IMDB,"[0, 1]",20,40,4,17712,1,0
IMDB,"[0, 1]",20,40,5,11327,0,0
IMDB,"[0, 1]",20,40,6,21949,1,1
IMDB,"[0, 1]",20,40,7,8329,0,0
IMDB,"[0, 1]",20,40,8,9360,0,0
IMDB,"[0, 1]",20,40,9,21645,1,0
IMDB,"[0, 1]",20,40,10,21631,1,1
IMDB,"[0, 1]",20,40,11,7171,0,0
IMDB,"[0, 1]",20,40,12,2373,0,1
IMDB,"[0, 1]",20,40,13,7985,0,0
IMDB,"[0, 1]",20,40,14,23358,1,1
IMDB,"[0, 1]",20,40,15,7711,0,1
IMDB,"[0, 1]",20,40,16,12688,1,1
IMDB,"[0, 1]",20,40,17,22107,1,1
IMDB,"[0, 1]",20,40,18,12897,1,0
IMDB,"[0, 1]",20,40,19,9983,0,0
IMDB,"[0, 1]",21,40,0,6446,0,0
IMDB,"[0, 1]",21,40,1,24369,1,1
IMDB,"[0, 1]",21,40,2,17305,1,1
IMDB,"[0, 1]",21,40,3,6276,0,0
IMDB,"[0, 1]",21,40,4,6826,0,1
IMDB,"[0, 1]",21,40,5,21517,1,1
IMDB,"[0, 1]",21,40,6,6489,0,1
IMDB,"[0, 1]",21,40,7,24445,1,0
IMDB,"[0, 1]",21,40,8,17851,1,1
IMDB,"[0, 1]",21,40,9,22867,1,1
IMDB,"[0, 1]",21,40,10,3323,0,1
IMDB,"[0, 1]",21,40,11,12930,1,0
IMDB,"[0, 1]",21,40,12,2587,0,1
IMDB,"[0, 1]",21,40,13,2253,0,0
IMDB,"[0, 1]",21,40,14,21035,1,0
IMDB,"[0, 1]",21,40,15,6397,0,0
IMDB,"[0, 1]",21,40,16,18043,1,0
IMDB,"[0, 1]",21,40,17,15754,1,0
IMDB,"[0, 1]",21,40,18,23652,1,1
IMDB,"[0, 1]",21,40,19,20506,1,1
IMDB,"[0, 1]",22,40,0,12767,1,1
IMDB,"[0, 1]",22,40,1,14237,1,1
IMDB,"[0, 1]",22,40,2,3054,0,1
IMDB,"[0, 1]",22,40,3,20452,1,0
IMDB,"[0, 1]",22,40,4,14696,1,1
IMDB,"[0, 1]",22,40,5,8708,0,1
IMDB,"[0, 1]",22,40,6,264,0,0
IMDB,"[0, 1]",22,40,7,1452,0,0
IMDB,"[0, 1]",22,40,8,20052,1,1
IMDB,"[0, 1]",22,40,9,5339,0,1
IMDB,"[0, 1]",22,40,10,20110,1,0
IMDB,"[0, 1]",22,40,11,14223,1,0
IMDB,"[0, 1]",22,40,12,17851,1,1
IMDB,"[0, 1]",22,40,13,8371,0,1
IMDB,"[0, 1]",22,40,14,4483,0,0
IMDB,"[0, 1]",22,40,15,5152,0,0
IMDB,"[0, 1]",22,40,16,4176,0,1
IMDB,"[0, 1]",22,40,17,4856,0,1
IMDB,"[0, 1]",22,40,18,17847,1,0
IMDB,"[0, 1]",22,40,19,18945,1,1
IMDB,"[0, 1]",23,40,0,6985,0,0
IMDB,"[0, 1]",23,40,1,6742,0,0
IMDB,"[0, 1]",23,40,2,20769,1,0
IMDB,"[0, 1]",23,40,3,2599,0,0
IMDB,"[0, 1]",23,40,4,8710,0,1
IMDB,"[0, 1]",23,40,5,3195,0,1
IMDB,"[0, 1]",23,40,6,20011,1,0
IMDB,"[0, 1]",23,40,7,22408,1,1
IMDB,"[0, 1]",23,40,8,12318,0,0
IMDB,"[0, 1]",23,40,9,6248,0,0
IMDB,"[0, 1]",23,40,10,12792,1,1
IMDB,"[0, 1]",23,40,11,10110,0,0
IMDB,"[0, 1]",23,40,12,14336,1,1
IMDB,"[0, 1]",23,40,13,19855,1,0
IMDB,"[0, 1]",23,40,14,14249,1,1
IMDB,"[0, 1]",23,40,15,4235,0,1
IMDB,"[0, 1]",23,40,16,10366,0,1
IMDB,"[0, 1]",23,40,17,13839,1,0
IMDB,"[0, 1]",23,40,18,17919,1,0
IMDB,"[0, 1]",23,40,19,2085,0,1
IMDB,"[0, 1]",24,40,0,22522,1,0
IMDB,"[0, 1]",24,40,1,11917,0,0
IMDB,"[0, 1]",24,40,2,19868,1,1
IMDB,"[0, 1]",24,40,3,3679,0,0
IMDB,"[0, 1]",24,40,4,24748,1,1
IMDB,"[0, 1]",24,40,5,19753,1,0
IMDB,"[0, 1]",24,40,6,18768,1,0
IMDB,"[0, 1]",24,40,7,13072,1,1
IMDB,"[0, 1]",24,40,8,13272,1,0
IMDB,"[0, 1]",24,40,9,21526,1,0
IMDB,"[0, 1]",24,40,10,8112,0,0
IMDB,"[0, 1]",24,40,11,7750,0,0
IMDB,"[0, 1]",24,40,12,4560,0,0
IMDB,"[0, 1]",24,40,13,5408,0,1
IMDB,"[0, 1]",24,40,14,9193,0,0
IMDB,"[0, 1]",24,40,15,9608,0,1
IMDB,"[0, 1]",24,40,16,10455,0,0
IMDB,"[0, 1]",24,40,17,21050,1,0
IMDB,"[0, 1]",24,40,18,14758,1,1
IMDB,"[0, 1]",24,40,19,16517,1,1
IMDB,"[0, 1]",25,40,0,14352,1,1
IMDB,"[0, 1]",25,40,1,22328,1,1
IMDB,"[0, 1]",25,40,2,23783,1,0
IMDB,"[0, 1]",25,40,3,3987,0,1
IMDB,"[0, 1]",25,40,4,7187,0,0
IMDB,"[0, 1]",25,40,5,15279,1,1
IMDB,"[0, 1]",25,40,6,11362,0,1
IMDB,"[0, 1]",25,40,7,4774,0,0
IMDB,"[0, 1]",25,40,8,8639,0,0
IMDB,"[0, 1]",25,40,9,3986,0,0
IMDB,"[0, 1]",25,40,10,14742,1,0
IMDB,"[0, 1]",25,40,11,8968,0,0
IMDB,"[0, 1]",25,40,12,18068,1,0
IMDB,"[0, 1]",25,40,13,8706,0,1
IMDB,"[0, 1]",25,40,14,16412,1,0
IMDB,"[0, 1]",25,40,15,16499,1,1
IMDB,"[0, 1]",25,40,16,24364,1,0
IMDB,"[0, 1]",25,40,17,9601,0,1
IMDB,"[0, 1]",25,40,18,8020,0,1
IMDB,"[0, 1]",25,40,19,1556,0,0
IMDB,"[0, 1]",26,40,0,8183,0,0
IMDB,"[0, 1]",26,40,1,5088,0,1
IMDB,"[0, 1]",26,40,2,12085,0,0
IMDB,"[0, 1]",26,40,3,22001,1,1
IMDB,"[0, 1]",26,40,4,15647,1,1
IMDB,"[0, 1]",26,40,5,5427,0,0
IMDB,"[0, 1]",26,40,6,12189,0,0
IMDB,"[0, 1]",26,40,7,12497,0,1
IMDB,"[0, 1]",26,40,8,3754,0,0
IMDB,"[0, 1]",26,40,9,14769,1,0
IMDB,"[0, 1]",26,40,10,24029,1,0
IMDB,"[0, 1]",26,40,11,11914,0,1
IMDB,"[0, 1]",26,40,12,2274,0,1
IMDB,"[0, 1]",26,40,13,6257,0,1
IMDB,"[0, 1]",26,40,14,19110,1,1
IMDB,"[0, 1]",26,40,15,24036,1,0
IMDB,"[0, 1]",26,40,16,1770,0,0
IMDB,"[0, 1]",26,40,17,7620,0,0
IMDB,"[0, 1]",26,40,18,19181,1,1
IMDB,"[0, 1]",26,40,19,21140,1,1
IMDB,"[0, 1]",27,40,0,3656,0,0
IMDB,"[0, 1]",27,40,1,2043,0,0
IMDB,"[0, 1]",27,40,2,6540,0,0
IMDB,"[0, 1]",27,40,3,17982,1,0
IMDB,"[0, 1]",27,40,4,3848,0,1
IMDB,"[0, 1]",27,40,5,5998,0,1
IMDB,"[0, 1]",27,40,6,19817,1,1
IMDB,"[0, 1]",27,40,7,16541,1,1
IMDB,"[0, 1]",27,40,8,9343,0,0
IMDB,"[0, 1]",27,40,9,15741,1,1
IMDB,"[0, 1]",27,40,10,14204,1,0
IMDB,"[0, 1]",27,40,11,23544,1,1
IMDB,"[0, 1]",27,40,12,3638,0,0
IMDB,"[0, 1]",27,40,13,11972,0,1
IMDB,"[0, 1]",27,40,14,13241,1,1
IMDB,"[0, 1]",27,40,15,18220,1,0
IMDB,"[0, 1]",27,40,16,6833,0,0
IMDB,"[0, 1]",27,40,17,14050,1,0
IMDB,"[0, 1]",27,40,18,13181,1,1
IMDB,"[0, 1]",27,40,19,12013,0,1
IMDB,"[0, 1]",28,40,0,21537,1,0
IMDB,"[0, 1]",28,40,1,20837,1,0
IMDB,"[0, 1]",28,40,2,10929,0,0
IMDB,"[0, 1]",28,40,3,22408,1,1
IMDB,"[0, 1]",28,40,4,6836,0,1
IMDB,"[0, 1]",28,40,5,18965,1,1
IMDB,"[0, 1]",28,40,6,22097,1,1
IMDB,"[0, 1]",28,40,7,18530,1,1
IMDB,"[0, 1]",28,40,8,20048,1,0
IMDB,"[0, 1]",28,40,9,24313,1,0
IMDB,"[0, 1]",28,40,10,16747,1,0
IMDB,"[0, 1]",28,40,11,23320,1,0
IMDB,"[0, 1]",28,40,12,9468,0,1
IMDB,"[0, 1]",28,40,13,11637,0,1
IMDB,"[0, 1]",28,40,14,8365,0,1
IMDB,"[0, 1]",28,40,15,11449,0,0
IMDB,"[0, 1]",28,40,16,11007,0,0
IMDB,"[0, 1]",28,40,17,22383,1,1
IMDB,"[0, 1]",28,40,18,12211,0,0
IMDB,"[0, 1]",28,40,19,17931,1,0
IMDB,"[0, 1]",29,40,0,18883,1,1
IMDB,"[0, 1]",29,40,1,8448,0,0
IMDB,"[0, 1]",29,40,2,11546,0,1
IMDB,"[0, 1]",29,40,3,3124,0,0
IMDB,"[0, 1]",29,40,4,9791,0,1
IMDB,"[0, 1]",29,40,5,9270,0,1
IMDB,"[0, 1]",29,40,6,1486,0,0
IMDB,"[0, 1]",29,40,7,1904,0,1
IMDB,"[0, 1]",29,40,8,15056,1,1
IMDB,"[0, 1]",29,40,9,390,0,1
IMDB,"[0, 1]",29,40,10,18902,1,0
IMDB,"[0, 1]",29,40,11,23117,1,1
IMDB,"[0, 1]",29,40,12,11968,0,0
IMDB,"[0, 1]",29,40,13,15387,1,0
IMDB,"[0, 1]",29,40,14,8336,0,0
IMDB,"[0, 1]",29,40,15,24599,1,0
IMDB,"[0, 1]",29,40,16,22305,1,1
IMDB,"[0, 1]",29,40,17,3432,0,0
IMDB,"[0, 1]",29,40,18,5632,0,1
IMDB,"[0, 1]",29,40,19,16538,1,0
IMDB,"[0, 1]",30,40,0,16459,1,0
IMDB,"[0, 1]",30,40,1,10285,0,1
IMDB,"[0, 1]",30,40,2,22736,1,0
IMDB,"[0, 1]",30,40,3,18262,1,1
IMDB,"[0, 1]",30,40,4,19936,1,0
IMDB,"[0, 1]",30,40,5,4230,0,0
IMDB,"[0, 1]",30,40,6,23245,1,1
IMDB,"[0, 1]",30,40,7,21683,1,0
IMDB,"[0, 1]",30,40,8,10517,0,1
IMDB,"[0, 1]",30,40,9,5284,0,0
IMDB,"[0, 1]",30,40,10,18774,1,1
IMDB,"[0, 1]",30,40,11,22702,1,1
IMDB,"[0, 1]",30,40,12,9419,0,1
IMDB,"[0, 1]",30,40,13,21427,1,1
IMDB,"[0, 1]",30,40,14,4029,0,0
IMDB,"[0, 1]",30,40,15,9677,0,1
IMDB,"[0, 1]",30,40,16,2327,0,1
IMDB,"[0, 1]",30,40,17,11184,0,0
IMDB,"[0, 1]",30,40,18,18497,1,1
IMDB,"[0, 1]",30,40,19,9200,0,1
IMDB,"[0, 1]",31,40,0,8250,0,0
IMDB,"[0, 1]",31,40,1,21033,1,1
IMDB,"[0, 1]",31,40,2,11917,0,0
IMDB,"[0, 1]",31,40,3,16635,1,1
IMDB,"[0, 1]",31,40,4,21938,1,0
IMDB,"[0, 1]",31,40,5,4391,0,0
IMDB,"[0, 1]",31,40,6,872,0,1
IMDB,"[0, 1]",31,40,7,3827,0,0
IMDB,"[0, 1]",31,40,8,2743,0,0
IMDB,"[0, 1]",31,40,9,5252,0,0
IMDB,"[0, 1]",31,40,10,9677,0,1
IMDB,"[0, 1]",31,40,11,22131,1,0
IMDB,"[0, 1]",31,40,12,15446,1,0
IMDB,"[0, 1]",31,40,13,16042,1,1
IMDB,"[0, 1]",31,40,14,20721,1,0
IMDB,"[0, 1]",31,40,15,24027,1,1
IMDB,"[0, 1]",31,40,16,14649,1,0
IMDB,"[0, 1]",31,40,17,16383,1,0
IMDB,"[0, 1]",31,40,18,22919,1,1
IMDB,"[0, 1]",31,40,19,23371,1,0
IMDB,"[0, 1]",32,40,0,3303,0,1
IMDB,"[0, 1]",32,40,1,13356,1,0
IMDB,"[0, 1]",32,40,2,18497,1,1
IMDB,"[0, 1]",32,40,3,8410,0,1
IMDB,"[0, 1]",32,40,4,5035,0,1
IMDB,"[0, 1]",32,40,5,14166,1,0
IMDB,"[0, 1]",32,40,6,11290,0,0
IMDB,"[0, 1]",32,40,7,18012,1,1
IMDB,"[0, 1]",32,40,8,24171,1,0
IMDB,"[0, 1]",32,40,9,12293,0,1
IMDB,"[0, 1]",32,40,10,7120,0,1
IMDB,"[0, 1]",32,40,11,16838,1,1
IMDB,"[0, 1]",32,40,12,18217,1,1
IMDB,"[0, 1]",32,40,13,11352,0,1
IMDB,"[0, 1]",32,40,14,15934,1,0
IMDB,"[0, 1]",32,40,15,20612,1,0
IMDB,"[0, 1]",32,40,16,12233,0,0
IMDB,"[0, 1]",32,40,17,3138,0,0
IMDB,"[0, 1]",32,40,18,23245,1,1
IMDB,"[0, 1]",32,40,19,15279,1,1
IMDB,"[0, 1]",33,40,0,5929,0,1
IMDB,"[0, 1]",33,40,1,22328,1,1
IMDB,"[0, 1]",33,40,2,973,0,1
IMDB,"[0, 1]",33,40,3,17409,1,1
IMDB,"[0, 1]",33,40,4,13905,1,1
IMDB,"[0, 1]",33,40,5,11825,0,1
IMDB,"[0, 1]",33,40,6,4662,0,1
IMDB,"[0, 1]",33,40,7,19801,1,1
IMDB,"[0, 1]",33,40,8,15184,1,0
IMDB,"[0, 1]",33,40,9,894,0,0
IMDB,"[0, 1]",33,40,10,7190,0,1
IMDB,"[0, 1]",33,40,11,16579,1,1
IMDB,"[0, 1]",33,40,12,2572,0,1
IMDB,"[0, 1]",33,40,13,12091,0,1
IMDB,"[0, 1]",33,40,14,470,0,0
IMDB,"[0, 1]",33,40,15,12936,1,1
IMDB,"[0, 1]",33,40,16,16451,1,0
IMDB,"[0, 1]",33,40,17,20052,1,1
IMDB,"[0, 1]",33,40,18,19834,1,0
IMDB,"[0, 1]",33,40,19,20711,1,1
IMDB,"[0, 1]",34,40,0,14061,1,0
IMDB,"[0, 1]",34,40,1,10547,0,0
IMDB,"[0, 1]",34,40,2,18606,1,0
IMDB,"[0, 1]",34,40,3,11375,0,1
IMDB,"[0, 1]",34,40,4,9494,0,0
IMDB,"[0, 1]",34,40,5,2175,0,1
IMDB,"[0, 1]",34,40,6,7668,0,0
IMDB,"[0, 1]",34,40,7,4763,0,1
IMDB,"[0, 1]",34,40,8,18530,1,1
IMDB,"[0, 1]",34,40,9,21946,1,1
IMDB,"[0, 1]",34,40,10,18995,1,0
IMDB,"[0, 1]",34,40,11,15282,1,1
IMDB,"[0, 1]",34,40,12,8191,0,0
IMDB,"[0, 1]",34,40,13,16954,1,1
IMDB,"[0, 1]",34,40,14,957,0,0
IMDB,"[0, 1]",34,40,15,23416,1,1
IMDB,"[0, 1]",34,40,16,10669,0,1
IMDB,"[0, 1]",34,40,17,15969,1,0
IMDB,"[0, 1]",34,40,18,2968,0,0
IMDB,"[0, 1]",34,40,19,24159,1,0
IMDB,"[0, 1]",35,40,0,21066,1,0
IMDB,"[0, 1]",35,40,1,22836,1,0
IMDB,"[0, 1]",35,40,2,13429,1,1
IMDB,"[0, 1]",35,40,3,7604,0,0
IMDB,"[0, 1]",35,40,4,3303,0,1
IMDB,"[0, 1]",35,40,5,2256,0,0
IMDB,"[0, 1]",35,40,6,3142,0,0
IMDB,"[0, 1]",35,40,7,74,0,1
IMDB,"[0, 1]",35,40,8,14433,1,1
IMDB,"[0, 1]",35,40,9,15991,1,1
IMDB,"[0, 1]",35,40,10,8843,0,0
IMDB,"[0, 1]",35,40,11,14583,1,0
IMDB,"[0, 1]",35,40,12,9194,0,1
IMDB,"[0, 1]",35,40,13,4281,0,0
IMDB,"[0, 1]",35,40,14,20206,1,0
IMDB,"[0, 1]",35,40,15,3894,0,1
IMDB,"[0, 1]",35,40,16,19882,1,1
IMDB,"[0, 1]",35,40,17,2433,0,1
IMDB,"[0, 1]",35,40,18,21003,1,0
IMDB,"[0, 1]",35,40,19,6857,0,1
IMDB,"[0, 1]",36,40,0,6260,0,0
IMDB,"[0, 1]",36,40,1,11745,0,1
IMDB,"[0, 1]",36,40,2,2041,0,1
IMDB,"[0, 1]",36,40,3,15678,1,0
IMDB,"[0, 1]",36,40,4,11337,0,1
IMDB,"[0, 1]",36,40,5,19346,1,0
IMDB,"[0, 1]",36,40,6,1344,0,1
IMDB,"[0, 1]",36,40,7,11032,0,1
IMDB,"[0, 1]",36,40,8,16556,1,1
IMDB,"[0, 1]",36,40,9,11105,0,0
IMDB,"[0, 1]",36,40,10,22752,1,0
IMDB,"[0, 1]",36,40,11,3660,0,0
IMDB,"[0, 1]",36,40,12,24384,1,0
IMDB,"[0, 1]",36,40,13,6363,0,1
IMDB,"[0, 1]",36,40,14,2974,0,1
IMDB,"[0, 1]",36,40,15,24670,1,1
IMDB,"[0, 1]",36,40,16,3586,0,1
IMDB,"[0, 1]",36,40,17,6533,0,0
IMDB,"[0, 1]",36,40,18,10871,0,0
IMDB,"[0, 1]",36,40,19,16292,1,0
IMDB,"[0, 1]",37,40,0,14982,1,0
IMDB,"[0, 1]",37,40,1,7953,0,0
IMDB,"[0, 1]",37,40,2,20957,1,0
IMDB,"[0, 1]",37,40,3,3888,0,0
IMDB,"[0, 1]",37,40,4,6034,0,1
IMDB,"[0, 1]",37,40,5,23356,1,1
IMDB,"[0, 1]",37,40,6,19954,1,0
IMDB,"[0, 1]",37,40,7,1861,0,1
IMDB,"[0, 1]",37,40,8,3422,0,1
IMDB,"[0, 1]",37,40,9,13224,1,0
IMDB,"[0, 1]",37,40,10,12296,0,1
IMDB,"[0, 1]",37,40,11,8769,0,0
IMDB,"[0, 1]",37,40,12,15291,1,1
IMDB,"[0, 1]",37,40,13,14628,1,0
IMDB,"[0, 1]",37,40,14,3514,0,1
IMDB,"[0, 1]",37,40,15,16135,1,0
IMDB,"[0, 1]",37,40,16,20280,1,1
IMDB,"[0, 1]",37,40,17,19647,1,1
IMDB,"[0, 1]",37,40,18,16581,1,1
IMDB,"[0, 1]",37,40,19,10234,0,0
IMDB,"[0, 1]",38,40,0,5762,0,1
IMDB,"[0, 1]",38,40,1,23260,1,1
IMDB,"[0, 1]",38,40,2,17583,1,0
IMDB,"[0, 1]",38,40,3,15012,1,0
IMDB,"[0, 1]",38,40,4,9168,0,0
IMDB,"[0, 1]",38,40,5,8707,0,0
IMDB,"[0, 1]",38,40,6,17916,1,0
IMDB,"[0, 1]",38,40,7,7754,0,1
IMDB,"[0, 1]",38,40,8,9200,0,1
IMDB,"[0, 1]",38,40,9,14109,1,0
IMDB,"[0, 1]",38,40,10,10736,0,0
IMDB,"[0, 1]",38,40,11,14874,1,1
IMDB,"[0, 1]",38,40,12,4190,0,1
IMDB,"[0, 1]",38,40,13,16682,1,1
IMDB,"[0, 1]",38,40,14,14237,1,1
IMDB,"[0, 1]",38,40,15,22431,1,1
IMDB,"[0, 1]",38,40,16,517,0,1
IMDB,"[0, 1]",38,40,17,4100,0,1
IMDB,"[0, 1]",38,40,18,21626,1,0
IMDB,"[0, 1]",38,40,19,8166,0,0
IMDB,"[0, 1]",39,40,0,20668,1,0
IMDB,"[0, 1]",39,40,1,22174,1,1
IMDB,"[0, 1]",39,40,2,750,0,0
IMDB,"[0, 1]",39,40,3,373,0,0
IMDB,"[0, 1]",39,40,4,4267,0,1
IMDB,"[0, 1]",39,40,5,18587,1,1
IMDB,"[0, 1]",39,40,6,21456,1,1
IMDB,"[0, 1]",39,40,7,16032,1,0
IMDB,"[0, 1]",39,40,8,3431,0,0
IMDB,"[0, 1]",39,40,9,8309,0,1
IMDB,"[0, 1]",39,40,10,11712,0,0
IMDB,"[0, 1]",39,40,11,12918,1,0
IMDB,"[0, 1]",39,40,12,17075,1,1
IMDB,"[0, 1]",39,40,13,17046,1,1
IMDB,"[0, 1]",39,40,14,17851,1,1
IMDB,"[0, 1]",39,40,15,15716,1,0
IMDB,"[0, 1]",39,40,16,21077,1,1
IMDB,"[0, 1]",39,40,17,10180,0,1
IMDB,"[0, 1]",39,40,18,8308,0,0
IMDB,"[0, 1]",39,40,19,8004,0,0
IMDB,"[0, 1]",40,40,0,12610,1,1
IMDB,"[0, 1]",40,40,1,932,0,1
IMDB,"[0, 1]",40,40,2,15602,1,0
IMDB,"[0, 1]",40,40,3,3996,0,0
IMDB,"[0, 1]",40,40,4,8769,0,0
IMDB,"[0, 1]",40,40,5,10925,0,0
IMDB,"[0, 1]",40,40,6,22248,1,1
IMDB,"[0, 1]",40,40,7,7749,0,1
IMDB,"[0, 1]",40,40,8,6363,0,1
IMDB,"[0, 1]",40,40,9,13997,1,1
IMDB,"[0, 1]",40,40,10,21985,1,0
IMDB,"[0, 1]",40,40,11,8858,0,0
IMDB,"[0, 1]",40,40,12,24523,1,0
IMDB,"[0, 1]",40,40,13,22459,1,0
IMDB,"[0, 1]",40,40,14,23957,1,0
IMDB,"[0, 1]",40,40,15,2978,0,1
IMDB,"[0, 1]",40,40,16,22104,1,0
IMDB,"[0, 1]",40,40,17,10527,0,0
IMDB,"[0, 1]",40,40,18,13717,1,0
IMDB,"[0, 1]",40,40,19,16914,1,0
IMDB,"[0, 1]",41,40,0,13843,1,0
IMDB,"[0, 1]",41,40,1,3697,0,0
IMDB,"[0, 1]",41,40,2,8587,0,1
IMDB,"[0, 1]",41,40,3,4635,0,0
IMDB,"[0, 1]",41,40,4,11637,0,1
IMDB,"[0, 1]",41,40,5,4559,0,0
IMDB,"[0, 1]",41,40,6,13116,1,1
IMDB,"[0, 1]",41,40,7,8980,0,0
IMDB,"[0, 1]",41,40,8,2456,0,1
IMDB,"[0, 1]",41,40,9,22559,1,0
IMDB,"[0, 1]",41,40,10,17512,1,1
IMDB,"[0, 1]",41,40,11,4284,0,1
IMDB,"[0, 1]",41,40,12,15632,1,1
IMDB,"[0, 1]",41,40,13,22068,1,0
IMDB,"[0, 1]",41,40,14,11946,0,1
IMDB,"[0, 1]",41,40,15,9930,0,0
IMDB,"[0, 1]",41,40,16,3562,0,0
IMDB,"[0, 1]",41,40,17,21425,1,0
IMDB,"[0, 1]",41,40,18,3086,0,1
IMDB,"[0, 1]",41,40,19,7012,0,0
IMDB,"[0, 1]",42,40,0,4429,0,0
IMDB,"[0, 1]",42,40,1,18542,1,1
IMDB,"[0, 1]",42,40,2,10749,0,1
IMDB,"[0, 1]",42,40,3,13428,1,0
IMDB,"[0, 1]",42,40,4,7430,0,0
IMDB,"[0, 1]",42,40,5,11593,0,1
IMDB,"[0, 1]",42,40,6,10684,0,0
IMDB,"[0, 1]",42,40,7,1779,0,1
IMDB,"[0, 1]",42,40,8,2065,0,0
IMDB,"[0, 1]",42,40,9,3811,0,1
IMDB,"[0, 1]",42,40,10,24947,1,1
IMDB,"[0, 1]",42,40,11,21014,1,0
IMDB,"[0, 1]",42,40,12,18816,1,0
IMDB,"[0, 1]",42,40,13,23591,1,0
IMDB,"[0, 1]",42,40,14,24813,1,1
IMDB,"[0, 1]",42,40,15,19840,1,0
IMDB,"[0, 1]",42,40,16,9161,0,0
IMDB,"[0, 1]",42,40,17,14828,1,1
IMDB,"[0, 1]",42,40,18,23356,1,1
IMDB,"[0, 1]",42,40,19,20642,1,1
IMDB,"[0, 1]",43,40,0,21119,1,0
IMDB,"[0, 1]",43,40,1,1773,0,1
IMDB,"[0, 1]",43,40,2,13618,1,1
IMDB,"[0, 1]",43,40,3,4267,0,1
IMDB,"[0, 1]",43,40,4,15003,1,0
IMDB,"[0, 1]",43,40,5,18611,1,0
IMDB,"[0, 1]",43,40,6,8635,0,0
IMDB,"[0, 1]",43,40,7,11028,0,0
IMDB,"[0, 1]",43,40,8,10832,0,1
IMDB,"[0, 1]",43,40,9,13190,1,0
IMDB,"[0, 1]",43,40,10,20035,1,0
IMDB,"[0, 1]",43,40,11,1626,0,0
IMDB,"[0, 1]",43,40,12,21028,1,0
IMDB,"[0, 1]",43,40,13,9507,0,1
IMDB,"[0, 1]",43,40,14,21507,1,1
IMDB,"[0, 1]",43,40,15,7271,0,1
IMDB,"[0, 1]",43,40,16,1552,0,0
IMDB,"[0, 1]",43,40,17,9927,0,0
IMDB,"[0, 1]",43,40,18,4803,0,0
IMDB,"[0, 1]",43,40,19,7717,0,1
IMDB,"[0, 1]",44,40,0,10899,0,1
IMDB,"[0, 1]",44,40,1,7101,0,1
IMDB,"[0, 1]",44,40,2,1761,0,1
IMDB,"[0, 1]",44,40,3,7321,0,1
IMDB,"[0, 1]",44,40,4,8674,0,1
IMDB,"[0, 1]",44,40,5,23996,1,1
IMDB,"[0, 1]",44,40,6,19435,1,0
IMDB,"[0, 1]",44,40,7,11121,0,1
IMDB,"[0, 1]",44,40,8,1289,0,0
IMDB,"[0, 1]",44,40,9,15872,1,0
IMDB,"[0, 1]",44,40,10,10968,0,1
IMDB,"[0, 1]",44,40,11,17675,1,0
IMDB,"[0, 1]",44,40,12,2060,0,0
IMDB,"[0, 1]",44,40,13,5762,0,1
IMDB,"[0, 1]",44,40,14,7212,0,0
IMDB,"[0, 1]",44,40,15,14116,1,0
IMDB,"[0, 1]",44,40,16,8937,0,1
IMDB,"[0, 1]",44,40,17,3321,0,0
IMDB,"[0, 1]",44,40,18,20517,1,1
IMDB,"[0, 1]",44,40,19,287,0,0
IMDB,"[0, 1]",45,40,0,20443,1,1
IMDB,"[0, 1]",45,40,1,19572,1,0
IMDB,"[0, 1]",45,40,2,806,0,0
IMDB,"[0, 1]",45,40,3,21295,1,1
IMDB,"[0, 1]",45,40,4,4857,0,0
IMDB,"[0, 1]",45,40,5,22919,1,1
IMDB,"[0, 1]",45,40,6,23342,1,0
IMDB,"[0, 1]",45,40,7,4656,0,0
IMDB,"[0, 1]",45,40,8,5190,0,1
IMDB,"[0, 1]",45,40,9,6461,0,0
IMDB,"[0, 1]",45,40,10,16872,1,1
IMDB,"[0, 1]",45,40,11,2954,0,1
IMDB,"[0, 1]",45,40,12,19147,1,0
IMDB,"[0, 1]",45,40,13,10773,0,1
IMDB,"[0, 1]",45,40,14,5963,0,0
IMDB,"[0, 1]",45,40,15,16430,1,1
IMDB,"[0, 1]",45,40,16,11337,0,1
IMDB,"[0, 1]",45,40,17,23158,1,0
IMDB,"[0, 1]",45,40,18,13691,1,1
IMDB,"[0, 1]",45,40,19,10213,0,0
IMDB,"[0, 1]",46,40,0,212,0,0
IMDB,"[0, 1]",46,40,1,9245,0,1
IMDB,"[0, 1]",46,40,2,13407,1,0
IMDB,"[0, 1]",46,40,3,13989,1,0
IMDB,"[0, 1]",46,40,4,24873,1,1
IMDB,"[0, 1]",46,40,5,6593,0,0
IMDB,"[0, 1]",46,40,6,5513,0,1
IMDB,"[0, 1]",46,40,7,8371,0,1
IMDB,"[0, 1]",46,40,8,3414,0,0
IMDB,"[0, 1]",46,40,9,2271,0,0
IMDB,"[0, 1]",46,40,10,16738,1,1
IMDB,"[0, 1]",46,40,11,21101,1,0
IMDB,"[0, 1]",46,40,12,3987,0,1
IMDB,"[0, 1]",46,40,13,12188,0,0
IMDB,"[0, 1]",46,40,14,9573,0,0
IMDB,"[0, 1]",46,40,15,10250,0,1
IMDB,"[0, 1]",46,40,16,24209,1,0
IMDB,"[0, 1]",46,40,17,3165,0,1
IMDB,"[0, 1]",46,40,18,21707,1,0
IMDB,"[0, 1]",46,40,19,2060,0,0
IMDB,"[0, 1]",47,40,0,17941,1,0
IMDB,"[0, 1]",47,40,1,12146,0,0
IMDB,"[0, 1]",47,40,2,11104,0,1
IMDB,"[0, 1]",47,40,3,12198,0,1
IMDB,"[0, 1]",47,40,4,19245,1,1
IMDB,"[0, 1]",47,40,5,11916,0,1
IMDB,"[0, 1]",47,40,6,23175,1,0
IMDB,"[0, 1]",47,40,7,413,0,1
IMDB,"[0, 1]",47,40,8,15841,1,0
IMDB,"[0, 1]",47,40,9,10994,0,0
IMDB,"[0, 1]",47,40,10,17558,1,1
IMDB,"[0, 1]",47,40,11,17969,1,0
IMDB,"[0, 1]",47,40,12,5698,0,0
IMDB,"[0, 1]",47,40,13,1880,0,0
IMDB,"[0, 1]",47,40,14,24085,1,1
IMDB,"[0, 1]",47,40,15,994,0,1
IMDB,"[0, 1]",47,40,16,20608,1,0
IMDB,"[0, 1]",47,40,17,8799,0,1
IMDB,"[0, 1]",47,40,18,9706,0,0
IMDB,"[0, 1]",47,40,19,9404,0,0
IMDB,"[0, 1]",48,40,0,5441,0,1
IMDB,"[0, 1]",48,40,1,1256,0,0
IMDB,"[0, 1]",48,40,2,9492,0,1
IMDB,"[0, 1]",48,40,3,2978,0,1
IMDB,"[0, 1]",48,40,4,17974,1,0
IMDB,"[0, 1]",48,40,5,13229,1,1
IMDB,"[0, 1]",48,40,6,15136,1,1
IMDB,"[0, 1]",48,40,7,14352,1,1
IMDB,"[0, 1]",48,40,8,21282,1,1
IMDB,"[0, 1]",48,40,9,16894,1,0
IMDB,"[0, 1]",48,40,10,17521,1,0
IMDB,"[0, 1]",48,40,11,12649,1,0
IMDB,"[0, 1]",48,40,12,8085,0,1
IMDB,"[0, 1]",48,40,13,8473,0,1
IMDB,"[0, 1]",48,40,14,15768,1,0
IMDB,"[0, 1]",48,40,15,8351,0,0
IMDB,"[0, 1]",48,40,16,14144,1,0
IMDB,"[0, 1]",48,40,17,118,0,1
IMDB,"[0, 1]",48,40,18,8117,0,0
IMDB,"[0, 1]",48,40,19,15460,1,1
IMDB,"[0, 1]",49,40,0,18883,1,1
IMDB,"[0, 1]",49,40,1,16838,1,1
IMDB,"[0, 1]",49,40,2,14405,1,0
IMDB,"[0, 1]",49,40,3,14433,1,1
IMDB,"[0, 1]",49,40,4,16392,1,0
IMDB,"[0, 1]",49,40,5,9641,0,0
IMDB,"[0, 1]",49,40,6,6541,0,0
IMDB,"[0, 1]",49,40,7,24090,1,1
IMDB,"[0, 1]",49,40,8,22239,1,1
IMDB,"[0, 1]",49,40,9,8741,0,0
IMDB,"[0, 1]",49,40,10,4964,0,1
IMDB,"[0, 1]",49,40,11,3332,0,1
IMDB,"[0, 1]",49,40,12,1133,0,0
IMDB,"[0, 1]",49,40,13,5762,0,1
IMDB,"[0, 1]",49,40,14,18954,1,0
IMDB,"[0, 1]",49,40,15,23079,1,0
IMDB,"[0, 1]",49,40,16,20101,1,0
IMDB,"[0, 1]",49,40,17,23539,1,0
IMDB,"[0, 1]",49,40,18,23547,1,1
IMDB,"[0, 1]",49,40,19,20330,1,1
RT,"[0, 1]",0,40,0,918,0,0
RT,"[0, 1]",0,40,1,50,1,0
RT,"[0, 1]",0,40,2,544,0,1
RT,"[0, 1]",0,40,3,712,0,0
RT,"[0, 1]",0,40,4,1060,0,0
RT,"[0, 1]",0,40,5,602,0,1
RT,"[0, 1]",0,40,6,818,0,0
RT,"[0, 1]",0,40,7,384,1,1
RT,"[0, 1]",0,40,8,388,1,1
RT,"[0, 1]",0,40,9,215,1,0
RT,"[0, 1]",0,40,10,127,1,1
RT,"[0, 1]",0,40,11,30,1,1
RT,"[0, 1]",0,40,12,866,0,0
RT,"[0, 1]",0,40,13,905,0,0
RT,"[0, 1]",0,40,14,848,0,0
RT,"[0, 1]",0,40,15,904,0,0
RT,"[0, 1]",0,40,16,592,0,0
RT,"[0, 1]",0,40,17,595,0,1
RT,"[0, 1]",0,40,18,960,0,1
RT,"[0, 1]",0,40,19,697,0,1
RT,"[0, 1]",1,40,0,256,1,0
RT,"[0, 1]",1,40,1,983,0,0
RT,"[0, 1]",1,40,2,888,0,1
RT,"[0, 1]",1,40,3,622,0,0
RT,"[0, 1]",1,40,4,115,1,0
RT,"[0, 1]",1,40,5,923,0,1
RT,"[0, 1]",1,40,6,259,1,1
RT,"[0, 1]",1,40,7,112,1,0
RT,"[0, 1]",1,40,8,200,1,0
RT,"[0, 1]",1,40,9,3,1,1
RT,"[0, 1]",1,40,10,287,1,1
RT,"[0, 1]",1,40,11,691,0,1
RT,"[0, 1]",1,40,12,506,1,0
RT,"[0, 1]",1,40,13,140,1,1
RT,"[0, 1]",1,40,14,9,1,1
RT,"[0, 1]",1,40,15,165,1,1
RT,"[0, 1]",1,40,16,353,1,0
RT,"[0, 1]",1,40,17,640,0,0
RT,"[0, 1]",1,40,18,997,0,1
RT,"[0, 1]",1,40,19,821,0,0
RT,"[0, 1]",2,40,0,815,0,1
RT,"[0, 1]",2,40,1,982,0,0
RT,"[0, 1]",2,40,2,977,0,0
RT,"[0, 1]",2,40,3,907,0,0
RT,"[0, 1]",2,40,4,737,0,0
RT,"[0, 1]",2,40,5,632,0,1
RT,"[0, 1]",2,40,6,1019,0,1
RT,"[0, 1]",2,40,7,512,1,0
RT,"[0, 1]",2,40,8,888,0,1
RT,"[0, 1]",2,40,9,873,0,0
RT,"[0, 1]",2,40,10,912,0,0
RT,"[0, 1]",2,40,11,796,0,0
RT,"[0, 1]",2,40,12,1058,0,1
RT,"[0, 1]",2,40,13,66,1,1
RT,"[0, 1]",2,40,14,177,1,1
RT,"[0, 1]",2,40,15,633,0,1
RT,"[0, 1]",2,40,16,281,1,0
RT,"[0, 1]",2,40,17,94,1,1
RT,"[0, 1]",2,40,18,997,0,1
RT,"[0, 1]",2,40,19,807,0,1
RT,"[0, 1]",3,40,0,687,0,0
RT,"[0, 1]",3,40,1,469,1,0
RT,"[0, 1]",3,40,2,324,1,0
RT,"[0, 1]",3,40,3,990,0,1
RT,"[0, 1]",3,40,4,227,1,1
RT,"[0, 1]",3,40,5,916,0,0
RT,"[0, 1]",3,40,6,14,1,0
RT,"[0, 1]",3,40,7,792,0,1
RT,"[0, 1]",3,40,8,463,1,1
RT,"[0, 1]",3,40,9,534,0,0
RT,"[0, 1]",3,40,10,295,1,0
RT,"[0, 1]",3,40,11,1005,0,1
RT,"[0, 1]",3,40,12,855,0,1
RT,"[0, 1]",3,40,13,116,1,0
RT,"[0, 1]",3,40,14,85,1,1
RT,"[0, 1]",3,40,15,725,0,1
RT,"[0, 1]",3,40,16,452,1,0
RT,"[0, 1]",3,40,17,181,1,1
RT,"[0, 1]",3,40,18,703,0,0
RT,"[0, 1]",3,40,19,219,1,0
RT,"[0, 1]",4,40,0,860,0,1
RT,"[0, 1]",4,40,1,274,1,0
RT,"[0, 1]",4,40,2,647,0,1
RT,"[0, 1]",4,40,3,150,1,1
RT,"[0, 1]",4,40,4,731,0,0
RT,"[0, 1]",4,40,5,167,1,0
RT,"[0, 1]",4,40,6,453,1,0
RT,"[0, 1]",4,40,7,207,1,1
RT,"[0, 1]",4,40,8,1022,0,0
RT,"[0, 1]",4,40,9,614,0,1
RT,"[0, 1]",4,40,10,469,1,0
RT,"[0, 1]",4,40,11,383,1,1
RT,"[0, 1]",4,40,12,595,0,1
RT,"[0, 1]",4,40,13,960,0,1
RT,"[0, 1]",4,40,14,1045,0,0
RT,"[0, 1]",4,40,15,939,0,1
RT,"[0, 1]",4,40,16,495,1,1
RT,"[0, 1]",4,40,17,116,1,0
RT,"[0, 1]",4,40,18,1034,0,0
RT,"[0, 1]",4,40,19,1005,0,1
RT,"[0, 1]",5,40,0,863,0,0
RT,"[0, 1]",5,40,1,602,0,1
RT,"[0, 1]",5,40,2,997,0,1
RT,"[0, 1]",5,40,3,744,0,0
RT,"[0, 1]",5,40,4,285,1,0
RT,"[0, 1]",5,40,5,410,1,1
RT,"[0, 1]",5,40,6,593,0,0
RT,"[0, 1]",5,40,7,732,0,1
RT,"[0, 1]",5,40,8,367,1,1
RT,"[0, 1]",5,40,9,989,0,1
RT,"[0, 1]",5,40,10,291,1,0
RT,"[0, 1]",5,40,11,180,1,1
RT,"[0, 1]",5,40,12,386,1,0
RT,"[0, 1]",5,40,13,829,0,0
RT,"[0, 1]",5,40,14,551,0,0
RT,"[0, 1]",5,40,15,279,1,0
RT,"[0, 1]",5,40,16,1014,0,1
RT,"[0, 1]",5,40,17,632,0,1
RT,"[0, 1]",5,40,18,421,1,0
RT,"[0, 1]",5,40,19,14,1,0
RT,"[0, 1]",6,40,0,728,0,1
RT,"[0, 1]",6,40,1,314,1,1
RT,"[0, 1]",6,40,2,946,0,0
RT,"[0, 1]",6,40,3,607,0,1
RT,"[0, 1]",6,40,4,922,0,1
RT,"[0, 1]",6,40,5,1013,0,0
RT,"[0, 1]",6,40,6,813,0,1
RT,"[0, 1]",6,40,7,401,1,1
RT,"[0, 1]",6,40,8,250,1,0
RT,"[0, 1]",6,40,9,540,0,1
RT,"[0, 1]",6,40,10,291,1,0
RT,"[0, 1]",6,40,11,544,0,1
RT,"[0, 1]",6,40,12,638,0,0
RT,"[0, 1]",6,40,13,564,0,0
RT,"[0, 1]",6,40,14,803,0,0
RT,"[0, 1]",6,40,15,2,1,0
RT,"[0, 1]",6,40,16,332,1,0
RT,"[0, 1]",6,40,17,688,0,1
RT,"[0, 1]",6,40,18,274,1,0
RT,"[0, 1]",6,40,19,337,1,1
RT,"[0, 1]",7,40,0,865,0,0
RT,"[0, 1]",7,40,1,560,0,0
RT,"[0, 1]",7,40,2,470,1,0
RT,"[0, 1]",7,40,3,609,0,1
RT,"[0, 1]",7,40,4,218,1,0
RT,"[0, 1]",7,40,5,427,1,1
RT,"[0, 1]",7,40,6,191,1,1
RT,"[0, 1]",7,40,7,451,1,1
RT,"[0, 1]",7,40,8,281,1,0
RT,"[0, 1]",7,40,9,873,0,0
RT,"[0, 1]",7,40,10,830,0,0
RT,"[0, 1]",7,40,11,458,1,1
RT,"[0, 1]",7,40,12,906,0,0
RT,"[0, 1]",7,40,13,215,1,0
RT,"[0, 1]",7,40,14,862,0,0
RT,"[0, 1]",7,40,15,302,1,1
RT,"[0, 1]",7,40,16,360,1,1
RT,"[0, 1]",7,40,17,1040,0,0
RT,"[0, 1]",7,40,18,496,1,0
RT,"[0, 1]",7,40,19,646,0,0
RT,"[0, 1]",8,40,0,881,0,1
RT,"[0, 1]",8,40,1,792,0,1
RT,"[0, 1]",8,40,2,403,1,0
RT,"[0, 1]",8,40,3,817,0,0
RT,"[0, 1]",8,40,4,626,0,0
RT,"[0, 1]",8,40,5,452,1,0
RT,"[0, 1]",8,40,6,169,1,1
RT,"[0, 1]",8,40,7,335,1,1
RT,"[0, 1]",8,40,8,470,1,0
RT,"[0, 1]",8,40,9,890,0,0
RT,"[0, 1]",8,40,10,666,0,0
RT,"[0, 1]",8,40,11,815,0,1
RT,"[0, 1]",8,40,12,217,1,1
RT,"[0, 1]",8,40,13,645,0,0
RT,"[0, 1]",8,40,14,68,1,1
RT,"[0, 1]",8,40,15,309,1,1
RT,"[0, 1]",8,40,16,423,1,0
RT,"[0, 1]",8,40,17,620,0,0
RT,"[0, 1]",8,40,18,141,1,1
RT,"[0, 1]",8,40,19,50,1,0
RT,"[0, 1]",9,40,0,50,1,0
RT,"[0, 1]",9,40,1,432,1,0
RT,"[0, 1]",9,40,2,291,1,0
RT,"[0, 1]",9,40,3,235,1,1
RT,"[0, 1]",9,40,4,792,0,1
RT,"[0, 1]",9,40,5,335,1,1
RT,"[0, 1]",9,40,6,867,0,0
RT,"[0, 1]",9,40,7,32,1,1
RT,"[0, 1]",9,40,8,203,1,1
RT,"[0, 1]",9,40,9,37,1,1
RT,"[0, 1]",9,40,10,353,1,0
RT,"[0, 1]",9,40,11,1026,0,1
RT,"[0, 1]",9,40,12,931,0,0
RT,"[0, 1]",9,40,13,828,0,0
RT,"[0, 1]",9,40,14,881,0,1
RT,"[0, 1]",9,40,15,748,0,0
RT,"[0, 1]",9,40,16,219,1,0
RT,"[0, 1]",9,40,17,1033,0,0
RT,"[0, 1]",9,40,18,34,1,1
RT,"[0, 1]",9,40,19,749,0,0
RT,"[0, 1]",10,40,0,227,1,1
RT,"[0, 1]",10,40,1,2,1,0
RT,"[0, 1]",10,40,2,875,0,0
RT,"[0, 1]",10,40,3,112,1,0
RT,"[0, 1]",10,40,4,806,0,0
RT,"[0, 1]",10,40,5,286,1,1
RT,"[0, 1]",10,40,6,792,0,1
RT,"[0, 1]",10,40,7,974,0,0
RT,"[0, 1]",10,40,8,186,1,0
RT,"[0, 1]",10,40,9,206,1,1
RT,"[0, 1]",10,40,10,550,0,0
RT,"[0, 1]",10,40,11,273,1,1
RT,"[0, 1]",10,40,12,536,0,1
RT,"[0, 1]",10,40,13,404,1,1
RT,"[0, 1]",10,40,14,635,0,0
RT,"[0, 1]",10,40,15,1056,0,0
RT,"[0, 1]",10,40,16,408,1,1
RT,"[0, 1]",10,40,17,423,1,0
RT,"[0, 1]",10,40,18,454,1,1
RT,"[0, 1]",10,40,19,219,1,0
RT,"[0, 1]",11,40,0,75,1,1
RT,"[0, 1]",11,40,1,837,0,1
RT,"[0, 1]",11,40,2,545,0,0
RT,"[0, 1]",11,40,3,647,0,1
RT,"[0, 1]",11,40,4,341,1,1
RT,"[0, 1]",11,40,5,1054,0,0
RT,"[0, 1]",11,40,6,987,0,0
RT,"[0, 1]",11,40,7,464,1,1
RT,"[0, 1]",11,40,8,533,0,0
RT,"[0, 1]",11,40,9,1019,0,1
RT,"[0, 1]",11,40,10,957,0,0
RT,"[0, 1]",11,40,11,30,1,1
RT,"[0, 1]",11,40,12,332,1,0
RT,"[0, 1]",11,40,13,759,0,0
RT,"[0, 1]",11,40,14,421,1,0
RT,"[0, 1]",11,40,15,1011,0,0
RT,"[0, 1]",11,40,16,557,0,0
RT,"[0, 1]",11,40,17,162,1,1
RT,"[0, 1]",11,40,18,250,1,0
RT,"[0, 1]",11,40,19,31,1,0
RT,"[0, 1]",12,40,0,219,1,0
RT,"[0, 1]",12,40,1,215,1,0
RT,"[0, 1]",12,40,2,815,0,1
RT,"[0, 1]",12,40,3,697,0,1
RT,"[0, 1]",12,40,4,888,0,1
RT,"[0, 1]",12,40,5,556,0,1
RT,"[0, 1]",12,40,6,89,1,1
RT,"[0, 1]",12,40,7,818,0,0
RT,"[0, 1]",12,40,8,315,1,1
RT,"[0, 1]",12,40,9,247,1,1
RT,"[0, 1]",12,40,10,906,0,0
RT,"[0, 1]",12,40,11,251,1,1
RT,"[0, 1]",12,40,12,323,1,0
RT,"[0, 1]",12,40,13,949,0,1
RT,"[0, 1]",12,40,14,846,0,1
RT,"[0, 1]",12,40,15,477,1,1
RT,"[0, 1]",12,40,16,520,1,1
RT,"[0, 1]",12,40,17,535,0,1
RT,"[0, 1]",12,40,18,407,1,1
RT,"[0, 1]",12,40,19,356,1,1
RT,"[0, 1]",13,40,0,782,0,0
RT,"[0, 1]",13,40,1,281,1,0
RT,"[0, 1]",13,40,2,389,1,1
RT,"[0, 1]",13,40,3,403,1,0
RT,"[0, 1]",13,40,4,660,0,0
RT,"[0, 1]",13,40,5,561,0,0
RT,"[0, 1]",13,40,6,967,0,0
RT,"[0, 1]",13,40,7,49,1,1
RT,"[0, 1]",13,40,8,717,0,1
RT,"[0, 1]",13,40,9,197,1,0
RT,"[0, 1]",13,40,10,851,0,0
RT,"[0, 1]",13,40,11,76,1,1
RT,"[0, 1]",13,40,12,602,0,1
RT,"[0, 1]",13,40,13,509,1,1
RT,"[0, 1]",13,40,14,43,1,1
RT,"[0, 1]",13,40,15,725,0,1
RT,"[0, 1]",13,40,16,280,1,1
RT,"[0, 1]",13,40,17,603,0,0
RT,"[0, 1]",13,40,18,117,1,0
RT,"[0, 1]",13,40,19,691,0,1
RT,"[0, 1]",14,40,0,513,1,1
RT,"[0, 1]",14,40,1,595,0,1
RT,"[0, 1]",14,40,2,218,1,0
RT,"[0, 1]",14,40,3,206,1,1
RT,"[0, 1]",14,40,4,709,0,0
RT,"[0, 1]",14,40,5,837,0,1
RT,"[0, 1]",14,40,6,822,0,0
RT,"[0, 1]",14,40,7,353,1,0
RT,"[0, 1]",14,40,8,199,1,0
RT,"[0, 1]",14,40,9,476,1,0
RT,"[0, 1]",14,40,10,117,1,0
RT,"[0, 1]",14,40,11,722,0,1
RT,"[0, 1]",14,40,12,1005,0,1
RT,"[0, 1]",14,40,13,829,0,0
RT,"[0, 1]",14,40,14,594,0,0
RT,"[0, 1]",14,40,15,112,1,0
RT,"[0, 1]",14,40,16,345,1,1
RT,"[0, 1]",14,40,17,343,1,1
RT,"[0, 1]",14,40,18,1036,0,0
RT,"[0, 1]",14,40,19,403,1,0
RT,"[0, 1]",15,40,0,621,0,0
RT,"[0, 1]",15,40,1,666,0,0
RT,"[0, 1]",15,40,2,1055,0,1
RT,"[0, 1]",15,40,3,856,0,1
RT,"[0, 1]",15,40,4,530,1,1
RT,"[0, 1]",15,40,5,548,0,0
RT,"[0, 1]",15,40,6,717,0,1
RT,"[0, 1]",15,40,7,535,0,1
RT,"[0, 1]",15,40,8,44,1,1
RT,"[0, 1]",15,40,9,386,1,0
RT,"[0, 1]",15,40,10,149,1,0
RT,"[0, 1]",15,40,11,1020,0,0
RT,"[0, 1]",15,40,12,279,1,0
RT,"[0, 1]",15,40,13,272,1,1
RT,"[0, 1]",15,40,14,534,0,0
RT,"[0, 1]",15,40,15,340,1,0
RT,"[0, 1]",15,40,16,689,0,0
RT,"[0, 1]",15,40,17,680,0,1
RT,"[0, 1]",15,40,18,365,1,1
RT,"[0, 1]",15,40,19,58,1,1
RT,"[0, 1]",16,40,0,5,1,1
RT,"[0, 1]",16,40,1,58,1,1
RT,"[0, 1]",16,40,2,9,1,1
RT,"[0, 1]",16,40,3,423,1,0
RT,"[0, 1]",16,40,4,116,1,0
RT,"[0, 1]",16,40,5,876,0,0
RT,"[0, 1]",16,40,6,607,0,1
RT,"[0, 1]",16,40,7,535,0,1
RT,"[0, 1]",16,40,8,327,1,1
RT,"[0, 1]",16,40,9,31,1,0
RT,"[0, 1]",16,40,10,469,1,0
RT,"[0, 1]",16,40,11,513,1,1
RT,"[0, 1]",16,40,12,726,0,1
RT,"[0, 1]",16,40,13,457,1,1
RT,"[0, 1]",16,40,14,571,0,0
RT,"[0, 1]",16,40,15,506,1,0
RT,"[0, 1]",16,40,16,453,1,0
RT,"[0, 1]",16,40,17,452,1,0
RT,"[0, 1]",16,40,18,512,1,0
RT,"[0, 1]",16,40,19,841,0,1
RT,"[0, 1]",17,40,0,400,1,1
RT,"[0, 1]",17,40,1,1014,0,1
RT,"[0, 1]",17,40,2,339,1,1
RT,"[0, 1]",17,40,3,380,1,1
RT,"[0, 1]",17,40,4,680,0,1
RT,"[0, 1]",17,40,5,274,1,0
RT,"[0, 1]",17,40,6,963,0,0
RT,"[0, 1]",17,40,7,651,0,0
RT,"[0, 1]",17,40,8,412,1,1
RT,"[0, 1]",17,40,9,173,1,1
RT,"[0, 1]",17,40,10,802,0,0
RT,"[0, 1]",17,40,11,791,0,0
RT,"[0, 1]",17,40,12,918,0,0
RT,"[0, 1]",17,40,13,1019,0,1
RT,"[0, 1]",17,40,14,813,0,1
RT,"[0, 1]",17,40,15,178,1,0
RT,"[0, 1]",17,40,16,657,0,0
RT,"[0, 1]",17,40,17,257,1,0
RT,"[0, 1]",17,40,18,1055,0,1
RT,"[0, 1]",17,40,19,117,1,0
RT,"[0, 1]",18,40,0,450,1,1
RT,"[0, 1]",18,40,1,434,1,1
RT,"[0, 1]",18,40,2,540,0,1
RT,"[0, 1]",18,40,3,556,0,1
RT,"[0, 1]",18,40,4,713,0,0
RT,"[0, 1]",18,40,5,305,1,0
RT,"[0, 1]",18,40,6,269,1,0
RT,"[0, 1]",18,40,7,763,0,0
RT,"[0, 1]",18,40,8,352,1,1
RT,"[0, 1]",18,40,9,494,1,0
RT,"[0, 1]",18,40,10,218,1,0
RT,"[0, 1]",18,40,11,936,0,0
RT,"[0, 1]",18,40,12,506,1,0
RT,"[0, 1]",18,40,13,609,0,1
RT,"[0, 1]",18,40,14,851,0,0
RT,"[0, 1]",18,40,15,108,1,1
RT,"[0, 1]",18,40,16,1002,0,0
RT,"[0, 1]",18,40,17,228,1,1
RT,"[0, 1]",18,40,18,990,0,1
RT,"[0, 1]",18,40,19,403,1,0
RT,"[0, 1]",19,40,0,443,1,1
RT,"[0, 1]",19,40,1,741,0,0
RT,"[0, 1]",19,40,2,614,0,1
RT,"[0, 1]",19,40,3,12,1,0
RT,"[0, 1]",19,40,4,14,1,0
RT,"[0, 1]",19,40,5,424,1,1
RT,"[0, 1]",19,40,6,2,1,0
RT,"[0, 1]",19,40,7,858,0,0
RT,"[0, 1]",19,40,8,748,0,0
RT,"[0, 1]",19,40,9,939,0,1
RT,"[0, 1]",19,40,10,881,0,1
RT,"[0, 1]",19,40,11,691,0,1
RT,"[0, 1]",19,40,12,750,0,0
RT,"[0, 1]",19,40,13,276,1,0
RT,"[0, 1]",19,40,14,989,0,1
RT,"[0, 1]",19,40,15,722,0,1
RT,"[0, 1]",19,40,16,665,0,1
RT,"[0, 1]",19,40,17,913,0,0
RT,"[0, 1]",19,40,18,556,0,1
RT,"[0, 1]",19,40,19,205,1,1
RT,"[0, 1]",20,40,0,457,1,1
RT,"[0, 1]",20,40,1,117,1,0
RT,"[0, 1]",20,40,2,949,0,1
RT,"[0, 1]",20,40,3,251,1,1
RT,"[0, 1]",20,40,4,403,1,0
RT,"[0, 1]",20,40,5,916,0,0
RT,"[0, 1]",20,40,6,387,1,1
RT,"[0, 1]",20,40,7,215,1,0
RT,"[0, 1]",20,40,8,224,1,0
RT,"[0, 1]",20,40,9,853,0,0
RT,"[0, 1]",20,40,10,805,0,0
RT,"[0, 1]",20,40,11,535,0,1
RT,"[0, 1]",20,40,12,295,1,0
RT,"[0, 1]",20,40,13,641,0,0
RT,"[0, 1]",20,40,14,883,0,0
RT,"[0, 1]",20,40,15,138,1,1
RT,"[0, 1]",20,40,16,728,0,1
RT,"[0, 1]",20,40,17,1024,0,0
RT,"[0, 1]",20,40,18,223,1,1
RT,"[0, 1]",20,40,19,792,0,1
RT,"[0, 1]",21,40,0,791,0,0
RT,"[0, 1]",21,40,1,565,0,0
RT,"[0, 1]",21,40,2,697,0,1
RT,"[0, 1]",21,40,3,712,0,0
RT,"[0, 1]",21,40,4,1005,0,1
RT,"[0, 1]",21,40,5,960,0,1
RT,"[0, 1]",21,40,6,163,1,1
RT,"[0, 1]",21,40,7,934,0,1
RT,"[0, 1]",21,40,8,508,1,1
RT,"[0, 1]",21,40,9,494,1,0
RT,"[0, 1]",21,40,10,870,0,1
RT,"[0, 1]",21,40,11,837,0,1
RT,"[0, 1]",21,40,12,178,1,0
RT,"[0, 1]",21,40,13,824,0,0
RT,"[0, 1]",21,40,14,430,1,0
RT,"[0, 1]",21,40,15,170,1,1
RT,"[0, 1]",21,40,16,664,0,1
RT,"[0, 1]",21,40,17,659,0,0
RT,"[0, 1]",21,40,18,199,1,0
RT,"[0, 1]",21,40,19,129,1,0
RT,"[0, 1]",22,40,0,846,0,1
RT,"[0, 1]",22,40,1,1034,0,0
RT,"[0, 1]",22,40,2,112,1,0
RT,"[0, 1]",22,40,3,718,0,0
RT,"[0, 1]",22,40,4,556,0,1
RT,"[0, 1]",22,40,5,251,1,1
RT,"[0, 1]",22,40,6,252,1,1
RT,"[0, 1]",22,40,7,640,0,0
RT,"[0, 1]",22,40,8,999,0,0
RT,"[0, 1]",22,40,9,881,0,1
RT,"[0, 1]",22,40,10,340,1,0
RT,"[0, 1]",22,40,11,455,1,1
RT,"[0, 1]",22,40,12,216,1,0
RT,"[0, 1]",22,40,13,178,1,0
RT,"[0, 1]",22,40,14,1014,0,1
RT,"[0, 1]",22,40,15,48,1,1
RT,"[0, 1]",22,40,16,129,1,0
RT,"[0, 1]",22,40,17,614,0,1
RT,"[0, 1]",22,40,18,919,0,0
RT,"[0, 1]",22,40,19,45,1,1
RT,"[0, 1]",23,40,0,815,0,1
RT,"[0, 1]",23,40,1,49,1,1
RT,"[0, 1]",23,40,2,228,1,1
RT,"[0, 1]",23,40,3,664,0,1
RT,"[0, 1]",23,40,4,1041,0,1
RT,"[0, 1]",23,40,5,725,0,1
RT,"[0, 1]",23,40,6,667,0,0
RT,"[0, 1]",23,40,7,129,1,0
RT,"[0, 1]",23,40,8,439,1,1
RT,"[0, 1]",23,40,9,504,1,1
RT,"[0, 1]",23,40,10,1026,0,1
RT,"[0, 1]",23,40,11,167,1,0
RT,"[0, 1]",23,40,12,20,1,1
RT,"[0, 1]",23,40,13,1018,0,0
RT,"[0, 1]",23,40,14,219,1,0
RT,"[0, 1]",23,40,15,546,0,1
RT,"[0, 1]",23,40,16,611,0,1
RT,"[0, 1]",23,40,17,343,1,1
RT,"[0, 1]",23,40,18,115,1,0
RT,"[0, 1]",23,40,19,31,1,0
RT,"[0, 1]",24,40,0,225,1,1
RT,"[0, 1]",24,40,1,159,1,1
RT,"[0, 1]",24,40,2,366,1,1
RT,"[0, 1]",24,40,3,456,1,0
RT,"[0, 1]",24,40,4,577,0,0
RT,"[0, 1]",24,40,5,349,1,1
RT,"[0, 1]",24,40,6,827,0,0
RT,"[0, 1]",24,40,7,893,0,0
RT,"[0, 1]",24,40,8,632,0,1
RT,"[0, 1]",24,40,9,884,0,0
RT,"[0, 1]",24,40,10,509,1,1
RT,"[0, 1]",24,40,11,1041,0,1
RT,"[0, 1]",24,40,12,925,0,0
RT,"[0, 1]",24,40,13,17,1,1
RT,"[0, 1]",24,40,14,856,0,1
RT,"[0, 1]",24,40,15,332,1,0
RT,"[0, 1]",24,40,16,99,1,0
RT,"[0, 1]",24,40,17,732,0,1
RT,"[0, 1]",24,40,18,324,1,0
RT,"[0, 1]",24,40,19,276,1,0
RT,"[0, 1]",25,40,0,224,1,0
RT,"[0, 1]",25,40,1,536,0,1
RT,"[0, 1]",25,40,2,855,0,1
RT,"[0, 1]",25,40,3,997,0,1
RT,"[0, 1]",25,40,4,680,0,1
RT,"[0, 1]",25,40,5,846,0,1
RT,"[0, 1]",25,40,6,215,1,0
RT,"[0, 1]",25,40,7,611,0,1
RT,"[0, 1]",25,40,8,665,0,1
RT,"[0, 1]",25,40,9,759,0,0
RT,"[0, 1]",25,40,10,1005,0,1
RT,"[0, 1]",25,40,11,164,1,1
RT,"[0, 1]",25,40,12,512,1,0
RT,"[0, 1]",25,40,13,523,1,1
RT,"[0, 1]",25,40,14,12,1,0
RT,"[0, 1]",25,40,15,981,0,0
RT,"[0, 1]",25,40,16,872,0,0
RT,"[0, 1]",25,40,17,509,1,1
RT,"[0, 1]",25,40,18,494,1,0
RT,"[0, 1]",25,40,19,281,1,0
RT,"[0, 1]",26,40,0,353,1,0
RT,"[0, 1]",26,40,1,563,0,0
RT,"[0, 1]",26,40,2,274,1,0
RT,"[0, 1]",26,40,3,456,1,0
RT,"[0, 1]",26,40,4,57,1,1
RT,"[0, 1]",26,40,5,910,0,0
RT,"[0, 1]",26,40,6,364,1,1
RT,"[0, 1]",26,40,7,901,0,1
RT,"[0, 1]",26,40,8,200,1,0
RT,"[0, 1]",26,40,9,814,0,1
RT,"[0, 1]",26,40,10,430,1,0
RT,"[0, 1]",26,40,11,24,1,1
RT,"[0, 1]",26,40,12,360,1,1
RT,"[0, 1]",26,40,13,28,1,0
RT,"[0, 1]",26,40,14,757,0,0
RT,"[0, 1]",26,40,15,743,0,0
RT,"[0, 1]",26,40,16,967,0,0
RT,"[0, 1]",26,40,17,881,0,1
RT,"[0, 1]",26,40,18,120,1,1
RT,"[0, 1]",26,40,19,1003,0,0
RT,"[0, 1]",27,40,0,856,0,1
RT,"[0, 1]",27,40,1,2,1,0
RT,"[0, 1]",27,40,2,311,1,1
RT,"[0, 1]",27,40,3,129,1,0
RT,"[0, 1]",27,40,4,746,0,0
RT,"[0, 1]",27,40,5,692,0,0
RT,"[0, 1]",27,40,6,505,1,1
RT,"[0, 1]",27,40,7,910,0,0
RT,"[0, 1]",27,40,8,99,1,0
RT,"[0, 1]",27,40,9,881,0,1
RT,"[0, 1]",27,40,10,186,1,0
RT,"[0, 1]",27,40,11,191,1,1
RT,"[0, 1]",27,40,12,271,1,1
RT,"[0, 1]",27,40,13,389,1,1
RT,"[0, 1]",27,40,14,276,1,0
RT,"[0, 1]",27,40,15,815,0,1
RT,"[0, 1]",27,40,16,632,0,1
RT,"[0, 1]",27,40,17,990,0,1
RT,"[0, 1]",27,40,18,332,1,0
RT,"[0, 1]",27,40,19,156,1,1
RT,"[0, 1]",28,40,0,349,1,1
RT,"[0, 1]",28,40,1,633,0,1
RT,"[0, 1]",28,40,2,858,0,0
RT,"[0, 1]",28,40,3,85,1,1
RT,"[0, 1]",28,40,4,458,1,1
RT,"[0, 1]",28,40,5,697,0,1
RT,"[0, 1]",28,40,6,305,1,0
RT,"[0, 1]",28,40,7,358,1,1
RT,"[0, 1]",28,40,8,165,1,1
RT,"[0, 1]",28,40,9,599,0,0
RT,"[0, 1]",28,40,10,184,1,1
RT,"[0, 1]",28,40,11,589,0,0
RT,"[0, 1]",28,40,12,1026,0,1
RT,"[0, 1]",28,40,13,960,0,1
RT,"[0, 1]",28,40,14,655,0,0
RT,"[0, 1]",28,40,15,451,1,1
RT,"[0, 1]",28,40,16,812,0,0
RT,"[0, 1]",28,40,17,456,1,0
RT,"[0, 1]",28,40,18,469,1,0
RT,"[0, 1]",28,40,19,742,0,0
RT,"[0, 1]",29,40,0,508,1,1
RT,"[0, 1]",29,40,1,221,1,1
RT,"[0, 1]",29,40,2,413,1,1
RT,"[0, 1]",29,40,3,609,0,1
RT,"[0, 1]",29,40,4,607,0,1
RT,"[0, 1]",29,40,5,805,0,0
RT,"[0, 1]",29,40,6,403,1,0
RT,"[0, 1]",29,40,7,633,0,1
RT,"[0, 1]",29,40,8,130,1,1
RT,"[0, 1]",29,40,9,796,0,0
RT,"[0, 1]",29,40,10,797,0,0
RT,"[0, 1]",29,40,11,546,0,1
RT,"[0, 1]",29,40,12,67,1,0
RT,"[0, 1]",29,40,13,1028,0,0
RT,"[0, 1]",29,40,14,311,1,1
RT,"[0, 1]",29,40,15,725,0,1
RT,"[0, 1]",29,40,16,955,0,0
RT,"[0, 1]",29,40,17,128,1,1
RT,"[0, 1]",29,40,18,688,0,1
RT,"[0, 1]",29,40,19,665,0,1
RT,"[0, 1]",30,40,0,257,1,0
RT,"[0, 1]",30,40,1,383,1,1
RT,"[0, 1]",30,40,2,284,1,1
RT,"[0, 1]",30,40,3,1000,0,0
RT,"[0, 1]",30,40,4,709,0,0
RT,"[0, 1]",30,40,5,922,0,1
RT,"[0, 1]",30,40,6,291,1,0
RT,"[0, 1]",30,40,7,860,0,1
RT,"[0, 1]",30,40,8,923,0,1
RT,"[0, 1]",30,40,9,506,1,0
RT,"[0, 1]",30,40,10,544,0,1
RT,"[0, 1]",30,40,11,954,0,0
RT,"[0, 1]",30,40,12,297,1,1
RT,"[0, 1]",30,40,13,836,0,0
RT,"[0, 1]",30,40,14,211,1,1
RT,"[0, 1]",30,40,15,1053,0,0
RT,"[0, 1]",30,40,16,463,1,1
RT,"[0, 1]",30,40,17,776,0,0
RT,"[0, 1]",30,40,18,636,0,1
RT,"[0, 1]",30,40,19,328,1,0
RT,"[0, 1]",31,40,0,293,1,0
RT,"[0, 1]",31,40,1,419,1,1
RT,"[0, 1]",31,40,2,343,1,1
RT,"[0, 1]",31,40,3,7,1,1
RT,"[0, 1]",31,40,4,728,0,1
RT,"[0, 1]",31,40,5,614,0,1
RT,"[0, 1]",31,40,6,370,1,1
RT,"[0, 1]",31,40,7,261,1,1
RT,"[0, 1]",31,40,8,476,1,0
RT,"[0, 1]",31,40,9,452,1,0
RT,"[0, 1]",31,40,10,850,0,0
RT,"[0, 1]",31,40,11,1055,0,1
RT,"[0, 1]",31,40,12,813,0,1
RT,"[0, 1]",31,40,13,450,1,1
RT,"[0, 1]",31,40,14,534,0,0
RT,"[0, 1]",31,40,15,149,1,0
RT,"[0, 1]",31,40,16,536,0,1
RT,"[0, 1]",31,40,17,215,1,0
RT,"[0, 1]",31,40,18,1005,0,1
RT,"[0, 1]",31,40,19,529,1,1
RT,"[0, 1]",32,40,0,112,1,0
RT,"[0, 1]",32,40,1,270,1,1
RT,"[0, 1]",32,40,2,140,1,1
RT,"[0, 1]",32,40,3,152,1,1
RT,"[0, 1]",32,40,4,960,0,1
RT,"[0, 1]",32,40,5,186,1,0
RT,"[0, 1]",32,40,6,639,0,0
RT,"[0, 1]",32,40,7,664,0,1
RT,"[0, 1]",32,40,8,680,0,1
RT,"[0, 1]",32,40,9,421,1,0
RT,"[0, 1]",32,40,10,365,1,1
RT,"[0, 1]",32,40,11,642,0,0
RT,"[0, 1]",32,40,12,647,0,1
RT,"[0, 1]",32,40,13,704,0,0
RT,"[0, 1]",32,40,14,269,1,0
RT,"[0, 1]",32,40,15,797,0,0
RT,"[0, 1]",32,40,16,286,1,1
RT,"[0, 1]",32,40,17,36,1,0
RT,"[0, 1]",32,40,18,99,1,0
RT,"[0, 1]",32,40,19,190,1,1
RT,"[0, 1]",33,40,0,186,1,0
RT,"[0, 1]",33,40,1,303,1,0
RT,"[0, 1]",33,40,2,424,1,1
RT,"[0, 1]",33,40,3,499,1,1
RT,"[0, 1]",33,40,4,949,0,1
RT,"[0, 1]",33,40,5,583,0,0
RT,"[0, 1]",33,40,6,890,0,0
RT,"[0, 1]",33,40,7,773,0,1
RT,"[0, 1]",33,40,8,216,1,0
RT,"[0, 1]",33,40,9,518,1,1
RT,"[0, 1]",33,40,10,396,1,1
RT,"[0, 1]",33,40,11,1005,0,1
RT,"[0, 1]",33,40,12,939,0,1
RT,"[0, 1]",33,40,13,219,1,0
RT,"[0, 1]",33,40,14,725,0,1
RT,"[0, 1]",33,40,15,788,0,0
RT,"[0, 1]",33,40,16,272,1,1
RT,"[0, 1]",33,40,17,736,0,0
RT,"[0, 1]",33,40,18,328,1,0
RT,"[0, 1]",33,40,19,8,1,1
RT,"[0, 1]",34,40,0,281,1,0
RT,"[0, 1]",34,40,1,161,1,1
RT,"[0, 1]",34,40,2,964,0,1
RT,"[0, 1]",34,40,3,284,1,1
RT,"[0, 1]",34,40,4,476,1,0
RT,"[0, 1]",34,40,5,344,1,1
RT,"[0, 1]",34,40,6,888,0,1
RT,"[0, 1]",34,40,7,787,0,0
RT,"[0, 1]",34,40,8,555,0,0
RT,"[0, 1]",34,40,9,878,0,0
RT,"[0, 1]",34,40,10,129,1,0
RT,"[0, 1]",34,40,11,115,1,0
RT,"[0, 1]",34,40,12,723,0,0
RT,"[0, 1]",34,40,13,210,1,1
RT,"[0, 1]",34,40,14,912,0,0
RT,"[0, 1]",34,40,15,384,1,1
RT,"[0, 1]",34,40,16,569,0,0
RT,"[0, 1]",34,40,17,1054,0,0
RT,"[0, 1]",34,40,18,380,1,1
RT,"[0, 1]",34,40,19,463,1,1
RT,"[0, 1]",35,40,0,456,1,0
RT,"[0, 1]",35,40,1,704,0,0
RT,"[0, 1]",35,40,2,324,1,0
RT,"[0, 1]",35,40,3,879,0,0
RT,"[0, 1]",35,40,4,630,0,0
RT,"[0, 1]",35,40,5,602,0,1
RT,"[0, 1]",35,40,6,881,0,1
RT,"[0, 1]",35,40,7,199,1,0
RT,"[0, 1]",35,40,8,241,1,1
RT,"[0, 1]",35,40,9,728,0,1
RT,"[0, 1]",35,40,10,274,1,0
RT,"[0, 1]",35,40,11,715,0,0
RT,"[0, 1]",35,40,12,922,0,1
RT,"[0, 1]",35,40,13,213,1,1
RT,"[0, 1]",35,40,14,790,0,0
RT,"[0, 1]",35,40,15,815,0,1
RT,"[0, 1]",35,40,16,309,1,1
RT,"[0, 1]",35,40,17,12,1,0
RT,"[0, 1]",35,40,18,320,1,1
RT,"[0, 1]",35,40,19,664,0,1
RT,"[0, 1]",36,40,0,558,0,0
RT,"[0, 1]",36,40,1,89,1,1
RT,"[0, 1]",36,40,2,196,1,1
RT,"[0, 1]",36,40,3,105,1,1
RT,"[0, 1]",36,40,4,795,0,0
RT,"[0, 1]",36,40,5,411,1,1
RT,"[0, 1]",36,40,6,408,1,1
RT,"[0, 1]",36,40,7,423,1,0
RT,"[0, 1]",36,40,8,60,1,1
RT,"[0, 1]",36,40,9,954,0,0
RT,"[0, 1]",36,40,10,563,0,0
RT,"[0, 1]",36,40,11,602,0,1
RT,"[0, 1]",36,40,12,664,0,1
RT,"[0, 1]",36,40,13,793,0,0
RT,"[0, 1]",36,40,14,276,1,0
RT,"[0, 1]",36,40,15,28,1,0
RT,"[0, 1]",36,40,16,606,0,0
RT,"[0, 1]",36,40,17,31,1,0
RT,"[0, 1]",36,40,18,939,0,1
RT,"[0, 1]",36,40,19,13,1,1
RT,"[0, 1]",37,40,0,506,1,0
RT,"[0, 1]",37,40,1,1038,0,0
RT,"[0, 1]",37,40,2,547,0,0
RT,"[0, 1]",37,40,3,64,1,1
RT,"[0, 1]",37,40,4,939,0,1
RT,"[0, 1]",37,40,5,647,0,1
RT,"[0, 1]",37,40,6,67,1,0
RT,"[0, 1]",37,40,7,68,1,1
RT,"[0, 1]",37,40,8,815,0,1
RT,"[0, 1]",37,40,9,90,1,1
RT,"[0, 1]",37,40,10,186,1,0
RT,"[0, 1]",37,40,11,212,1,1
RT,"[0, 1]",37,40,12,859,0,0
RT,"[0, 1]",37,40,13,149,1,0
RT,"[0, 1]",37,40,14,556,0,1
RT,"[0, 1]",37,40,15,423,1,0
RT,"[0, 1]",37,40,16,199,1,0
RT,"[0, 1]",37,40,17,511,1,1
RT,"[0, 1]",37,40,18,989,0,1
RT,"[0, 1]",37,40,19,680,0,1
RT,"[0, 1]",38,40,0,680,0,1
RT,"[0, 1]",38,40,1,860,0,1
RT,"[0, 1]",38,40,2,732,0,1
RT,"[0, 1]",38,40,3,1027,0,0
RT,"[0, 1]",38,40,4,205,1,1
RT,"[0, 1]",38,40,5,728,0,1
RT,"[0, 1]",38,40,6,815,0,1
RT,"[0, 1]",38,40,7,670,0,0
RT,"[0, 1]",38,40,8,94,1,1
RT,"[0, 1]",38,40,9,269,1,0
RT,"[0, 1]",38,40,10,602,0,1
RT,"[0, 1]",38,40,11,801,0,0
RT,"[0, 1]",38,40,12,305,1,0
RT,"[0, 1]",38,40,13,715,0,0
RT,"[0, 1]",38,40,14,277,1,1
RT,"[0, 1]",38,40,15,966,0,0
RT,"[0, 1]",38,40,16,989,0,1
RT,"[0, 1]",38,40,17,286,1,1
RT,"[0, 1]",38,40,18,452,1,0
RT,"[0, 1]",38,40,19,370,1,1
RT,"[0, 1]",39,40,0,703,0,0
RT,"[0, 1]",39,40,1,593,0,0
RT,"[0, 1]",39,40,2,116,1,0
RT,"[0, 1]",39,40,3,453,1,0
RT,"[0, 1]",39,40,4,742,0,0
RT,"[0, 1]",39,40,5,602,0,1
RT,"[0, 1]",39,40,6,425,1,1
RT,"[0, 1]",39,40,7,837,0,1
RT,"[0, 1]",39,40,8,501,1,0
RT,"[0, 1]",39,40,9,1050,0,0
RT,"[0, 1]",39,40,10,762,0,0
RT,"[0, 1]",39,40,11,636,0,1
RT,"[0, 1]",39,40,12,688,0,1
RT,"[0, 1]",39,40,13,535,0,1
RT,"[0, 1]",39,40,14,256,1,0
RT,"[0, 1]",39,40,15,955,0,0
RT,"[0, 1]",39,40,16,260,1,1
RT,"[0, 1]",39,40,17,276,1,0
RT,"[0, 1]",39,40,18,898,0,0
RT,"[0, 1]",39,40,19,199,1,0
RT,"[0, 1]",40,40,0,357,1,1
RT,"[0, 1]",40,40,1,881,0,1
RT,"[0, 1]",40,40,2,462,1,1
RT,"[0, 1]",40,40,3,789,0,0
RT,"[0, 1]",40,40,4,971,0,0
RT,"[0, 1]",40,40,5,990,0,1
RT,"[0, 1]",40,40,6,164,1,1
RT,"[0, 1]",40,40,7,546,0,1
RT,"[0, 1]",40,40,8,207,1,1
RT,"[0, 1]",40,40,9,758,0,0
RT,"[0, 1]",40,40,10,108,1,1
RT,"[0, 1]",40,40,11,151,1,1
RT,"[0, 1]",40,40,12,943,0,0
RT,"[0, 1]",40,40,13,257,1,0
RT,"[0, 1]",40,40,14,1039,0,0
RT,"[0, 1]",40,40,15,103,1,1
RT,"[0, 1]",40,40,16,142,1,1
RT,"[0, 1]",40,40,17,149,1,0
RT,"[0, 1]",40,40,18,119,1,1
RT,"[0, 1]",40,40,19,269,1,0
RT,"[0, 1]",41,40,0,220,1,1
RT,"[0, 1]",41,40,1,830,0,0
RT,"[0, 1]",41,40,2,712,0,0
RT,"[0, 1]",41,40,3,494,1,0
RT,"[0, 1]",41,40,4,2,1,0
RT,"[0, 1]",41,40,5,67,1,0
RT,"[0, 1]",41,40,6,178,1,0
RT,"[0, 1]",41,40,7,483,1,1
RT,"[0, 1]",41,40,8,934,0,1
RT,"[0, 1]",41,40,9,432,1,0
RT,"[0, 1]",41,40,10,112,1,0
RT,"[0, 1]",41,40,11,846,0,1
RT,"[0, 1]",41,40,12,308,1,1
RT,"[0, 1]",41,40,13,1045,0,0
RT,"[0, 1]",41,40,14,431,1,1
RT,"[0, 1]",41,40,15,677,0,0
RT,"[0, 1]",41,40,16,611,0,1
RT,"[0, 1]",41,40,17,279,1,0
RT,"[0, 1]",41,40,18,630,0,0
RT,"[0, 1]",41,40,19,99,1,0
RT,"[0, 1]",42,40,0,997,0,1
RT,"[0, 1]",42,40,1,416,1,1
RT,"[0, 1]",42,40,2,956,0,0
RT,"[0, 1]",42,40,3,257,1,0
RT,"[0, 1]",42,40,4,299,1,1
RT,"[0, 1]",42,40,5,452,1,0
RT,"[0, 1]",42,40,6,28,1,0
RT,"[0, 1]",42,40,7,995,0,0
RT,"[0, 1]",42,40,8,305,1,0
RT,"[0, 1]",42,40,9,360,1,1
RT,"[0, 1]",42,40,10,923,0,1
RT,"[0, 1]",42,40,11,633,0,1
RT,"[0, 1]",42,40,12,187,1,1
RT,"[0, 1]",42,40,13,990,0,1
RT,"[0, 1]",42,40,14,688,0,1
RT,"[0, 1]",42,40,15,67,1,0
RT,"[0, 1]",42,40,16,272,1,1
RT,"[0, 1]",42,40,17,811,0,0
RT,"[0, 1]",42,40,18,242,1,1
RT,"[0, 1]",42,40,19,276,1,0
RT,"[0, 1]",43,40,0,28,1,0
RT,"[0, 1]",43,40,1,357,1,1
RT,"[0, 1]",43,40,2,526,1,1
RT,"[0, 1]",43,40,3,112,1,0
RT,"[0, 1]",43,40,4,778,0,0
RT,"[0, 1]",43,40,5,134,1,1
RT,"[0, 1]",43,40,6,99,1,0
RT,"[0, 1]",43,40,7,680,0,1
RT,"[0, 1]",43,40,8,250,1,0
RT,"[0, 1]",43,40,9,707,0,0
RT,"[0, 1]",43,40,10,963,0,0
RT,"[0, 1]",43,40,11,324,1,0
RT,"[0, 1]",43,40,12,907,0,0
RT,"[0, 1]",43,40,13,841,0,1
RT,"[0, 1]",43,40,14,857,0,0
RT,"[0, 1]",43,40,15,186,1,0
RT,"[0, 1]",43,40,16,430,1,0
RT,"[0, 1]",43,40,17,1055,0,1
RT,"[0, 1]",43,40,18,625,0,0
RT,"[0, 1]",43,40,19,550,0,0
RT,"[0, 1]",44,40,0,696,0,0
RT,"[0, 1]",44,40,1,1021,0,0
RT,"[0, 1]",44,40,2,794,0,0
RT,"[0, 1]",44,40,3,1041,0,1
RT,"[0, 1]",44,40,4,205,1,1
RT,"[0, 1]",44,40,5,502,1,1
RT,"[0, 1]",44,40,6,14,1,0
RT,"[0, 1]",44,40,7,167,1,0
RT,"[0, 1]",44,40,8,224,1,0
RT,"[0, 1]",44,40,9,950,0,0
RT,"[0, 1]",44,40,10,279,1,0
RT,"[0, 1]",44,40,11,792,0,1
RT,"[0, 1]",44,40,12,250,1,0
RT,"[0, 1]",44,40,13,391,1,1
RT,"[0, 1]",44,40,14,725,0,1
RT,"[0, 1]",44,40,15,610,0,0
RT,"[0, 1]",44,40,16,245,1,1
RT,"[0, 1]",44,40,17,403,1,0
RT,"[0, 1]",44,40,18,422,1,1
RT,"[0, 1]",44,40,19,340,1,0
RT,"[0, 1]",45,40,0,1028,0,0
RT,"[0, 1]",45,40,1,340,1,0
RT,"[0, 1]",45,40,2,404,1,1
RT,"[0, 1]",45,40,3,219,1,0
RT,"[0, 1]",45,40,4,452,1,0
RT,"[0, 1]",45,40,5,316,1,1
RT,"[0, 1]",45,40,6,709,0,0
RT,"[0, 1]",45,40,7,95,1,1
RT,"[0, 1]",45,40,8,293,1,0
RT,"[0, 1]",45,40,9,212,1,1
RT,"[0, 1]",45,40,10,246,1,1
RT,"[0, 1]",45,40,11,995,0,0
RT,"[0, 1]",45,40,12,410,1,1
RT,"[0, 1]",45,40,13,997,0,1
RT,"[0, 1]",45,40,14,1041,0,1
RT,"[0, 1]",45,40,15,285,1,0
RT,"[0, 1]",45,40,16,939,0,1
RT,"[0, 1]",45,40,17,678,0,0
RT,"[0, 1]",45,40,18,663,0,0
RT,"[0, 1]",45,40,19,1004,0,1
RT,"[0, 1]",46,40,0,512,1,0
RT,"[0, 1]",46,40,1,88,1,1
RT,"[0, 1]",46,40,2,1026,0,1
RT,"[0, 1]",46,40,3,1059,0,0
RT,"[0, 1]",46,40,4,414,1,1
RT,"[0, 1]",46,40,5,71,1,1
RT,"[0, 1]",46,40,6,1005,0,1
RT,"[0, 1]",46,40,7,697,0,1
RT,"[0, 1]",46,40,8,939,0,1
RT,"[0, 1]",46,40,9,28,1,0
RT,"[0, 1]",46,40,10,400,1,1
RT,"[0, 1]",46,40,11,829,0,0
RT,"[0, 1]",46,40,12,501,1,0
RT,"[0, 1]",46,40,13,622,0,0
RT,"[0, 1]",46,40,14,35,1,1
RT,"[0, 1]",46,40,15,757,0,0
RT,"[0, 1]",46,40,16,584,0,0
RT,"[0, 1]",46,40,17,656,0,0
RT,"[0, 1]",46,40,18,949,0,1
RT,"[0, 1]",46,40,19,688,0,1
RT,"[0, 1]",47,40,0,855,0,1
RT,"[0, 1]",47,40,1,274,1,0
RT,"[0, 1]",47,40,2,773,0,1
RT,"[0, 1]",47,40,3,14,1,0
RT,"[0, 1]",47,40,4,634,0,0
RT,"[0, 1]",47,40,5,472,1,1
RT,"[0, 1]",47,40,6,964,0,1
RT,"[0, 1]",47,40,7,1005,0,1
RT,"[0, 1]",47,40,8,407,1,1
RT,"[0, 1]",47,40,9,856,0,1
RT,"[0, 1]",47,40,10,751,0,0
RT,"[0, 1]",47,40,11,903,0,0
RT,"[0, 1]",47,40,12,420,1,1
RT,"[0, 1]",47,40,13,276,1,0
RT,"[0, 1]",47,40,14,284,1,1
RT,"[0, 1]",47,40,15,470,1,0
RT,"[0, 1]",47,40,16,607,0,1
RT,"[0, 1]",47,40,17,882,0,0
RT,"[0, 1]",47,40,18,250,1,0
RT,"[0, 1]",47,40,19,178,1,0
RT,"[0, 1]",48,40,0,283,1,1
RT,"[0, 1]",48,40,1,870,0,1
RT,"[0, 1]",48,40,2,808,0,0
RT,"[0, 1]",48,40,3,920,0,0
RT,"[0, 1]",48,40,4,309,1,1
RT,"[0, 1]",48,40,5,2,1,0
RT,"[0, 1]",48,40,6,117,1,0
RT,"[0, 1]",48,40,7,476,1,0
RT,"[0, 1]",48,40,8,1058,0,1
RT,"[0, 1]",48,40,9,587,0,0
RT,"[0, 1]",48,40,10,478,1,1
RT,"[0, 1]",48,40,11,501,1,0
RT,"[0, 1]",48,40,12,1055,0,1
RT,"[0, 1]",48,40,13,1032,0,0
RT,"[0, 1]",48,40,14,531,1,1
RT,"[0, 1]",48,40,15,959,0,0
RT,"[0, 1]",48,40,16,718,0,0
RT,"[0, 1]",48,40,17,544,0,1
RT,"[0, 1]",48,40,18,771,0,0
RT,"[0, 1]",48,40,19,691,0,1
RT,"[0, 1]",49,40,0,458,1,1
RT,"[0, 1]",49,40,1,328,1,0
RT,"[0, 1]",49,40,2,999,0,0
RT,"[0, 1]",49,40,3,453,1,0
RT,"[0, 1]",49,40,4,498,1,1
RT,"[0, 1]",49,40,5,1019,0,1
RT,"[0, 1]",49,40,6,510,1,1
RT,"[0, 1]",49,40,7,732,0,1
RT,"[0, 1]",49,40,8,48,1,1
RT,"[0, 1]",49,40,9,269,1,0
RT,"[0, 1]",49,40,10,456,1,0
RT,"[0, 1]",49,40,11,302,1,1
RT,"[0, 1]",49,40,12,257,1,0
RT,"[0, 1]",49,40,13,448,1,1
RT,"[0, 1]",49,40,14,856,0,1
RT,"[0, 1]",49,40,15,661,0,0
RT,"[0, 1]",49,40,16,430,1,0
RT,"[0, 1]",49,40,17,814,0,1
RT,"[0, 1]",49,40,18,664,0,1
RT,"[0, 1]",49,40,19,389,1,1
